2026-02-18T10:18:37.584+08:00  WARN 29704 --- [yanshi-backend] [HikariPool-1 housekeeper] com.zaxxer.hikari.pool.HikariPool        : HikariPool-1 - Thread starvation or clock leap detected (housekeeper delta=9h5m31s213ms906µs200ns).
2026-02-18T16:33:36.051+08:00  INFO 29704 --- [yanshi-backend] [SpringApplicationShutdownHook] com.zaxxer.hikari.HikariDataSource       : HikariPool-1 - Shutdown initiated...
2026-02-18T16:33:36.052+08:00  INFO 29704 --- [yanshi-backend] [SpringApplicationShutdownHook] com.zaxxer.hikari.HikariDataSource       : HikariPool-1 - Shutdown completed.
2026-02-18T16:33:37.910+08:00  INFO 10500 --- [yanshi-backend] [main] com.yanshi.YanshiBackendApplication      : Starting YanshiBackendApplication using Java 17.0.1 with PID 10500 (D:\doc\develop\yanshi\backend\target\classes started by Lin in D:\doc\develop\yanshi\backend)
2026-02-18T16:33:37.911+08:00  INFO 10500 --- [yanshi-backend] [main] com.yanshi.YanshiBackendApplication      : No active profile set, falling back to 1 default profile: "default"
2026-02-18T16:33:38.627+08:00  INFO 10500 --- [yanshi-backend] [main] o.s.b.w.embedded.tomcat.TomcatWebServer  : Tomcat initialized with port 8080 (http)
2026-02-18T16:33:38.633+08:00  INFO 10500 --- [yanshi-backend] [main] o.apache.catalina.core.StandardService   : Starting service [Tomcat]
2026-02-18T16:33:38.634+08:00  INFO 10500 --- [yanshi-backend] [main] o.apache.catalina.core.StandardEngine    : Starting Servlet engine: [Apache Tomcat/10.1.18]
2026-02-18T16:33:38.679+08:00  INFO 10500 --- [yanshi-backend] [main] o.a.c.c.C.[Tomcat].[localhost].[/api]    : Initializing Spring embedded WebApplicationContext
2026-02-18T16:33:38.680+08:00  INFO 10500 --- [yanshi-backend] [main] w.s.c.ServletWebServerApplicationContext : Root WebApplicationContext: initialization completed in 742 ms
2026-02-18T16:33:39.248+08:00  INFO 10500 --- [yanshi-backend] [main] o.s.b.w.embedded.tomcat.TomcatWebServer  : Tomcat started on port 8080 (http) with context path '/api'
2026-02-18T16:33:39.254+08:00  INFO 10500 --- [yanshi-backend] [main] com.yanshi.YanshiBackendApplication      : Started YanshiBackendApplication in 1.638 seconds (process running for 2.035)
2026-02-18T16:34:37.591+08:00  INFO 10500 --- [yanshi-backend] [http-nio-8080-exec-6] o.a.c.c.C.[Tomcat].[localhost].[/api]    : Initializing Spring DispatcherServlet 'dispatcherServlet'
2026-02-18T16:34:37.591+08:00  INFO 10500 --- [yanshi-backend] [http-nio-8080-exec-6] o.s.web.servlet.DispatcherServlet        : Initializing Servlet 'dispatcherServlet'
2026-02-18T16:34:37.592+08:00  INFO 10500 --- [yanshi-backend] [http-nio-8080-exec-6] o.s.web.servlet.DispatcherServlet        : Completed initialization in 1 ms
2026-02-18T16:34:37.611+08:00  INFO 10500 --- [yanshi-backend] [http-nio-8080-exec-6] c.yanshi.controller.ArticleController    : 获取最新文章: limit=5
2026-02-18T16:34:37.612+08:00  INFO 10500 --- [yanshi-backend] [http-nio-8080-exec-1] c.yanshi.controller.ArticleController    : 查询文章列表: com.yanshi.dto.ArticleQueryDTO@3bc552e3
2026-02-18T16:34:37.643+08:00  INFO 10500 --- [yanshi-backend] [http-nio-8080-exec-6] com.zaxxer.hikari.HikariDataSource       : HikariPool-1 - Starting...
2026-02-18T16:34:37.721+08:00  INFO 10500 --- [yanshi-backend] [http-nio-8080-exec-6] com.zaxxer.hikari.pool.HikariPool        : HikariPool-1 - Added connection com.mysql.cj.jdbc.ConnectionImpl@5ecd4d34
2026-02-18T16:34:37.722+08:00  INFO 10500 --- [yanshi-backend] [http-nio-8080-exec-6] com.zaxxer.hikari.HikariDataSource       : HikariPool-1 - Start completed.
2026-02-18T16:34:47.659+08:00  INFO 10500 --- [yanshi-backend] [http-nio-8080-exec-10] c.yanshi.controller.ArticleController    : 查询文章列表: com.yanshi.dto.ArticleQueryDTO@6043811f
2026-02-18T16:34:49.244+08:00  INFO 10500 --- [yanshi-backend] [http-nio-8080-exec-4] c.yanshi.controller.ArticleController    : 查询文章列表: com.yanshi.dto.ArticleQueryDTO@42958b4a
2026-02-18T16:34:51.227+08:00  INFO 10500 --- [yanshi-backend] [http-nio-8080-exec-5] c.yanshi.controller.ArticleController    : 查询文章列表: com.yanshi.dto.ArticleQueryDTO@65e15281
2026-02-18T16:34:52.311+08:00  INFO 10500 --- [yanshi-backend] [http-nio-8080-exec-2] c.yanshi.controller.ArticleController    : 查询文章详情: id=498
2026-02-18T16:35:10.520+08:00  INFO 10500 --- [yanshi-backend] [http-nio-8080-exec-7] c.yanshi.controller.ArticleController    : 查询文章列表: com.yanshi.dto.ArticleQueryDTO@6e8f24ed
2026-02-18T16:35:10.520+08:00  INFO 10500 --- [yanshi-backend] [http-nio-8080-exec-8] c.yanshi.controller.ArticleController    : 获取最新文章: limit=5
2026-02-18T16:35:15.167+08:00  INFO 10500 --- [yanshi-backend] [http-nio-8080-exec-9] c.yanshi.controller.ArticleController    : 查询文章列表: com.yanshi.dto.ArticleQueryDTO@9027069
2026-02-18T16:35:17.454+08:00  INFO 10500 --- [yanshi-backend] [http-nio-8080-exec-3] c.yanshi.controller.ArticleController    : 查询文章列表: com.yanshi.dto.ArticleQueryDTO@5c4d8c70
2026-02-18T16:35:18.091+08:00  INFO 10500 --- [yanshi-backend] [http-nio-8080-exec-1] c.yanshi.controller.ArticleController    : 查询文章列表: com.yanshi.dto.ArticleQueryDTO@5acfe229
2026-02-18T16:35:18.825+08:00  INFO 10500 --- [yanshi-backend] [http-nio-8080-exec-6] c.yanshi.controller.ArticleController    : 查询文章列表: com.yanshi.dto.ArticleQueryDTO@7f0fb2c
2026-02-18T16:35:19.005+08:00  INFO 10500 --- [yanshi-backend] [http-nio-8080-exec-10] c.yanshi.controller.ArticleController    : 查询文章列表: com.yanshi.dto.ArticleQueryDTO@538e5ecd
2026-02-18T16:35:21.218+08:00  INFO 10500 --- [yanshi-backend] [http-nio-8080-exec-4] c.yanshi.controller.ArticleController    : 查询文章列表: com.yanshi.dto.ArticleQueryDTO@634e726f
2026-02-18T16:35:21.389+08:00  INFO 10500 --- [yanshi-backend] [http-nio-8080-exec-5] c.yanshi.controller.ArticleController    : 查询文章列表: com.yanshi.dto.ArticleQueryDTO@450190ee
2026-02-18T16:35:21.859+08:00  INFO 10500 --- [yanshi-backend] [http-nio-8080-exec-2] c.yanshi.controller.ArticleController    : 查询文章列表: com.yanshi.dto.ArticleQueryDTO@19b5aa68
2026-02-18T16:35:22.031+08:00  INFO 10500 --- [yanshi-backend] [http-nio-8080-exec-8] c.yanshi.controller.ArticleController    : 查询文章列表: com.yanshi.dto.ArticleQueryDTO@393ecd3b
2026-02-18T16:35:22.219+08:00  INFO 10500 --- [yanshi-backend] [http-nio-8080-exec-7] c.yanshi.controller.ArticleController    : 查询文章列表: com.yanshi.dto.ArticleQueryDTO@364a2df8
2026-02-18T16:35:23.985+08:00  INFO 10500 --- [yanshi-backend] [http-nio-8080-exec-9] c.yanshi.controller.ArticleController    : 查询文章列表: com.yanshi.dto.ArticleQueryDTO@365dfb6b
2026-02-18T16:35:24.146+08:00  INFO 10500 --- [yanshi-backend] [http-nio-8080-exec-3] c.yanshi.controller.ArticleController    : 查询文章列表: com.yanshi.dto.ArticleQueryDTO@5b9a4edf
2026-02-18T16:35:24.535+08:00  INFO 10500 --- [yanshi-backend] [http-nio-8080-exec-1] c.yanshi.controller.ArticleController    : 查询文章列表: com.yanshi.dto.ArticleQueryDTO@5b7a44fc
2026-02-18T16:35:25.213+08:00  INFO 10500 --- [yanshi-backend] [http-nio-8080-exec-6] c.yanshi.controller.ArticleController    : 查询文章列表: com.yanshi.dto.ArticleQueryDTO@49f4e603
2026-02-18T16:35:28.150+08:00  INFO 10500 --- [yanshi-backend] [http-nio-8080-exec-10] c.yanshi.controller.ArticleController    : 查询文章列表: com.yanshi.dto.ArticleQueryDTO@6e4fc11a
2026-02-18T16:35:30.432+08:00  INFO 10500 --- [yanshi-backend] [http-nio-8080-exec-4] c.yanshi.controller.ArticleController    : 查询文章列表: com.yanshi.dto.ArticleQueryDTO@7d8d52d1
2026-02-18T16:35:30.867+08:00  INFO 10500 --- [yanshi-backend] [http-nio-8080-exec-5] c.yanshi.controller.ArticleController    : 查询文章列表: com.yanshi.dto.ArticleQueryDTO@260f6fd1
2026-02-18T16:35:32.963+08:00  INFO 10500 --- [yanshi-backend] [http-nio-8080-exec-2] c.yanshi.controller.ArticleController    : 查询文章列表: com.yanshi.dto.ArticleQueryDTO@4335b852
2026-02-18T16:35:33.115+08:00  INFO 10500 --- [yanshi-backend] [http-nio-8080-exec-8] c.yanshi.controller.ArticleController    : 查询文章列表: com.yanshi.dto.ArticleQueryDTO@d39ac1e
2026-02-18T16:35:35.040+08:00  INFO 10500 --- [yanshi-backend] [http-nio-8080-exec-7] c.yanshi.controller.ArticleController    : 查询文章列表: com.yanshi.dto.ArticleQueryDTO@2698e206
2026-02-18T16:35:35.194+08:00  INFO 10500 --- [yanshi-backend] [http-nio-8080-exec-9] c.yanshi.controller.ArticleController    : 查询文章列表: com.yanshi.dto.ArticleQueryDTO@26ec138f
2026-02-18T16:35:37.624+08:00  INFO 10500 --- [yanshi-backend] [http-nio-8080-exec-1] c.yanshi.controller.ArticleController    : 查询文章列表: com.yanshi.dto.ArticleQueryDTO@10eb6d30
2026-02-18T16:35:38.263+08:00  INFO 10500 --- [yanshi-backend] [http-nio-8080-exec-6] c.yanshi.controller.ArticleController    : 查询文章列表: com.yanshi.dto.ArticleQueryDTO@32184259
2026-02-18T16:35:45.365+08:00  INFO 10500 --- [yanshi-backend] [http-nio-8080-exec-10] c.yanshi.controller.ArticleController    : 查询文章列表: com.yanshi.dto.ArticleQueryDTO@5c92512b
2026-02-18T16:35:49.015+08:00  INFO 10500 --- [yanshi-backend] [http-nio-8080-exec-4] c.y.controller.KnowledgePointController  : 获取顶级知识点
2026-02-18T16:35:49.015+08:00  INFO 10500 --- [yanshi-backend] [http-nio-8080-exec-5] c.y.controller.KnowledgePointController  : 获取所有知识点
2026-02-18T16:36:13.593+08:00  INFO 10500 --- [yanshi-backend] [http-nio-8080-exec-8] c.yanshi.controller.ArticleController    : 获取最新文章: limit=5
2026-02-18T16:36:13.593+08:00  INFO 10500 --- [yanshi-backend] [http-nio-8080-exec-2] c.yanshi.controller.ArticleController    : 查询文章列表: com.yanshi.dto.ArticleQueryDTO@5e16a996
2026-02-18T16:36:17.580+08:00  INFO 10500 --- [yanshi-backend] [http-nio-8080-exec-7] c.y.controller.KnowledgePointController  : 获取所有知识点
2026-02-18T16:36:17.580+08:00  INFO 10500 --- [yanshi-backend] [http-nio-8080-exec-9] c.y.controller.KnowledgePointController  : 获取顶级知识点
2026-02-18T16:36:21.474+08:00  INFO 10500 --- [yanshi-backend] [http-nio-8080-exec-3] c.y.controller.KnowledgePointController  : 根据分类查询知识点: category=经济
2026-02-18T16:36:22.026+08:00  INFO 10500 --- [yanshi-backend] [http-nio-8080-exec-1] c.y.controller.KnowledgePointController  : 获取所有知识点
2026-02-18T16:36:22.875+08:00  INFO 10500 --- [yanshi-backend] [http-nio-8080-exec-6] c.y.controller.KnowledgePointController  : 获取所有知识点
2026-02-18T16:36:23.056+08:00  INFO 10500 --- [yanshi-backend] [http-nio-8080-exec-10] c.y.controller.KnowledgePointController  : 获取所有知识点
2026-02-18T16:36:28.373+08:00  INFO 10500 --- [yanshi-backend] [http-nio-8080-exec-5] c.yanshi.controller.ArticleController    : 查询文章列表: com.yanshi.dto.ArticleQueryDTO@49fa9b74
2026-02-18T16:36:28.373+08:00  INFO 10500 --- [yanshi-backend] [http-nio-8080-exec-4] c.yanshi.controller.ArticleController    : 获取最新文章: limit=5
2026-02-18T16:36:38.116+08:00  INFO 10500 --- [yanshi-backend] [http-nio-8080-exec-2] c.yanshi.controller.ArticleController    : 查询文章详情: id=499
2026-02-18T16:36:49.379+08:00  INFO 10500 --- [yanshi-backend] [http-nio-8080-exec-9] c.yanshi.controller.ArticleController    : 获取最新文章: limit=5
2026-02-18T16:36:49.379+08:00  INFO 10500 --- [yanshi-backend] [http-nio-8080-exec-8] c.yanshi.controller.ArticleController    : 查询文章列表: com.yanshi.dto.ArticleQueryDTO@1b301278
2026-02-18T16:38:06.137+08:00  INFO 10500 --- [yanshi-backend] [http-nio-8080-exec-7] c.yanshi.controller.ArticleController    : 查询文章列表: com.yanshi.dto.ArticleQueryDTO@111e09f3
2026-02-18T16:38:09.393+08:00  INFO 10500 --- [yanshi-backend] [http-nio-8080-exec-3] c.y.controller.KnowledgePointController  : 获取所有知识点
2026-02-18T16:38:09.393+08:00  INFO 10500 --- [yanshi-backend] [http-nio-8080-exec-1] c.y.controller.KnowledgePointController  : 获取顶级知识点
2026-02-18T16:38:10.339+08:00  INFO 10500 --- [yanshi-backend] [http-nio-8080-exec-10] c.yanshi.controller.ArticleController    : 获取最新文章: limit=5
2026-02-18T16:38:10.339+08:00  INFO 10500 --- [yanshi-backend] [http-nio-8080-exec-6] c.yanshi.controller.ArticleController    : 查询文章列表: com.yanshi.dto.ArticleQueryDTO@51e914b
2026-02-18T16:43:41.543+08:00  INFO 10500 --- [yanshi-backend] [http-nio-8080-exec-5] c.yanshi.controller.ArticleController    : 查询文章列表: com.yanshi.dto.ArticleQueryDTO@5fad75b7
2026-02-18T16:43:42.576+08:00  INFO 10500 --- [yanshi-backend] [http-nio-8080-exec-4] c.yanshi.controller.ArticleController    : 查询文章列表: com.yanshi.dto.ArticleQueryDTO@4a5dd74c
2026-02-18T16:43:42.871+08:00  INFO 10500 --- [yanshi-backend] [http-nio-8080-exec-2] c.yanshi.controller.ArticleController    : 查询文章列表: com.yanshi.dto.ArticleQueryDTO@608073b6
2026-02-18T16:43:43.587+08:00  INFO 10500 --- [yanshi-backend] [http-nio-8080-exec-9] c.yanshi.controller.ArticleController    : 查询文章列表: com.yanshi.dto.ArticleQueryDTO@74c931a2
2026-02-18T16:43:43.731+08:00  INFO 10500 --- [yanshi-backend] [http-nio-8080-exec-8] c.yanshi.controller.ArticleController    : 查询文章列表: com.yanshi.dto.ArticleQueryDTO@1794b5fc
2026-02-18T16:43:43.876+08:00  INFO 10500 --- [yanshi-backend] [http-nio-8080-exec-7] c.yanshi.controller.ArticleController    : 查询文章列表: com.yanshi.dto.ArticleQueryDTO@422fb4a
2026-02-18T16:43:44.062+08:00  INFO 10500 --- [yanshi-backend] [http-nio-8080-exec-1] c.yanshi.controller.ArticleController    : 查询文章列表: com.yanshi.dto.ArticleQueryDTO@7583340d
2026-02-18T16:43:44.229+08:00  INFO 10500 --- [yanshi-backend] [http-nio-8080-exec-3] c.yanshi.controller.ArticleController    : 查询文章列表: com.yanshi.dto.ArticleQueryDTO@2f1c008d
2026-02-18T16:43:44.393+08:00  INFO 10500 --- [yanshi-backend] [http-nio-8080-exec-6] c.yanshi.controller.ArticleController    : 查询文章列表: com.yanshi.dto.ArticleQueryDTO@4b160742
2026-02-18T16:43:46.377+08:00  INFO 10500 --- [yanshi-backend] [http-nio-8080-exec-10] c.yanshi.controller.ArticleController    : 查询文章列表: com.yanshi.dto.ArticleQueryDTO@71e489c0
2026-02-18T16:43:46.533+08:00  INFO 10500 --- [yanshi-backend] [http-nio-8080-exec-5] c.yanshi.controller.ArticleController    : 查询文章列表: com.yanshi.dto.ArticleQueryDTO@41241f97
2026-02-18T16:43:46.840+08:00  INFO 10500 --- [yanshi-backend] [http-nio-8080-exec-4] c.yanshi.controller.ArticleController    : 查询文章列表: com.yanshi.dto.ArticleQueryDTO@66971ba5
2026-02-18T16:45:34.019+08:00  INFO 10500 --- [yanshi-backend] [http-nio-8080-exec-2] c.yanshi.controller.ArticleController    : 查询文章列表: com.yanshi.dto.ArticleQueryDTO@46c03bc4
2026-02-18T16:46:59.696+08:00  INFO 10500 --- [yanshi-backend] [http-nio-8080-exec-9] c.yanshi.controller.ArticleController    : 查询文章列表: com.yanshi.dto.ArticleQueryDTO@5dd15a48
2026-02-18T16:47:00.441+08:00  INFO 10500 --- [yanshi-backend] [http-nio-8080-exec-8] c.yanshi.controller.ArticleController    : 查询文章列表: com.yanshi.dto.ArticleQueryDTO@44008767
2026-02-18T16:47:00.590+08:00  INFO 10500 --- [yanshi-backend] [http-nio-8080-exec-7] c.yanshi.controller.ArticleController    : 查询文章列表: com.yanshi.dto.ArticleQueryDTO@23b55d2e
2026-02-18T16:47:03.671+08:00  INFO 10500 --- [yanshi-backend] [http-nio-8080-exec-1] c.yanshi.controller.ArticleController    : 查询文章详情: id=499
2026-02-18T16:48:34.591+08:00  INFO 10500 --- [yanshi-backend] [http-nio-8080-exec-6] c.y.controller.KnowledgePointController  : 获取顶级知识点
2026-02-18T16:48:34.591+08:00  INFO 10500 --- [yanshi-backend] [http-nio-8080-exec-3] c.y.controller.KnowledgePointController  : 获取所有知识点
2026-02-18T16:53:44.189+08:00  INFO 10500 --- [yanshi-backend] [http-nio-8080-exec-10] c.yanshi.controller.ArticleController    : 按分类统计文章
2026-02-18T16:53:44.189+08:00  INFO 10500 --- [yanshi-backend] [http-nio-8080-exec-5] c.y.controller.KnowledgePointController  : 获取所有知识点
2026-02-18T16:53:50.296+08:00  INFO 10500 --- [yanshi-backend] [http-nio-8080-exec-4] c.yanshi.controller.ArticleController    : 按来源统计文章
2026-02-18T16:53:50.296+08:00  INFO 10500 --- [yanshi-backend] [http-nio-8080-exec-2] c.yanshi.controller.ArticleController    : 按分类统计文章
2026-02-18T16:53:50.297+08:00  INFO 10500 --- [yanshi-backend] [http-nio-8080-exec-8] c.yanshi.controller.ArticleController    : 获取最新文章: limit=5
2026-02-18T16:53:50.297+08:00  INFO 10500 --- [yanshi-backend] [http-nio-8080-exec-9] c.yanshi.controller.ArticleController    : 查询文章列表: com.yanshi.dto.ArticleQueryDTO@1971ebb0
2026-02-18T16:53:52.756+08:00  INFO 10500 --- [yanshi-backend] [http-nio-8080-exec-7] c.yanshi.controller.ArticleController    : 查询文章列表: com.yanshi.dto.ArticleQueryDTO@40049d27
2026-02-18T16:53:54.660+08:00  INFO 10500 --- [yanshi-backend] [http-nio-8080-exec-1] c.yanshi.controller.ArticleController    : 查询文章列表: com.yanshi.dto.ArticleQueryDTO@616df73e
2026-02-18T16:54:00.889+08:00  INFO 10500 --- [yanshi-backend] [http-nio-8080-exec-3] c.yanshi.controller.ArticleController    : 查询文章列表: com.yanshi.dto.ArticleQueryDTO@7fe9146f
2026-02-18T16:54:01.437+08:00  INFO 10500 --- [yanshi-backend] [http-nio-8080-exec-6] c.yanshi.controller.ArticleController    : 查询文章列表: com.yanshi.dto.ArticleQueryDTO@5ace62ec
2026-02-18T16:54:01.916+08:00  INFO 10500 --- [yanshi-backend] [http-nio-8080-exec-5] c.yanshi.controller.ArticleController    : 查询文章列表: com.yanshi.dto.ArticleQueryDTO@4d2a889e
2026-02-18T16:54:02.070+08:00  INFO 10500 --- [yanshi-backend] [http-nio-8080-exec-10] c.yanshi.controller.ArticleController    : 查询文章列表: com.yanshi.dto.ArticleQueryDTO@160bf26a
2026-02-18T16:54:02.224+08:00  INFO 10500 --- [yanshi-backend] [http-nio-8080-exec-4] c.yanshi.controller.ArticleController    : 查询文章列表: com.yanshi.dto.ArticleQueryDTO@63db2b51
2026-02-18T16:54:05.530+08:00  INFO 10500 --- [yanshi-backend] [http-nio-8080-exec-2] c.yanshi.controller.ArticleController    : 查询文章列表: com.yanshi.dto.ArticleQueryDTO@3cc2547b
2026-02-18T16:54:05.694+08:00  INFO 10500 --- [yanshi-backend] [http-nio-8080-exec-9] c.yanshi.controller.ArticleController    : 查询文章列表: com.yanshi.dto.ArticleQueryDTO@70f40d2b
2026-02-18T16:54:05.863+08:00  INFO 10500 --- [yanshi-backend] [http-nio-8080-exec-8] c.yanshi.controller.ArticleController    : 查询文章列表: com.yanshi.dto.ArticleQueryDTO@7b5c6be2
2026-02-18T16:54:06.012+08:00  INFO 10500 --- [yanshi-backend] [http-nio-8080-exec-7] c.yanshi.controller.ArticleController    : 查询文章列表: com.yanshi.dto.ArticleQueryDTO@e47ec51
2026-02-18T16:54:06.177+08:00  INFO 10500 --- [yanshi-backend] [http-nio-8080-exec-1] c.yanshi.controller.ArticleController    : 查询文章列表: com.yanshi.dto.ArticleQueryDTO@7ebb4fe
2026-02-18T16:54:06.326+08:00  INFO 10500 --- [yanshi-backend] [http-nio-8080-exec-3] c.yanshi.controller.ArticleController    : 查询文章列表: com.yanshi.dto.ArticleQueryDTO@5e027653
2026-02-18T16:54:06.457+08:00  INFO 10500 --- [yanshi-backend] [http-nio-8080-exec-6] c.yanshi.controller.ArticleController    : 查询文章列表: com.yanshi.dto.ArticleQueryDTO@4e8296fa
2026-02-18T16:54:11.297+08:00  INFO 10500 --- [yanshi-backend] [http-nio-8080-exec-5] c.yanshi.controller.ArticleController    : 查询文章列表: com.yanshi.dto.ArticleQueryDTO@5119f59e
2026-02-18T16:54:11.517+08:00  INFO 10500 --- [yanshi-backend] [http-nio-8080-exec-10] c.yanshi.controller.ArticleController    : 查询文章列表: com.yanshi.dto.ArticleQueryDTO@377b3d9e
2026-02-18T16:54:11.668+08:00  INFO 10500 --- [yanshi-backend] [http-nio-8080-exec-4] c.yanshi.controller.ArticleController    : 查询文章列表: com.yanshi.dto.ArticleQueryDTO@7d04c828
2026-02-18T16:54:13.236+08:00  INFO 10500 --- [yanshi-backend] [http-nio-8080-exec-2] c.yanshi.controller.ArticleController    : 查询文章列表: com.yanshi.dto.ArticleQueryDTO@2610135a
2026-02-18T16:54:15.248+08:00  INFO 10500 --- [yanshi-backend] [http-nio-8080-exec-9] c.yanshi.controller.ArticleController    : 查询文章列表: com.yanshi.dto.ArticleQueryDTO@758796c2
2026-02-18T16:54:18.142+08:00  INFO 10500 --- [yanshi-backend] [http-nio-8080-exec-8] c.yanshi.controller.ArticleController    : 查询文章列表: com.yanshi.dto.ArticleQueryDTO@58137bb8
2026-02-18T16:54:20.940+08:00  INFO 10500 --- [yanshi-backend] [http-nio-8080-exec-7] c.yanshi.controller.ArticleController    : 查询文章列表: com.yanshi.dto.ArticleQueryDTO@756b7b77
2026-02-18T16:54:25.247+08:00  INFO 10500 --- [yanshi-backend] [http-nio-8080-exec-1] c.yanshi.controller.ArticleController    : 查询文章列表: com.yanshi.dto.ArticleQueryDTO@7d273464
2026-02-18T16:54:25.828+08:00  INFO 10500 --- [yanshi-backend] [http-nio-8080-exec-3] c.yanshi.controller.ArticleController    : 查询文章列表: com.yanshi.dto.ArticleQueryDTO@344a55f0
2026-02-18T16:54:25.991+08:00  INFO 10500 --- [yanshi-backend] [http-nio-8080-exec-6] c.yanshi.controller.ArticleController    : 查询文章列表: com.yanshi.dto.ArticleQueryDTO@4fcbd9e7
2026-02-18T16:54:26.144+08:00  INFO 10500 --- [yanshi-backend] [http-nio-8080-exec-5] c.yanshi.controller.ArticleController    : 查询文章列表: com.yanshi.dto.ArticleQueryDTO@330c62cd
2026-02-18T16:54:26.283+08:00  INFO 10500 --- [yanshi-backend] [http-nio-8080-exec-10] c.yanshi.controller.ArticleController    : 查询文章列表: com.yanshi.dto.ArticleQueryDTO@6c3714db
2026-02-18T16:54:26.441+08:00  INFO 10500 --- [yanshi-backend] [http-nio-8080-exec-4] c.yanshi.controller.ArticleController    : 查询文章列表: com.yanshi.dto.ArticleQueryDTO@1f4469dd
2026-02-18T16:54:26.597+08:00  INFO 10500 --- [yanshi-backend] [http-nio-8080-exec-2] c.yanshi.controller.ArticleController    : 查询文章列表: com.yanshi.dto.ArticleQueryDTO@655bd318
2026-02-18T16:54:26.744+08:00  INFO 10500 --- [yanshi-backend] [http-nio-8080-exec-9] c.yanshi.controller.ArticleController    : 查询文章列表: com.yanshi.dto.ArticleQueryDTO@7c9b0c6c
2026-02-18T16:54:26.899+08:00  INFO 10500 --- [yanshi-backend] [http-nio-8080-exec-8] c.yanshi.controller.ArticleController    : 查询文章列表: com.yanshi.dto.ArticleQueryDTO@584b9882
2026-02-18T16:54:27.037+08:00  INFO 10500 --- [yanshi-backend] [http-nio-8080-exec-7] c.yanshi.controller.ArticleController    : 查询文章列表: com.yanshi.dto.ArticleQueryDTO@5a7a0b1d
2026-02-18T16:54:27.196+08:00  INFO 10500 --- [yanshi-backend] [http-nio-8080-exec-1] c.yanshi.controller.ArticleController    : 查询文章列表: com.yanshi.dto.ArticleQueryDTO@1c47f6d1
2026-02-18T16:54:27.366+08:00  INFO 10500 --- [yanshi-backend] [http-nio-8080-exec-3] c.yanshi.controller.ArticleController    : 查询文章列表: com.yanshi.dto.ArticleQueryDTO@3b1e9bbe
2026-02-18T16:54:27.534+08:00  INFO 10500 --- [yanshi-backend] [http-nio-8080-exec-6] c.yanshi.controller.ArticleController    : 查询文章列表: com.yanshi.dto.ArticleQueryDTO@629625a4
2026-02-18T16:54:27.704+08:00  INFO 10500 --- [yanshi-backend] [http-nio-8080-exec-5] c.yanshi.controller.ArticleController    : 查询文章列表: com.yanshi.dto.ArticleQueryDTO@c06e612
2026-02-18T16:54:31.148+08:00  INFO 10500 --- [yanshi-backend] [http-nio-8080-exec-10] c.yanshi.controller.ArticleController    : 查询文章列表: com.yanshi.dto.ArticleQueryDTO@36886d9e
2026-02-18T16:54:34.607+08:00  INFO 10500 --- [yanshi-backend] [http-nio-8080-exec-4] c.yanshi.controller.ArticleController    : 查询文章列表: com.yanshi.dto.ArticleQueryDTO@3508cfe8
2026-02-18T16:54:39.453+08:00  INFO 10500 --- [yanshi-backend] [http-nio-8080-exec-2] c.yanshi.controller.ArticleController    : 查询文章列表: com.yanshi.dto.ArticleQueryDTO@205f1be0
2026-02-18T16:54:43.491+08:00  INFO 10500 --- [yanshi-backend] [http-nio-8080-exec-9] c.yanshi.controller.ArticleController    : 查询文章列表: com.yanshi.dto.ArticleQueryDTO@797ac519
2026-02-18T16:54:48.428+08:00  INFO 10500 --- [yanshi-backend] [http-nio-8080-exec-8] c.yanshi.controller.ArticleController    : 查询文章列表: com.yanshi.dto.ArticleQueryDTO@1b5228de
2026-02-18T16:54:51.687+08:00  INFO 10500 --- [yanshi-backend] [http-nio-8080-exec-7] c.yanshi.controller.ArticleController    : 查询文章列表: com.yanshi.dto.ArticleQueryDTO@35d6535
2026-02-18T16:54:54.884+08:00  INFO 10500 --- [yanshi-backend] [http-nio-8080-exec-3] c.y.controller.KnowledgePointController  : 获取所有知识点
2026-02-18T16:54:54.884+08:00  INFO 10500 --- [yanshi-backend] [http-nio-8080-exec-1] c.yanshi.controller.ArticleController    : 按分类统计文章
2026-02-18T16:54:56.743+08:00  INFO 10500 --- [yanshi-backend] [http-nio-8080-exec-6] c.y.controller.KnowledgePointController  : 根据分类查询知识点: category=新华网视评
2026-02-18T16:54:58.071+08:00  INFO 10500 --- [yanshi-backend] [http-nio-8080-exec-5] c.y.controller.KnowledgePointController  : 根据分类查询知识点: category=人民网评
2026-02-18T16:54:59.079+08:00  INFO 10500 --- [yanshi-backend] [http-nio-8080-exec-10] c.y.controller.KnowledgePointController  : 获取所有知识点
2026-02-18T16:54:59.371+08:00  INFO 10500 --- [yanshi-backend] [http-nio-8080-exec-4] c.y.controller.KnowledgePointController  : 获取所有知识点
2026-02-18T16:55:06.087+08:00  INFO 10500 --- [yanshi-backend] [http-nio-8080-exec-9] c.yanshi.controller.ArticleController    : 按分类统计文章
2026-02-18T16:55:06.087+08:00  INFO 10500 --- [yanshi-backend] [http-nio-8080-exec-2] c.yanshi.controller.ArticleController    : 按来源统计文章
2026-02-18T16:55:06.087+08:00  INFO 10500 --- [yanshi-backend] [http-nio-8080-exec-7] c.yanshi.controller.ArticleController    : 获取最新文章: limit=5
2026-02-18T16:55:06.087+08:00  INFO 10500 --- [yanshi-backend] [http-nio-8080-exec-8] c.yanshi.controller.ArticleController    : 查询文章列表: com.yanshi.dto.ArticleQueryDTO@213582aa
2026-02-18T16:55:07.339+08:00  INFO 10500 --- [yanshi-backend] [http-nio-8080-exec-3] c.y.controller.KnowledgePointController  : 获取所有知识点
2026-02-18T16:55:07.339+08:00  INFO 10500 --- [yanshi-backend] [http-nio-8080-exec-1] c.yanshi.controller.ArticleController    : 按分类统计文章
2026-02-18T16:55:11.132+08:00  INFO 10500 --- [yanshi-backend] [http-nio-8080-exec-6] c.yanshi.controller.ArticleController    : 按来源统计文章
2026-02-18T16:55:11.132+08:00  INFO 10500 --- [yanshi-backend] [http-nio-8080-exec-5] c.yanshi.controller.ArticleController    : 按分类统计文章
2026-02-18T16:55:11.132+08:00  INFO 10500 --- [yanshi-backend] [http-nio-8080-exec-10] c.yanshi.controller.ArticleController    : 查询文章列表: com.yanshi.dto.ArticleQueryDTO@2d2197c
2026-02-18T16:55:11.132+08:00  INFO 10500 --- [yanshi-backend] [http-nio-8080-exec-4] c.yanshi.controller.ArticleController    : 获取最新文章: limit=5
2026-02-18T16:55:18.813+08:00  INFO 10500 --- [yanshi-backend] [http-nio-8080-exec-2] c.yanshi.controller.ArticleController    : 按来源统计文章
2026-02-18T16:55:18.813+08:00  INFO 10500 --- [yanshi-backend] [http-nio-8080-exec-8] c.yanshi.controller.ArticleController    : 获取最新文章: limit=5
2026-02-18T16:55:18.813+08:00  INFO 10500 --- [yanshi-backend] [http-nio-8080-exec-7] c.yanshi.controller.ArticleController    : 查询文章列表: com.yanshi.dto.ArticleQueryDTO@1a5c29fa
2026-02-18T16:55:18.813+08:00  INFO 10500 --- [yanshi-backend] [http-nio-8080-exec-9] c.yanshi.controller.ArticleController    : 按分类统计文章
2026-02-18T16:55:19.632+08:00  INFO 10500 --- [yanshi-backend] [http-nio-8080-exec-3] c.yanshi.controller.ArticleController    : 按分类统计文章
2026-02-18T16:55:19.632+08:00  INFO 10500 --- [yanshi-backend] [http-nio-8080-exec-1] c.yanshi.controller.ArticleController    : 按来源统计文章
2026-02-18T16:55:19.632+08:00  INFO 10500 --- [yanshi-backend] [http-nio-8080-exec-6] c.yanshi.controller.ArticleController    : 获取最新文章: limit=5
2026-02-18T16:55:19.632+08:00  INFO 10500 --- [yanshi-backend] [http-nio-8080-exec-5] c.yanshi.controller.ArticleController    : 查询文章列表: com.yanshi.dto.ArticleQueryDTO@299977d8
2026-02-18T16:55:19.924+08:00  INFO 10500 --- [yanshi-backend] [http-nio-8080-exec-4] c.yanshi.controller.ArticleController    : 按分类统计文章
2026-02-18T16:55:19.924+08:00  INFO 10500 --- [yanshi-backend] [http-nio-8080-exec-10] c.yanshi.controller.ArticleController    : 按来源统计文章
2026-02-18T16:55:19.924+08:00  INFO 10500 --- [yanshi-backend] [http-nio-8080-exec-2] c.yanshi.controller.ArticleController    : 获取最新文章: limit=5
2026-02-18T16:55:19.924+08:00  INFO 10500 --- [yanshi-backend] [http-nio-8080-exec-9] c.yanshi.controller.ArticleController    : 查询文章列表: com.yanshi.dto.ArticleQueryDTO@2d31c2fe
2026-02-18T16:55:20.995+08:00  INFO 10500 --- [yanshi-backend] [http-nio-8080-exec-8] c.yanshi.controller.ArticleController    : 按分类统计文章
2026-02-18T16:55:20.995+08:00  INFO 10500 --- [yanshi-backend] [http-nio-8080-exec-7] c.y.controller.KnowledgePointController  : 获取所有知识点
2026-02-18T16:55:24.596+08:00  INFO 10500 --- [yanshi-backend] [http-nio-8080-exec-3] c.yanshi.controller.ArticleController    : 按分类统计文章
2026-02-18T16:55:24.596+08:00  INFO 10500 --- [yanshi-backend] [http-nio-8080-exec-6] c.yanshi.controller.ArticleController    : 获取最新文章: limit=5
2026-02-18T16:55:24.597+08:00  INFO 10500 --- [yanshi-backend] [http-nio-8080-exec-5] c.yanshi.controller.ArticleController    : 查询文章列表: com.yanshi.dto.ArticleQueryDTO@bb33f78
2026-02-18T16:55:24.597+08:00  INFO 10500 --- [yanshi-backend] [http-nio-8080-exec-1] c.yanshi.controller.ArticleController    : 按来源统计文章
2026-02-18T16:55:30.876+08:00  INFO 10500 --- [yanshi-backend] [http-nio-8080-exec-4] c.yanshi.controller.ArticleController    : 查询文章详情: id=499
2026-02-18T16:55:39.683+08:00  INFO 10500 --- [yanshi-backend] [http-nio-8080-exec-10] c.yanshi.controller.ArticleController    : 按来源统计文章
2026-02-18T16:55:39.683+08:00  INFO 10500 --- [yanshi-backend] [http-nio-8080-exec-9] c.yanshi.controller.ArticleController    : 按分类统计文章
2026-02-18T16:55:39.683+08:00  INFO 10500 --- [yanshi-backend] [http-nio-8080-exec-8] c.yanshi.controller.ArticleController    : 获取最新文章: limit=5
2026-02-18T16:55:39.683+08:00  INFO 10500 --- [yanshi-backend] [http-nio-8080-exec-2] c.yanshi.controller.ArticleController    : 查询文章列表: com.yanshi.dto.ArticleQueryDTO@10e25474
2026-02-18T16:55:41.060+08:00  INFO 10500 --- [yanshi-backend] [http-nio-8080-exec-7] c.yanshi.controller.ArticleController    : 查询文章详情: id=500
2026-02-18T16:55:46.789+08:00  INFO 10500 --- [yanshi-backend] [http-nio-8080-exec-1] c.yanshi.controller.ArticleController    : 按分类统计文章
2026-02-18T16:55:46.789+08:00  INFO 10500 --- [yanshi-backend] [http-nio-8080-exec-3] c.yanshi.controller.ArticleController    : 按来源统计文章
2026-02-18T16:55:46.789+08:00  INFO 10500 --- [yanshi-backend] [http-nio-8080-exec-6] c.yanshi.controller.ArticleController    : 查询文章列表: com.yanshi.dto.ArticleQueryDTO@38d17a2
2026-02-18T16:55:46.789+08:00  INFO 10500 --- [yanshi-backend] [http-nio-8080-exec-5] c.yanshi.controller.ArticleController    : 获取最新文章: limit=5
2026-02-18T16:55:48.306+08:00  INFO 10500 --- [yanshi-backend] [http-nio-8080-exec-4] c.yanshi.controller.ArticleController    : 查询文章详情: id=306
2026-02-18T16:55:50.726+08:00  INFO 10500 --- [yanshi-backend] [http-nio-8080-exec-9] c.yanshi.controller.ArticleController    : 按分类统计文章
2026-02-18T16:55:50.726+08:00  INFO 10500 --- [yanshi-backend] [http-nio-8080-exec-10] c.yanshi.controller.ArticleController    : 按来源统计文章
2026-02-18T16:55:50.726+08:00  INFO 10500 --- [yanshi-backend] [http-nio-8080-exec-8] c.yanshi.controller.ArticleController    : 查询文章列表: com.yanshi.dto.ArticleQueryDTO@5b2baebc
2026-02-18T16:55:50.726+08:00  INFO 10500 --- [yanshi-backend] [http-nio-8080-exec-2] c.yanshi.controller.ArticleController    : 获取最新文章: limit=5
2026-02-18T16:55:53.750+08:00  INFO 10500 --- [yanshi-backend] [http-nio-8080-exec-7] c.yanshi.controller.ArticleController    : 查询文章详情: id=462
2026-02-18T16:55:56.222+08:00  INFO 10500 --- [yanshi-backend] [http-nio-8080-exec-3] c.yanshi.controller.ArticleController    : 按来源统计文章
2026-02-18T16:55:56.222+08:00  INFO 10500 --- [yanshi-backend] [http-nio-8080-exec-6] c.yanshi.controller.ArticleController    : 获取最新文章: limit=5
2026-02-18T16:55:56.222+08:00  INFO 10500 --- [yanshi-backend] [http-nio-8080-exec-1] c.yanshi.controller.ArticleController    : 按分类统计文章
2026-02-18T16:55:56.222+08:00  INFO 10500 --- [yanshi-backend] [http-nio-8080-exec-5] c.yanshi.controller.ArticleController    : 查询文章列表: com.yanshi.dto.ArticleQueryDTO@56d377a8
2026-02-18T16:56:58.478+08:00  INFO 10500 --- [yanshi-backend] [http-nio-8080-exec-4] c.yanshi.controller.ArticleController    : 查询文章列表: com.yanshi.dto.ArticleQueryDTO@15af155f
2026-02-18T16:57:00.429+08:00  INFO 10500 --- [yanshi-backend] [http-nio-8080-exec-9] c.yanshi.controller.ArticleController    : 查询文章列表: com.yanshi.dto.ArticleQueryDTO@27cce2f4
2026-02-18T16:57:03.509+08:00  INFO 10500 --- [yanshi-backend] [http-nio-8080-exec-10] c.yanshi.controller.ArticleController    : 查询文章列表: com.yanshi.dto.ArticleQueryDTO@151239a9
2026-02-18T16:57:05.634+08:00  INFO 10500 --- [yanshi-backend] [http-nio-8080-exec-8] c.yanshi.controller.ArticleController    : 查询文章列表: com.yanshi.dto.ArticleQueryDTO@5ae28072
2026-02-18T16:57:09.904+08:00  INFO 10500 --- [yanshi-backend] [http-nio-8080-exec-2] c.yanshi.controller.ArticleController    : 查询文章详情: id=499
2026-02-18T16:57:11.139+08:00  INFO 10500 --- [yanshi-backend] [http-nio-8080-exec-7] c.yanshi.controller.ArticleController    : 按来源统计文章
2026-02-18T16:57:11.140+08:00  INFO 10500 --- [yanshi-backend] [http-nio-8080-exec-6] c.yanshi.controller.ArticleController    : 获取最新文章: limit=5
2026-02-18T16:57:11.140+08:00  INFO 10500 --- [yanshi-backend] [http-nio-8080-exec-3] c.yanshi.controller.ArticleController    : 查询文章列表: com.yanshi.dto.ArticleQueryDTO@4fb29c68
2026-02-18T16:57:11.140+08:00  INFO 10500 --- [yanshi-backend] [http-nio-8080-exec-1] c.yanshi.controller.ArticleController    : 按分类统计文章
2026-02-18T16:57:11.880+08:00  INFO 10500 --- [yanshi-backend] [http-nio-8080-exec-4] c.yanshi.controller.ArticleController    : 按分类统计文章
2026-02-18T16:57:11.880+08:00  INFO 10500 --- [yanshi-backend] [http-nio-8080-exec-5] c.y.controller.KnowledgePointController  : 获取所有知识点
2026-02-18T17:05:06.924+08:00  INFO 10500 --- [yanshi-backend] [http-nio-8080-exec-10] c.y.controller.KnowledgePointController  : 获取所有知识点
2026-02-18T17:05:06.924+08:00  INFO 10500 --- [yanshi-backend] [http-nio-8080-exec-9] c.yanshi.controller.ArticleController    : 按分类统计文章
2026-02-18T17:05:09.999+08:00  INFO 10500 --- [yanshi-backend] [http-nio-8080-exec-8] c.y.controller.KnowledgePointController  : 获取所有知识点
2026-02-18T17:05:10.683+08:00  INFO 10500 --- [yanshi-backend] [http-nio-8080-exec-2] c.y.controller.KnowledgePointController  : 获取所有知识点
2026-02-18T17:05:11.598+08:00  INFO 10500 --- [yanshi-backend] [http-nio-8080-exec-7] c.yanshi.controller.ArticleController    : 按分类统计文章
2026-02-18T17:05:11.598+08:00  INFO 10500 --- [yanshi-backend] [http-nio-8080-exec-3] c.yanshi.controller.ArticleController    : 获取最新文章: limit=5
2026-02-18T17:05:11.598+08:00  INFO 10500 --- [yanshi-backend] [http-nio-8080-exec-1] c.yanshi.controller.ArticleController    : 按来源统计文章
2026-02-18T17:05:11.598+08:00  INFO 10500 --- [yanshi-backend] [http-nio-8080-exec-6] c.yanshi.controller.ArticleController    : 查询文章列表: com.yanshi.dto.ArticleQueryDTO@6771c37c
2026-02-18T17:05:13.587+08:00  INFO 10500 --- [yanshi-backend] [http-nio-8080-exec-5] c.yanshi.controller.ArticleController    : 按分类统计文章
2026-02-18T17:05:13.587+08:00  INFO 10500 --- [yanshi-backend] [http-nio-8080-exec-4] c.yanshi.controller.ArticleController    : 按来源统计文章
2026-02-18T17:05:13.587+08:00  INFO 10500 --- [yanshi-backend] [http-nio-8080-exec-10] c.yanshi.controller.ArticleController    : 获取最新文章: limit=5
2026-02-18T17:05:13.587+08:00  INFO 10500 --- [yanshi-backend] [http-nio-8080-exec-9] c.yanshi.controller.ArticleController    : 查询文章列表: com.yanshi.dto.ArticleQueryDTO@595259a5
2026-02-18T17:05:14.490+08:00  INFO 10500 --- [yanshi-backend] [http-nio-8080-exec-2] c.yanshi.controller.ArticleController    : 按分类统计文章
2026-02-18T17:05:14.490+08:00  INFO 10500 --- [yanshi-backend] [http-nio-8080-exec-1] c.yanshi.controller.ArticleController    : 获取最新文章: limit=5
2026-02-18T17:05:14.490+08:00  INFO 10500 --- [yanshi-backend] [http-nio-8080-exec-8] c.yanshi.controller.ArticleController    : 按来源统计文章
2026-02-18T17:05:14.490+08:00  INFO 10500 --- [yanshi-backend] [http-nio-8080-exec-7] c.yanshi.controller.ArticleController    : 查询文章列表: com.yanshi.dto.ArticleQueryDTO@1744c7ec
2026-02-18T17:05:15.151+08:00  INFO 10500 --- [yanshi-backend] [http-nio-8080-exec-4] c.yanshi.controller.ArticleController    : 按分类统计文章
2026-02-18T17:05:15.151+08:00  INFO 10500 --- [yanshi-backend] [http-nio-8080-exec-6] c.yanshi.controller.ArticleController    : 查询文章列表: com.yanshi.dto.ArticleQueryDTO@2f67585
2026-02-18T17:05:15.151+08:00  INFO 10500 --- [yanshi-backend] [http-nio-8080-exec-3] c.yanshi.controller.ArticleController    : 按来源统计文章
2026-02-18T17:05:15.151+08:00  INFO 10500 --- [yanshi-backend] [http-nio-8080-exec-5] c.yanshi.controller.ArticleController    : 获取最新文章: limit=5
2026-02-18T17:05:15.338+08:00  INFO 10500 --- [yanshi-backend] [http-nio-8080-exec-10] c.yanshi.controller.ArticleController    : 按分类统计文章
2026-02-18T17:05:15.338+08:00  INFO 10500 --- [yanshi-backend] [http-nio-8080-exec-8] c.yanshi.controller.ArticleController    : 获取最新文章: limit=5
2026-02-18T17:05:15.338+08:00  INFO 10500 --- [yanshi-backend] [http-nio-8080-exec-9] c.yanshi.controller.ArticleController    : 按来源统计文章
2026-02-18T17:05:15.338+08:00  INFO 10500 --- [yanshi-backend] [http-nio-8080-exec-2] c.yanshi.controller.ArticleController    : 查询文章列表: com.yanshi.dto.ArticleQueryDTO@bd9669e
2026-02-18T17:05:17.743+08:00  INFO 10500 --- [yanshi-backend] [http-nio-8080-exec-7] c.yanshi.controller.ArticleController    : 查询文章列表: com.yanshi.dto.ArticleQueryDTO@998f9f9
2026-02-18T17:05:17.920+08:00  INFO 10500 --- [yanshi-backend] [http-nio-8080-exec-1] c.yanshi.controller.ArticleController    : 查询文章列表: com.yanshi.dto.ArticleQueryDTO@4147d2dd
2026-02-18T17:05:18.238+08:00  INFO 10500 --- [yanshi-backend] [http-nio-8080-exec-4] c.yanshi.controller.ArticleController    : 查询文章列表: com.yanshi.dto.ArticleQueryDTO@44552db6
2026-02-18T17:05:18.389+08:00  INFO 10500 --- [yanshi-backend] [http-nio-8080-exec-3] c.yanshi.controller.ArticleController    : 查询文章列表: com.yanshi.dto.ArticleQueryDTO@46b49afb
2026-02-18T17:05:18.533+08:00  INFO 10500 --- [yanshi-backend] [http-nio-8080-exec-5] c.yanshi.controller.ArticleController    : 查询文章列表: com.yanshi.dto.ArticleQueryDTO@5f4d7a18
2026-02-18T17:05:18.692+08:00  INFO 10500 --- [yanshi-backend] [http-nio-8080-exec-6] c.yanshi.controller.ArticleController    : 查询文章列表: com.yanshi.dto.ArticleQueryDTO@13f0b357
2026-02-18T17:05:18.834+08:00  INFO 10500 --- [yanshi-backend] [http-nio-8080-exec-9] c.yanshi.controller.ArticleController    : 查询文章列表: com.yanshi.dto.ArticleQueryDTO@512b9fd9
2026-02-18T17:05:19.793+08:00  INFO 10500 --- [yanshi-backend] [http-nio-8080-exec-10] c.y.controller.KnowledgePointController  : 获取所有知识点
2026-02-18T17:05:19.793+08:00  INFO 10500 --- [yanshi-backend] [http-nio-8080-exec-2] c.yanshi.controller.ArticleController    : 按分类统计文章
2026-02-18T17:05:20.590+08:00  INFO 10500 --- [yanshi-backend] [http-nio-8080-exec-8] c.y.controller.KnowledgePointController  : 获取所有知识点
2026-02-18T17:05:20.749+08:00  INFO 10500 --- [yanshi-backend] [http-nio-8080-exec-7] c.y.controller.KnowledgePointController  : 获取所有知识点
2026-02-18T17:05:30.449+08:00  INFO 10500 --- [yanshi-backend] [http-nio-8080-exec-4] c.y.controller.KnowledgePointController  : 获取所有知识点
2026-02-18T17:05:30.449+08:00  INFO 10500 --- [yanshi-backend] [http-nio-8080-exec-1] c.yanshi.controller.ArticleController    : 按分类统计文章
2026-02-18T17:05:31.362+08:00  INFO 10500 --- [yanshi-backend] [http-nio-8080-exec-3] c.yanshi.controller.ArticleController    : 按来源统计文章
2026-02-18T17:05:31.362+08:00  INFO 10500 --- [yanshi-backend] [http-nio-8080-exec-9] c.yanshi.controller.ArticleController    : 获取最新文章: limit=5
2026-02-18T17:05:31.362+08:00  INFO 10500 --- [yanshi-backend] [http-nio-8080-exec-5] c.yanshi.controller.ArticleController    : 按分类统计文章
2026-02-18T17:05:31.362+08:00  INFO 10500 --- [yanshi-backend] [http-nio-8080-exec-6] c.yanshi.controller.ArticleController    : 查询文章列表: com.yanshi.dto.ArticleQueryDTO@74548c6f
2026-02-18T17:05:32.270+08:00  INFO 10500 --- [yanshi-backend] [http-nio-8080-exec-2] c.yanshi.controller.ArticleController    : 查询文章列表: com.yanshi.dto.ArticleQueryDTO@787f2fab
2026-02-18T17:05:32.446+08:00  INFO 10500 --- [yanshi-backend] [http-nio-8080-exec-10] c.yanshi.controller.ArticleController    : 查询文章列表: com.yanshi.dto.ArticleQueryDTO@5d2d1f9d
2026-02-18T17:05:33.340+08:00  INFO 10500 --- [yanshi-backend] [http-nio-8080-exec-7] c.yanshi.controller.ArticleController    : 按分类统计文章
2026-02-18T17:05:33.340+08:00  INFO 10500 --- [yanshi-backend] [http-nio-8080-exec-8] c.y.controller.KnowledgePointController  : 获取所有知识点
2026-02-18T17:05:35.330+08:00  INFO 10500 --- [yanshi-backend] [http-nio-8080-exec-1] c.yanshi.controller.ArticleController    : 按分类统计文章
2026-02-18T17:05:35.330+08:00  INFO 10500 --- [yanshi-backend] [http-nio-8080-exec-4] c.yanshi.controller.ArticleController    : 按来源统计文章
2026-02-18T17:05:35.330+08:00  INFO 10500 --- [yanshi-backend] [http-nio-8080-exec-5] c.yanshi.controller.ArticleController    : 获取最新文章: limit=5
2026-02-18T17:05:35.330+08:00  INFO 10500 --- [yanshi-backend] [http-nio-8080-exec-3] c.yanshi.controller.ArticleController    : 查询文章列表: com.yanshi.dto.ArticleQueryDTO@23bca1b6
2026-02-18T17:06:07.511+08:00  INFO 10500 --- [yanshi-backend] [http-nio-8080-exec-6] c.yanshi.controller.ArticleController    : 查询文章列表: com.yanshi.dto.ArticleQueryDTO@65c27d01
2026-02-18T17:06:08.158+08:00  INFO 10500 --- [yanshi-backend] [http-nio-8080-exec-9] c.yanshi.controller.ArticleController    : 查询文章列表: com.yanshi.dto.ArticleQueryDTO@23a661f4
2026-02-18T17:06:08.338+08:00  INFO 10500 --- [yanshi-backend] [http-nio-8080-exec-2] c.yanshi.controller.ArticleController    : 查询文章列表: com.yanshi.dto.ArticleQueryDTO@7bfd67e1
2026-02-18T17:06:14.246+08:00  INFO 10500 --- [yanshi-backend] [http-nio-8080-exec-10] c.yanshi.controller.ArticleController    : 查询文章列表: com.yanshi.dto.ArticleQueryDTO@63128983
2026-02-18T17:06:15.156+08:00  INFO 10500 --- [yanshi-backend] [http-nio-8080-exec-7] c.yanshi.controller.ArticleController    : 查询文章列表: com.yanshi.dto.ArticleQueryDTO@306a92d4
2026-02-18T17:06:15.330+08:00  INFO 10500 --- [yanshi-backend] [http-nio-8080-exec-8] c.yanshi.controller.ArticleController    : 查询文章列表: com.yanshi.dto.ArticleQueryDTO@321856ac
2026-02-18T17:06:15.514+08:00  INFO 10500 --- [yanshi-backend] [http-nio-8080-exec-4] c.yanshi.controller.ArticleController    : 查询文章列表: com.yanshi.dto.ArticleQueryDTO@28c2142d
2026-02-18T17:06:17.243+08:00  INFO 10500 --- [yanshi-backend] [http-nio-8080-exec-1] c.yanshi.controller.ArticleController    : 按分类统计文章
2026-02-18T17:06:17.243+08:00  INFO 10500 --- [yanshi-backend] [http-nio-8080-exec-5] c.y.controller.KnowledgePointController  : 获取所有知识点
2026-02-18T17:06:18.157+08:00  INFO 10500 --- [yanshi-backend] [http-nio-8080-exec-9] c.yanshi.controller.ArticleController    : 按分类统计文章
2026-02-18T17:06:18.157+08:00  INFO 10500 --- [yanshi-backend] [http-nio-8080-exec-3] c.yanshi.controller.ArticleController    : 按来源统计文章
2026-02-18T17:06:18.157+08:00  INFO 10500 --- [yanshi-backend] [http-nio-8080-exec-6] c.yanshi.controller.ArticleController    : 查询文章列表: com.yanshi.dto.ArticleQueryDTO@3d5c2c8
2026-02-18T17:06:18.157+08:00  INFO 10500 --- [yanshi-backend] [http-nio-8080-exec-2] c.yanshi.controller.ArticleController    : 获取最新文章: limit=5
2026-02-18T17:06:32.152+08:00  INFO 10500 --- [yanshi-backend] [http-nio-8080-exec-10] c.yanshi.controller.ArticleController    : 按来源统计文章
2026-02-18T17:06:32.152+08:00  INFO 10500 --- [yanshi-backend] [http-nio-8080-exec-7] c.yanshi.controller.ArticleController    : 按分类统计文章
2026-02-18T17:06:32.152+08:00  INFO 10500 --- [yanshi-backend] [http-nio-8080-exec-4] c.yanshi.controller.ArticleController    : 获取最新文章: limit=5
2026-02-18T17:06:32.152+08:00  INFO 10500 --- [yanshi-backend] [http-nio-8080-exec-8] c.yanshi.controller.ArticleController    : 查询文章列表: com.yanshi.dto.ArticleQueryDTO@55e04d4b
2026-02-18T17:07:57.700+08:00  INFO 10500 --- [yanshi-backend] [http-nio-8080-exec-1] c.yanshi.controller.ArticleController    : 按来源统计文章
2026-02-18T17:07:57.700+08:00  INFO 10500 --- [yanshi-backend] [http-nio-8080-exec-5] c.yanshi.controller.ArticleController    : 按分类统计文章
2026-02-18T17:07:57.701+08:00  INFO 10500 --- [yanshi-backend] [http-nio-8080-exec-3] c.yanshi.controller.ArticleController    : 查询文章列表: com.yanshi.dto.ArticleQueryDTO@25c11a6d
2026-02-18T17:07:57.701+08:00  INFO 10500 --- [yanshi-backend] [http-nio-8080-exec-9] c.yanshi.controller.ArticleController    : 获取最新文章: limit=5
2026-02-18T17:07:58.020+08:00  INFO 10500 --- [yanshi-backend] [http-nio-8080-exec-2] c.yanshi.controller.ArticleController    : 按来源统计文章
2026-02-18T17:07:58.020+08:00  INFO 10500 --- [yanshi-backend] [http-nio-8080-exec-6] c.yanshi.controller.ArticleController    : 按分类统计文章
2026-02-18T17:07:58.021+08:00  INFO 10500 --- [yanshi-backend] [http-nio-8080-exec-10] c.yanshi.controller.ArticleController    : 获取最新文章: limit=5
2026-02-18T17:07:58.021+08:00  INFO 10500 --- [yanshi-backend] [http-nio-8080-exec-7] c.yanshi.controller.ArticleController    : 查询文章列表: com.yanshi.dto.ArticleQueryDTO@558e149f
2026-02-18T17:08:00.500+08:00  INFO 10500 --- [yanshi-backend] [http-nio-8080-exec-8] c.yanshi.controller.ArticleController    : 查询文章详情: id=499
2026-02-18T17:08:02.769+08:00  INFO 10500 --- [yanshi-backend] [http-nio-8080-exec-4] c.yanshi.controller.ArticleController    : 按来源统计文章
2026-02-18T17:08:02.769+08:00  INFO 10500 --- [yanshi-backend] [http-nio-8080-exec-1] c.yanshi.controller.ArticleController    : 按分类统计文章
2026-02-18T17:08:02.769+08:00  INFO 10500 --- [yanshi-backend] [http-nio-8080-exec-5] c.yanshi.controller.ArticleController    : 查询文章列表: com.yanshi.dto.ArticleQueryDTO@72fd6cea
2026-02-18T17:08:02.769+08:00  INFO 10500 --- [yanshi-backend] [http-nio-8080-exec-6] c.yanshi.controller.ArticleController    : 获取最新文章: limit=5
2026-02-18T17:08:10.816+08:00  INFO 10500 --- [yanshi-backend] [http-nio-8080-exec-2] c.yanshi.controller.ArticleController    : 查询文章列表: com.yanshi.dto.ArticleQueryDTO@6e4e73aa
2026-02-18T17:08:11.443+08:00  INFO 10500 --- [yanshi-backend] [http-nio-8080-exec-7] c.yanshi.controller.ArticleController    : 查询文章列表: com.yanshi.dto.ArticleQueryDTO@76a5fa83
2026-02-18T17:08:11.617+08:00  INFO 10500 --- [yanshi-backend] [http-nio-8080-exec-10] c.yanshi.controller.ArticleController    : 查询文章列表: com.yanshi.dto.ArticleQueryDTO@590221f8
2026-02-18T17:08:11.784+08:00  INFO 10500 --- [yanshi-backend] [http-nio-8080-exec-8] c.yanshi.controller.ArticleController    : 查询文章列表: com.yanshi.dto.ArticleQueryDTO@9edc47d
2026-02-18T17:08:11.941+08:00  INFO 10500 --- [yanshi-backend] [http-nio-8080-exec-4] c.yanshi.controller.ArticleController    : 查询文章列表: com.yanshi.dto.ArticleQueryDTO@7f3e416
2026-02-18T17:08:12.082+08:00  INFO 10500 --- [yanshi-backend] [http-nio-8080-exec-1] c.yanshi.controller.ArticleController    : 查询文章列表: com.yanshi.dto.ArticleQueryDTO@2217d610
2026-02-18T17:08:12.239+08:00  INFO 10500 --- [yanshi-backend] [http-nio-8080-exec-6] c.yanshi.controller.ArticleController    : 查询文章列表: com.yanshi.dto.ArticleQueryDTO@32251b8a
2026-02-18T17:08:12.418+08:00  INFO 10500 --- [yanshi-backend] [http-nio-8080-exec-5] c.yanshi.controller.ArticleController    : 查询文章列表: com.yanshi.dto.ArticleQueryDTO@31c5f63a
2026-02-18T17:08:12.585+08:00  INFO 10500 --- [yanshi-backend] [http-nio-8080-exec-2] c.yanshi.controller.ArticleController    : 查询文章列表: com.yanshi.dto.ArticleQueryDTO@4db1ffe4
2026-02-18T17:08:12.715+08:00  INFO 10500 --- [yanshi-backend] [http-nio-8080-exec-7] c.yanshi.controller.ArticleController    : 查询文章列表: com.yanshi.dto.ArticleQueryDTO@2918ef79
2026-02-18T17:08:15.569+08:00  INFO 10500 --- [yanshi-backend] [http-nio-8080-exec-10] c.yanshi.controller.ArticleController    : 查询文章列表: com.yanshi.dto.ArticleQueryDTO@359894fc
2026-02-18T17:08:16.935+08:00  INFO 10500 --- [yanshi-backend] [http-nio-8080-exec-8] c.yanshi.controller.ArticleController    : 查询文章列表: com.yanshi.dto.ArticleQueryDTO@154379a9
2026-02-18T17:08:20.804+08:00  INFO 10500 --- [yanshi-backend] [http-nio-8080-exec-4] c.yanshi.controller.ArticleController    : 查询文章列表: com.yanshi.dto.ArticleQueryDTO@779c0dd3
2026-02-18T17:08:20.955+08:00  INFO 10500 --- [yanshi-backend] [http-nio-8080-exec-1] c.yanshi.controller.ArticleController    : 查询文章列表: com.yanshi.dto.ArticleQueryDTO@aaf6fe8
2026-02-18T17:08:21.170+08:00  INFO 10500 --- [yanshi-backend] [http-nio-8080-exec-6] c.yanshi.controller.ArticleController    : 查询文章列表: com.yanshi.dto.ArticleQueryDTO@5c0788d6
2026-02-18T17:08:21.320+08:00  INFO 10500 --- [yanshi-backend] [http-nio-8080-exec-5] c.yanshi.controller.ArticleController    : 查询文章列表: com.yanshi.dto.ArticleQueryDTO@5ba1fc91
2026-02-18T17:08:21.452+08:00  INFO 10500 --- [yanshi-backend] [http-nio-8080-exec-2] c.yanshi.controller.ArticleController    : 查询文章列表: com.yanshi.dto.ArticleQueryDTO@5b6ef8c9
2026-02-18T17:08:21.573+08:00  INFO 10500 --- [yanshi-backend] [http-nio-8080-exec-7] c.yanshi.controller.ArticleController    : 查询文章列表: com.yanshi.dto.ArticleQueryDTO@52ead742
2026-02-18T17:08:23.522+08:00  INFO 10500 --- [yanshi-backend] [http-nio-8080-exec-10] c.yanshi.controller.ArticleController    : 查询文章详情: id=305
2026-02-18T17:08:27.316+08:00  INFO 10500 --- [yanshi-backend] [http-nio-8080-exec-8] c.yanshi.controller.ArticleController    : 按来源统计文章
2026-02-18T17:08:27.316+08:00  INFO 10500 --- [yanshi-backend] [http-nio-8080-exec-4] c.yanshi.controller.ArticleController    : 按分类统计文章
2026-02-18T17:08:27.316+08:00  INFO 10500 --- [yanshi-backend] [http-nio-8080-exec-6] c.yanshi.controller.ArticleController    : 获取最新文章: limit=5
2026-02-18T17:08:27.316+08:00  INFO 10500 --- [yanshi-backend] [http-nio-8080-exec-1] c.yanshi.controller.ArticleController    : 查询文章列表: com.yanshi.dto.ArticleQueryDTO@245e85b4
2026-02-18T17:08:28.743+08:00  INFO 10500 --- [yanshi-backend] [http-nio-8080-exec-5] c.yanshi.controller.ArticleController    : 查询文章列表: com.yanshi.dto.ArticleQueryDTO@64a63005
2026-02-18T17:08:29.190+08:00  INFO 10500 --- [yanshi-backend] [http-nio-8080-exec-2] c.yanshi.controller.ArticleController    : 查询文章列表: com.yanshi.dto.ArticleQueryDTO@19476fea
2026-02-18T17:08:29.359+08:00  INFO 10500 --- [yanshi-backend] [http-nio-8080-exec-7] c.yanshi.controller.ArticleController    : 查询文章列表: com.yanshi.dto.ArticleQueryDTO@1a811654
2026-02-18T17:08:29.655+08:00  INFO 10500 --- [yanshi-backend] [http-nio-8080-exec-10] c.yanshi.controller.ArticleController    : 查询文章列表: com.yanshi.dto.ArticleQueryDTO@394060dc
2026-02-18T17:08:30.887+08:00  INFO 10500 --- [yanshi-backend] [http-nio-8080-exec-4] c.yanshi.controller.ArticleController    : 查询文章列表: com.yanshi.dto.ArticleQueryDTO@135ee1b7
2026-02-18T17:08:32.658+08:00  INFO 10500 --- [yanshi-backend] [http-nio-8080-exec-8] c.yanshi.controller.ArticleController    : 查询文章列表: com.yanshi.dto.ArticleQueryDTO@578350cc
2026-02-18T17:08:33.738+08:00  INFO 10500 --- [yanshi-backend] [http-nio-8080-exec-6] c.yanshi.controller.ArticleController    : 按分类统计文章
2026-02-18T17:08:33.738+08:00  INFO 10500 --- [yanshi-backend] [http-nio-8080-exec-1] c.y.controller.KnowledgePointController  : 获取所有知识点
2026-02-18T17:08:36.729+08:00  INFO 10500 --- [yanshi-backend] [http-nio-8080-exec-5] c.y.controller.KnowledgePointController  : 根据分类查询知识点: category=新华网视评
2026-02-18T17:08:38.104+08:00  INFO 10500 --- [yanshi-backend] [http-nio-8080-exec-2] c.y.controller.KnowledgePointController  : 根据分类查询知识点: category=人民网评
2026-02-18T17:08:38.566+08:00  INFO 10500 --- [yanshi-backend] [http-nio-8080-exec-7] c.y.controller.KnowledgePointController  : 获取所有知识点
2026-02-18T17:08:41.712+08:00  INFO 10500 --- [yanshi-backend] [http-nio-8080-exec-4] c.yanshi.controller.ArticleController    : 按分类统计文章
2026-02-18T17:08:41.712+08:00  INFO 10500 --- [yanshi-backend] [http-nio-8080-exec-10] c.yanshi.controller.ArticleController    : 按来源统计文章
2026-02-18T17:08:41.712+08:00  INFO 10500 --- [yanshi-backend] [http-nio-8080-exec-8] c.yanshi.controller.ArticleController    : 查询文章列表: com.yanshi.dto.ArticleQueryDTO@400b74a7
2026-02-18T17:08:41.712+08:00  INFO 10500 --- [yanshi-backend] [http-nio-8080-exec-6] c.yanshi.controller.ArticleController    : 获取最新文章: limit=5
2026-02-18T17:08:44.132+08:00  INFO 10500 --- [yanshi-backend] [http-nio-8080-exec-1] c.yanshi.controller.ArticleController    : 查询文章详情: id=509
2026-02-18T17:08:46.109+08:00  INFO 10500 --- [yanshi-backend] [http-nio-8080-exec-5] c.yanshi.controller.ArticleController    : 按来源统计文章
2026-02-18T17:08:46.109+08:00  INFO 10500 --- [yanshi-backend] [http-nio-8080-exec-2] c.yanshi.controller.ArticleController    : 按分类统计文章
2026-02-18T17:08:46.109+08:00  INFO 10500 --- [yanshi-backend] [http-nio-8080-exec-7] c.yanshi.controller.ArticleController    : 查询文章列表: com.yanshi.dto.ArticleQueryDTO@5ccd9ec0
2026-02-18T17:08:46.109+08:00  INFO 10500 --- [yanshi-backend] [http-nio-8080-exec-4] c.yanshi.controller.ArticleController    : 获取最新文章: limit=5
2026-02-18T17:08:50.423+08:00  INFO 10500 --- [yanshi-backend] [http-nio-8080-exec-10] c.yanshi.controller.ArticleController    : 查询文章列表: com.yanshi.dto.ArticleQueryDTO@866d1b7
2026-02-18T17:08:51.897+08:00  INFO 10500 --- [yanshi-backend] [http-nio-8080-exec-6] c.yanshi.controller.ArticleController    : 查询文章列表: com.yanshi.dto.ArticleQueryDTO@3d605e8d
2026-02-18T17:08:55.902+08:00  INFO 10500 --- [yanshi-backend] [http-nio-8080-exec-8] c.yanshi.controller.ArticleController    : 按来源统计文章
2026-02-18T17:08:55.902+08:00  INFO 10500 --- [yanshi-backend] [http-nio-8080-exec-1] c.yanshi.controller.ArticleController    : 按分类统计文章
2026-02-18T17:08:55.902+08:00  INFO 10500 --- [yanshi-backend] [http-nio-8080-exec-2] c.yanshi.controller.ArticleController    : 查询文章列表: com.yanshi.dto.ArticleQueryDTO@bda6657
2026-02-18T17:08:55.902+08:00  INFO 10500 --- [yanshi-backend] [http-nio-8080-exec-5] c.yanshi.controller.ArticleController    : 获取最新文章: limit=5
2026-02-18T17:11:49.533+08:00  INFO 10500 --- [yanshi-backend] [http-nio-8080-exec-6] c.yanshi.controller.ArticleController    : 按来源统计文章
2026-02-18T17:11:49.533+08:00  INFO 10500 --- [yanshi-backend] [http-nio-8080-exec-10] c.yanshi.controller.ArticleController    : 按分类统计文章
2026-02-18T17:11:49.535+08:00  INFO 10500 --- [yanshi-backend] [http-nio-8080-exec-4] c.yanshi.controller.ArticleController    : 获取最新文章: limit=5
2026-02-18T17:11:49.535+08:00  INFO 10500 --- [yanshi-backend] [http-nio-8080-exec-3] c.yanshi.controller.ArticleController    : 查询文章列表: com.yanshi.dto.ArticleQueryDTO@7e5d839b
2026-02-18T17:12:05.684+08:00  INFO 10500 --- [yanshi-backend] [http-nio-8080-exec-8] c.yanshi.controller.ArticleController    : 查询文章列表: com.yanshi.dto.ArticleQueryDTO@6131bea0
2026-02-18T17:12:06.396+08:00  INFO 10500 --- [yanshi-backend] [http-nio-8080-exec-1] c.yanshi.controller.ArticleController    : 查询文章列表: com.yanshi.dto.ArticleQueryDTO@3c2fe2ab
2026-02-18T17:12:06.545+08:00  INFO 10500 --- [yanshi-backend] [http-nio-8080-exec-2] c.yanshi.controller.ArticleController    : 查询文章列表: com.yanshi.dto.ArticleQueryDTO@3192a529
2026-02-18T17:12:07.645+08:00  INFO 10500 --- [yanshi-backend] [http-nio-8080-exec-7] c.yanshi.controller.ArticleController    : 查询文章列表: com.yanshi.dto.ArticleQueryDTO@582c2318
2026-02-18T17:12:08.823+08:00  INFO 10500 --- [yanshi-backend] [http-nio-8080-exec-5] c.yanshi.controller.ArticleController    : 查询文章列表: com.yanshi.dto.ArticleQueryDTO@3a3f122b
2026-02-18T17:12:11.115+08:00  INFO 10500 --- [yanshi-backend] [http-nio-8080-exec-9] c.yanshi.controller.ArticleController    : 查询文章列表: com.yanshi.dto.ArticleQueryDTO@2dc4d155
2026-02-18T17:12:11.670+08:00  INFO 10500 --- [yanshi-backend] [http-nio-8080-exec-6] c.yanshi.controller.ArticleController    : 查询文章列表: com.yanshi.dto.ArticleQueryDTO@76cb089b
2026-02-18T17:12:13.028+08:00  INFO 10500 --- [yanshi-backend] [http-nio-8080-exec-3] c.y.controller.KnowledgePointController  : 获取所有知识点
2026-02-18T17:12:13.028+08:00  INFO 10500 --- [yanshi-backend] [http-nio-8080-exec-10] c.yanshi.controller.ArticleController    : 按分类统计文章
2026-02-18T17:12:16.769+08:00  INFO 10500 --- [yanshi-backend] [http-nio-8080-exec-4] c.yanshi.controller.ArticleController    : 按来源统计文章
2026-02-18T17:12:16.769+08:00  INFO 10500 --- [yanshi-backend] [http-nio-8080-exec-8] c.yanshi.controller.ArticleController    : 按分类统计文章
2026-02-18T17:12:16.769+08:00  INFO 10500 --- [yanshi-backend] [http-nio-8080-exec-2] c.yanshi.controller.ArticleController    : 获取最新文章: limit=5
2026-02-18T17:12:16.769+08:00  INFO 10500 --- [yanshi-backend] [http-nio-8080-exec-1] c.yanshi.controller.ArticleController    : 查询文章列表: com.yanshi.dto.ArticleQueryDTO@6571e35e
2026-02-18T17:12:45.021+08:00  INFO 10500 --- [yanshi-backend] [http-nio-8080-exec-7] c.yanshi.controller.ArticleController    : 按来源统计文章
2026-02-18T17:12:45.022+08:00  INFO 10500 --- [yanshi-backend] [http-nio-8080-exec-5] c.yanshi.controller.ArticleController    : 按分类统计文章
2026-02-18T17:12:45.022+08:00  INFO 10500 --- [yanshi-backend] [http-nio-8080-exec-6] c.yanshi.controller.ArticleController    : 获取最新文章: limit=5
2026-02-18T17:12:45.022+08:00  INFO 10500 --- [yanshi-backend] [http-nio-8080-exec-9] c.yanshi.controller.ArticleController    : 查询文章列表: com.yanshi.dto.ArticleQueryDTO@321737cb
2026-02-18T17:12:45.654+08:00  INFO 10500 --- [yanshi-backend] [http-nio-8080-exec-3] c.yanshi.controller.ArticleController    : 按分类统计文章
2026-02-18T17:12:45.654+08:00  INFO 10500 --- [yanshi-backend] [http-nio-8080-exec-10] c.yanshi.controller.ArticleController    : 按来源统计文章
2026-02-18T17:12:45.654+08:00  INFO 10500 --- [yanshi-backend] [http-nio-8080-exec-8] c.yanshi.controller.ArticleController    : 获取最新文章: limit=5
2026-02-18T17:12:45.654+08:00  INFO 10500 --- [yanshi-backend] [http-nio-8080-exec-4] c.yanshi.controller.ArticleController    : 查询文章列表: com.yanshi.dto.ArticleQueryDTO@55855734
2026-02-18T17:12:47.515+08:00  INFO 10500 --- [yanshi-backend] [http-nio-8080-exec-2] c.yanshi.controller.ArticleController    : 按分类统计文章
2026-02-18T17:12:47.515+08:00  INFO 10500 --- [yanshi-backend] [http-nio-8080-exec-1] c.y.controller.KnowledgePointController  : 获取所有知识点
2026-02-18T17:12:48.267+08:00  INFO 10500 --- [yanshi-backend] [http-nio-8080-exec-5] c.yanshi.controller.ArticleController    : 按来源统计文章
2026-02-18T17:12:48.267+08:00  INFO 10500 --- [yanshi-backend] [http-nio-8080-exec-6] c.yanshi.controller.ArticleController    : 按分类统计文章
2026-02-18T17:12:48.267+08:00  INFO 10500 --- [yanshi-backend] [http-nio-8080-exec-7] c.yanshi.controller.ArticleController    : 获取最新文章: limit=5
2026-02-18T17:12:48.267+08:00  INFO 10500 --- [yanshi-backend] [http-nio-8080-exec-9] c.yanshi.controller.ArticleController    : 查询文章列表: com.yanshi.dto.ArticleQueryDTO@67611569
2026-02-18T17:12:48.802+08:00  INFO 10500 --- [yanshi-backend] [http-nio-8080-exec-10] c.yanshi.controller.ArticleController    : 按分类统计文章
2026-02-18T17:12:48.802+08:00  INFO 10500 --- [yanshi-backend] [http-nio-8080-exec-3] c.y.controller.KnowledgePointController  : 获取所有知识点
2026-02-18T17:12:49.503+08:00  INFO 10500 --- [yanshi-backend] [http-nio-8080-exec-8] c.y.controller.KnowledgePointController  : 根据分类查询知识点: category=新华网视评
2026-02-18T17:12:50.581+08:00  INFO 10500 --- [yanshi-backend] [http-nio-8080-exec-4] c.y.controller.KnowledgePointController  : 获取所有知识点
2026-02-18T17:13:18.475+08:00  INFO 10500 --- [yanshi-backend] [http-nio-8080-exec-1] c.yanshi.controller.ArticleController    : 按分类统计文章
2026-02-18T17:13:18.475+08:00  INFO 10500 --- [yanshi-backend] [http-nio-8080-exec-2] c.yanshi.controller.ArticleController    : 按来源统计文章
2026-02-18T17:13:18.475+08:00  INFO 10500 --- [yanshi-backend] [http-nio-8080-exec-5] c.yanshi.controller.ArticleController    : 查询文章列表: com.yanshi.dto.ArticleQueryDTO@2e63342c
2026-02-18T17:13:18.475+08:00  INFO 10500 --- [yanshi-backend] [http-nio-8080-exec-6] c.yanshi.controller.ArticleController    : 获取最新文章: limit=5
2026-02-18T17:13:20.556+08:00  INFO 10500 --- [yanshi-backend] [http-nio-8080-exec-9] c.yanshi.controller.ArticleController    : 查询文章详情: id=500
2026-02-18T17:15:13.915+08:00  INFO 10500 --- [yanshi-backend] [http-nio-8080-exec-10] c.yanshi.controller.ArticleController    : 按分类统计文章
2026-02-18T17:15:13.915+08:00  INFO 10500 --- [yanshi-backend] [http-nio-8080-exec-7] c.yanshi.controller.ArticleController    : 按来源统计文章
2026-02-18T17:15:13.915+08:00  INFO 10500 --- [yanshi-backend] [http-nio-8080-exec-3] c.yanshi.controller.ArticleController    : 查询文章列表: com.yanshi.dto.ArticleQueryDTO@86be028
2026-02-18T17:15:13.916+08:00  INFO 10500 --- [yanshi-backend] [http-nio-8080-exec-8] c.yanshi.controller.ArticleController    : 获取最新文章: limit=5
2026-02-18T17:43:36.080+08:00  INFO 10500 --- [yanshi-backend] [http-nio-8080-exec-2] c.yanshi.controller.ArticleController    : 按分类统计文章
2026-02-18T17:43:36.080+08:00  INFO 10500 --- [yanshi-backend] [http-nio-8080-exec-6] c.yanshi.controller.ArticleController    : 获取最新文章: limit=5
2026-02-18T17:43:36.080+08:00  INFO 10500 --- [yanshi-backend] [http-nio-8080-exec-4] c.yanshi.controller.ArticleController    : 按来源统计文章
2026-02-18T17:43:36.081+08:00  INFO 10500 --- [yanshi-backend] [http-nio-8080-exec-1] c.yanshi.controller.ArticleController    : 查询文章列表: com.yanshi.dto.ArticleQueryDTO@4179a47
2026-02-18T17:43:38.657+08:00  INFO 10500 --- [yanshi-backend] [http-nio-8080-exec-5] c.yanshi.controller.ArticleController    : 按分类统计文章
2026-02-18T17:43:38.657+08:00  INFO 10500 --- [yanshi-backend] [http-nio-8080-exec-9] c.y.controller.KnowledgePointController  : 获取所有知识点
2026-02-18T17:43:40.789+08:00  INFO 10500 --- [yanshi-backend] [http-nio-8080-exec-10] c.yanshi.controller.ArticleController    : 按来源统计文章
2026-02-18T17:43:40.790+08:00  INFO 10500 --- [yanshi-backend] [http-nio-8080-exec-7] c.yanshi.controller.ArticleController    : 按分类统计文章
2026-02-18T17:43:40.790+08:00  INFO 10500 --- [yanshi-backend] [http-nio-8080-exec-3] c.yanshi.controller.ArticleController    : 查询文章列表: com.yanshi.dto.ArticleQueryDTO@6a350238
2026-02-18T17:43:40.790+08:00  INFO 10500 --- [yanshi-backend] [http-nio-8080-exec-8] c.yanshi.controller.ArticleController    : 获取最新文章: limit=5
2026-02-18T17:43:43.987+08:00  INFO 10500 --- [yanshi-backend] [http-nio-8080-exec-2] c.yanshi.controller.ArticleController    : 查询文章列表: com.yanshi.dto.ArticleQueryDTO@5db72257
2026-02-18T17:43:45.699+08:00  INFO 10500 --- [yanshi-backend] [http-nio-8080-exec-4] c.yanshi.controller.ArticleController    : 查询文章列表: com.yanshi.dto.ArticleQueryDTO@60825954
2026-02-18T17:43:47.803+08:00  INFO 10500 --- [yanshi-backend] [http-nio-8080-exec-6] c.yanshi.controller.ArticleController    : 查询文章列表: com.yanshi.dto.ArticleQueryDTO@57c9953
2026-02-18T17:43:49.467+08:00  INFO 10500 --- [yanshi-backend] [http-nio-8080-exec-1] c.yanshi.controller.ArticleController    : 查询文章列表: com.yanshi.dto.ArticleQueryDTO@71e1be8e
2026-02-18T17:43:52.660+08:00  INFO 10500 --- [yanshi-backend] [http-nio-8080-exec-5] c.yanshi.controller.ArticleController    : 查询文章列表: com.yanshi.dto.ArticleQueryDTO@4a90bdf2
2026-02-18T17:43:53.037+08:00  INFO 10500 --- [yanshi-backend] [http-nio-8080-exec-9] c.yanshi.controller.ArticleController    : 查询文章列表: com.yanshi.dto.ArticleQueryDTO@131a2ed4
2026-02-18T17:43:55.769+08:00  INFO 10500 --- [yanshi-backend] [http-nio-8080-exec-10] c.y.controller.KnowledgePointController  : 获取所有知识点
2026-02-18T17:43:55.769+08:00  INFO 10500 --- [yanshi-backend] [http-nio-8080-exec-7] c.yanshi.controller.ArticleController    : 按分类统计文章
2026-02-18T17:44:02.286+08:00  INFO 10500 --- [yanshi-backend] [http-nio-8080-exec-3] c.yanshi.controller.ArticleController    : 按分类统计文章
2026-02-18T17:44:02.286+08:00  INFO 10500 --- [yanshi-backend] [http-nio-8080-exec-8] c.yanshi.controller.ArticleController    : 按来源统计文章
2026-02-18T17:44:02.286+08:00  INFO 10500 --- [yanshi-backend] [http-nio-8080-exec-2] c.yanshi.controller.ArticleController    : 获取最新文章: limit=5
2026-02-18T17:44:02.286+08:00  INFO 10500 --- [yanshi-backend] [http-nio-8080-exec-4] c.yanshi.controller.ArticleController    : 查询文章列表: com.yanshi.dto.ArticleQueryDTO@38832c63
2026-02-18T17:44:13.990+08:00  INFO 10500 --- [yanshi-backend] [http-nio-8080-exec-6] c.yanshi.controller.ArticleController    : 查询文章列表: com.yanshi.dto.ArticleQueryDTO@3d0c0b5e
2026-02-18T17:44:16.987+08:00  INFO 10500 --- [yanshi-backend] [http-nio-8080-exec-1] c.yanshi.controller.ArticleController    : 查询文章列表: com.yanshi.dto.ArticleQueryDTO@186c861f
2026-02-18T17:44:19.463+08:00  INFO 10500 --- [yanshi-backend] [http-nio-8080-exec-5] c.yanshi.controller.ArticleController    : 查询文章列表: com.yanshi.dto.ArticleQueryDTO@2887d052
2026-02-18T17:44:28.225+08:00  INFO 10500 --- [yanshi-backend] [http-nio-8080-exec-9] c.yanshi.controller.ArticleController    : 按分类统计文章
2026-02-18T17:44:28.225+08:00  INFO 10500 --- [yanshi-backend] [http-nio-8080-exec-7] c.y.controller.KnowledgePointController  : 获取所有知识点
2026-02-18T17:44:32.919+08:00  INFO 10500 --- [yanshi-backend] [http-nio-8080-exec-8] c.yanshi.controller.ArticleController    : 按分类统计文章
2026-02-18T17:44:32.919+08:00  INFO 10500 --- [yanshi-backend] [http-nio-8080-exec-10] c.yanshi.controller.ArticleController    : 按来源统计文章
2026-02-18T17:44:32.919+08:00  INFO 10500 --- [yanshi-backend] [http-nio-8080-exec-4] c.yanshi.controller.ArticleController    : 获取最新文章: limit=5
2026-02-18T17:44:32.919+08:00  INFO 10500 --- [yanshi-backend] [http-nio-8080-exec-3] c.yanshi.controller.ArticleController    : 查询文章列表: com.yanshi.dto.ArticleQueryDTO@3be6d05c
2026-02-18T17:54:16.339+08:00  INFO 10500 --- [yanshi-backend] [http-nio-8080-exec-6] c.yanshi.controller.ArticleController    : 按分类统计文章
2026-02-18T17:54:16.339+08:00  INFO 10500 --- [yanshi-backend] [http-nio-8080-exec-5] c.yanshi.controller.ArticleController    : 获取最新文章: limit=5
2026-02-18T17:54:16.339+08:00  INFO 10500 --- [yanshi-backend] [http-nio-8080-exec-2] c.yanshi.controller.ArticleController    : 按来源统计文章
2026-02-18T17:54:16.339+08:00  INFO 10500 --- [yanshi-backend] [http-nio-8080-exec-1] c.yanshi.controller.ArticleController    : 查询文章列表: com.yanshi.dto.ArticleQueryDTO@3da4b77e
2026-02-18T17:54:19.761+08:00  INFO 10500 --- [yanshi-backend] [http-nio-8080-exec-9] c.yanshi.controller.ArticleController    : 按分类统计文章
2026-02-18T17:54:19.762+08:00  INFO 10500 --- [yanshi-backend] [http-nio-8080-exec-7] c.y.controller.KnowledgePointController  : 获取所有知识点
2026-02-18T17:54:26.257+08:00  INFO 10500 --- [yanshi-backend] [http-nio-8080-exec-8] c.yanshi.controller.ArticleController    : 按来源统计文章
2026-02-18T17:54:26.257+08:00  INFO 10500 --- [yanshi-backend] [http-nio-8080-exec-10] c.yanshi.controller.ArticleController    : 按分类统计文章
2026-02-18T17:54:26.257+08:00  INFO 10500 --- [yanshi-backend] [http-nio-8080-exec-4] c.yanshi.controller.ArticleController    : 获取最新文章: limit=5
2026-02-18T17:54:26.257+08:00  INFO 10500 --- [yanshi-backend] [http-nio-8080-exec-3] c.yanshi.controller.ArticleController    : 查询文章列表: com.yanshi.dto.ArticleQueryDTO@4e7f1d94
2026-02-18T17:54:29.021+08:00  INFO 10500 --- [yanshi-backend] [http-nio-8080-exec-2] c.y.controller.KnowledgePointController  : 获取所有知识点
2026-02-18T17:54:29.021+08:00  INFO 10500 --- [yanshi-backend] [http-nio-8080-exec-6] c.yanshi.controller.ArticleController    : 按分类统计文章
2026-02-18T17:54:29.401+08:00  INFO 10500 --- [yanshi-backend] [http-nio-8080-exec-5] c.yanshi.controller.ArticleController    : 按分类统计文章
2026-02-18T17:54:29.401+08:00  INFO 10500 --- [yanshi-backend] [http-nio-8080-exec-7] c.yanshi.controller.ArticleController    : 获取最新文章: limit=5
2026-02-18T17:54:29.401+08:00  INFO 10500 --- [yanshi-backend] [http-nio-8080-exec-1] c.yanshi.controller.ArticleController    : 按来源统计文章
2026-02-18T17:54:29.402+08:00  INFO 10500 --- [yanshi-backend] [http-nio-8080-exec-9] c.yanshi.controller.ArticleController    : 查询文章列表: com.yanshi.dto.ArticleQueryDTO@7448e717
2026-02-18T17:57:24.811+08:00  INFO 10500 --- [yanshi-backend] [http-nio-8080-exec-3] c.yanshi.controller.ArticleController    : 按分类统计文章
2026-02-18T17:57:24.811+08:00  INFO 10500 --- [yanshi-backend] [http-nio-8080-exec-8] c.yanshi.controller.ArticleController    : 按来源统计文章
2026-02-18T17:57:24.811+08:00  INFO 10500 --- [yanshi-backend] [http-nio-8080-exec-10] c.yanshi.controller.ArticleController    : 获取文章统计信息
2026-02-18T17:57:24.811+08:00  INFO 10500 --- [yanshi-backend] [http-nio-8080-exec-4] c.yanshi.controller.ArticleController    : 按日期统计文章: startDate=null, endDate=null
2026-02-18T17:57:24.818+08:00 ERROR 10500 --- [yanshi-backend] [http-nio-8080-exec-10] o.a.c.c.C.[.[.[.[dispatcherServlet]      : Servlet.service() for servlet [dispatcherServlet] in context with path [/api] threw exception [Request processing failed: java.lang.ClassCastException: class java.sql.Date cannot be cast to class java.time.LocalDate (java.sql.Date is in module java.sql of loader 'platform'; java.time.LocalDate is in module java.base of loader 'bootstrap')] with root cause

java.lang.ClassCastException: class java.sql.Date cannot be cast to class java.time.LocalDate (java.sql.Date is in module java.sql of loader 'platform'; java.time.LocalDate is in module java.base of loader 'bootstrap')
	at com.yanshi.service.impl.ArticleServiceImpl.getStatistics(ArticleServiceImpl.java:74) ~[classes/:na]
	at java.base/jdk.internal.reflect.NativeMethodAccessorImpl.invoke0(Native Method) ~[na:na]
	at java.base/jdk.internal.reflect.NativeMethodAccessorImpl.invoke(NativeMethodAccessorImpl.java:77) ~[na:na]
	at java.base/jdk.internal.reflect.DelegatingMethodAccessorImpl.invoke(DelegatingMethodAccessorImpl.java:43) ~[na:na]
	at java.base/java.lang.reflect.Method.invoke(Method.java:568) ~[na:na]
	at org.springframework.aop.support.AopUtils.invokeJoinpointUsingReflection(AopUtils.java:351) ~[spring-aop-6.1.3.jar:6.1.3]
	at org.springframework.aop.framework.CglibAopProxy$DynamicAdvisedInterceptor.intercept(CglibAopProxy.java:713) ~[spring-aop-6.1.3.jar:6.1.3]
	at com.yanshi.service.impl.ArticleServiceImpl$$SpringCGLIB$$0.getStatistics(<generated>) ~[classes/:na]
	at com.yanshi.controller.ArticleController.getStatistics(ArticleController.java:66) ~[classes/:na]
	at java.base/jdk.internal.reflect.NativeMethodAccessorImpl.invoke0(Native Method) ~[na:na]
	at java.base/jdk.internal.reflect.NativeMethodAccessorImpl.invoke(NativeMethodAccessorImpl.java:77) ~[na:na]
	at java.base/jdk.internal.reflect.DelegatingMethodAccessorImpl.invoke(DelegatingMethodAccessorImpl.java:43) ~[na:na]
	at java.base/java.lang.reflect.Method.invoke(Method.java:568) ~[na:na]
	at org.springframework.web.method.support.InvocableHandlerMethod.doInvoke(InvocableHandlerMethod.java:261) ~[spring-web-6.1.3.jar:6.1.3]
	at org.springframework.web.method.support.InvocableHandlerMethod.invokeForRequest(InvocableHandlerMethod.java:189) ~[spring-web-6.1.3.jar:6.1.3]
	at org.springframework.web.servlet.mvc.method.annotation.ServletInvocableHandlerMethod.invokeAndHandle(ServletInvocableHandlerMethod.java:118) ~[spring-webmvc-6.1.3.jar:6.1.3]
	at org.springframework.web.servlet.mvc.method.annotation.RequestMappingHandlerAdapter.invokeHandlerMethod(RequestMappingHandlerAdapter.java:917) ~[spring-webmvc-6.1.3.jar:6.1.3]
	at org.springframework.web.servlet.mvc.method.annotation.RequestMappingHandlerAdapter.handleInternal(RequestMappingHandlerAdapter.java:829) ~[spring-webmvc-6.1.3.jar:6.1.3]
	at org.springframework.web.servlet.mvc.method.AbstractHandlerMethodAdapter.handle(AbstractHandlerMethodAdapter.java:87) ~[spring-webmvc-6.1.3.jar:6.1.3]
	at org.springframework.web.servlet.DispatcherServlet.doDispatch(DispatcherServlet.java:1089) ~[spring-webmvc-6.1.3.jar:6.1.3]
	at org.springframework.web.servlet.DispatcherServlet.doService(DispatcherServlet.java:979) ~[spring-webmvc-6.1.3.jar:6.1.3]
	at org.springframework.web.servlet.FrameworkServlet.processRequest(FrameworkServlet.java:1014) ~[spring-webmvc-6.1.3.jar:6.1.3]
	at org.springframework.web.servlet.FrameworkServlet.doGet(FrameworkServlet.java:903) ~[spring-webmvc-6.1.3.jar:6.1.3]
	at jakarta.servlet.http.HttpServlet.service(HttpServlet.java:564) ~[tomcat-embed-core-10.1.18.jar:6.0]
	at org.springframework.web.servlet.FrameworkServlet.service(FrameworkServlet.java:885) ~[spring-webmvc-6.1.3.jar:6.1.3]
	at jakarta.servlet.http.HttpServlet.service(HttpServlet.java:658) ~[tomcat-embed-core-10.1.18.jar:6.0]
	at org.apache.catalina.core.ApplicationFilterChain.internalDoFilter(ApplicationFilterChain.java:205) ~[tomcat-embed-core-10.1.18.jar:10.1.18]
	at org.apache.catalina.core.ApplicationFilterChain.doFilter(ApplicationFilterChain.java:149) ~[tomcat-embed-core-10.1.18.jar:10.1.18]
	at org.apache.tomcat.websocket.server.WsFilter.doFilter(WsFilter.java:51) ~[tomcat-embed-websocket-10.1.18.jar:10.1.18]
	at org.apache.catalina.core.ApplicationFilterChain.internalDoFilter(ApplicationFilterChain.java:174) ~[tomcat-embed-core-10.1.18.jar:10.1.18]
	at org.apache.catalina.core.ApplicationFilterChain.doFilter(ApplicationFilterChain.java:149) ~[tomcat-embed-core-10.1.18.jar:10.1.18]
	at org.springframework.web.filter.RequestContextFilter.doFilterInternal(RequestContextFilter.java:100) ~[spring-web-6.1.3.jar:6.1.3]
	at org.springframework.web.filter.OncePerRequestFilter.doFilter(OncePerRequestFilter.java:116) ~[spring-web-6.1.3.jar:6.1.3]
	at org.apache.catalina.core.ApplicationFilterChain.internalDoFilter(ApplicationFilterChain.java:174) ~[tomcat-embed-core-10.1.18.jar:10.1.18]
	at org.apache.catalina.core.ApplicationFilterChain.doFilter(ApplicationFilterChain.java:149) ~[tomcat-embed-core-10.1.18.jar:10.1.18]
	at org.springframework.web.filter.FormContentFilter.doFilterInternal(FormContentFilter.java:93) ~[spring-web-6.1.3.jar:6.1.3]
	at org.springframework.web.filter.OncePerRequestFilter.doFilter(OncePerRequestFilter.java:116) ~[spring-web-6.1.3.jar:6.1.3]
	at org.apache.catalina.core.ApplicationFilterChain.internalDoFilter(ApplicationFilterChain.java:174) ~[tomcat-embed-core-10.1.18.jar:10.1.18]
	at org.apache.catalina.core.ApplicationFilterChain.doFilter(ApplicationFilterChain.java:149) ~[tomcat-embed-core-10.1.18.jar:10.1.18]
	at org.springframework.web.filter.CharacterEncodingFilter.doFilterInternal(CharacterEncodingFilter.java:201) ~[spring-web-6.1.3.jar:6.1.3]
	at org.springframework.web.filter.OncePerRequestFilter.doFilter(OncePerRequestFilter.java:116) ~[spring-web-6.1.3.jar:6.1.3]
	at org.apache.catalina.core.ApplicationFilterChain.internalDoFilter(ApplicationFilterChain.java:174) ~[tomcat-embed-core-10.1.18.jar:10.1.18]
	at org.apache.catalina.core.ApplicationFilterChain.doFilter(ApplicationFilterChain.java:149) ~[tomcat-embed-core-10.1.18.jar:10.1.18]
	at org.apache.catalina.core.StandardWrapperValve.invoke(StandardWrapperValve.java:167) ~[tomcat-embed-core-10.1.18.jar:10.1.18]
	at org.apache.catalina.core.StandardContextValve.invoke(StandardContextValve.java:90) ~[tomcat-embed-core-10.1.18.jar:10.1.18]
	at org.apache.catalina.authenticator.AuthenticatorBase.invoke(AuthenticatorBase.java:482) ~[tomcat-embed-core-10.1.18.jar:10.1.18]
	at org.apache.catalina.core.StandardHostValve.invoke(StandardHostValve.java:115) ~[tomcat-embed-core-10.1.18.jar:10.1.18]
	at org.apache.catalina.valves.ErrorReportValve.invoke(ErrorReportValve.java:93) ~[tomcat-embed-core-10.1.18.jar:10.1.18]
	at org.apache.catalina.core.StandardEngineValve.invoke(StandardEngineValve.java:74) ~[tomcat-embed-core-10.1.18.jar:10.1.18]
	at org.apache.catalina.connector.CoyoteAdapter.service(CoyoteAdapter.java:340) ~[tomcat-embed-core-10.1.18.jar:10.1.18]
	at org.apache.coyote.http11.Http11Processor.service(Http11Processor.java:391) ~[tomcat-embed-core-10.1.18.jar:10.1.18]
	at org.apache.coyote.AbstractProcessorLight.process(AbstractProcessorLight.java:63) ~[tomcat-embed-core-10.1.18.jar:10.1.18]
	at org.apache.coyote.AbstractProtocol$ConnectionHandler.process(AbstractProtocol.java:896) ~[tomcat-embed-core-10.1.18.jar:10.1.18]
	at org.apache.tomcat.util.net.NioEndpoint$SocketProcessor.doRun(NioEndpoint.java:1744) ~[tomcat-embed-core-10.1.18.jar:10.1.18]
	at org.apache.tomcat.util.net.SocketProcessorBase.run(SocketProcessorBase.java:52) ~[tomcat-embed-core-10.1.18.jar:10.1.18]
	at org.apache.tomcat.util.threads.ThreadPoolExecutor.runWorker(ThreadPoolExecutor.java:1191) ~[tomcat-embed-core-10.1.18.jar:10.1.18]
	at org.apache.tomcat.util.threads.ThreadPoolExecutor$Worker.run(ThreadPoolExecutor.java:659) ~[tomcat-embed-core-10.1.18.jar:10.1.18]
	at org.apache.tomcat.util.threads.TaskThread$WrappingRunnable.run(TaskThread.java:61) ~[tomcat-embed-core-10.1.18.jar:10.1.18]
	at java.base/java.lang.Thread.run(Thread.java:833) ~[na:na]

2026-02-18T17:57:35.218+08:00  INFO 10500 --- [yanshi-backend] [http-nio-8080-exec-6] c.yanshi.controller.ArticleController    : 获取文章统计信息
2026-02-18T17:57:35.218+08:00  INFO 10500 --- [yanshi-backend] [http-nio-8080-exec-2] c.yanshi.controller.ArticleController    : 按来源统计文章
2026-02-18T17:57:35.218+08:00  INFO 10500 --- [yanshi-backend] [http-nio-8080-exec-5] c.yanshi.controller.ArticleController    : 按分类统计文章
2026-02-18T17:57:35.218+08:00  INFO 10500 --- [yanshi-backend] [http-nio-8080-exec-1] c.yanshi.controller.ArticleController    : 按日期统计文章: startDate=null, endDate=null
2026-02-18T17:57:35.221+08:00 ERROR 10500 --- [yanshi-backend] [http-nio-8080-exec-6] o.a.c.c.C.[.[.[.[dispatcherServlet]      : Servlet.service() for servlet [dispatcherServlet] in context with path [/api] threw exception [Request processing failed: java.lang.ClassCastException: class java.sql.Date cannot be cast to class java.time.LocalDate (java.sql.Date is in module java.sql of loader 'platform'; java.time.LocalDate is in module java.base of loader 'bootstrap')] with root cause

java.lang.ClassCastException: class java.sql.Date cannot be cast to class java.time.LocalDate (java.sql.Date is in module java.sql of loader 'platform'; java.time.LocalDate is in module java.base of loader 'bootstrap')
	at com.yanshi.service.impl.ArticleServiceImpl.getStatistics(ArticleServiceImpl.java:74) ~[classes/:na]
	at java.base/jdk.internal.reflect.NativeMethodAccessorImpl.invoke0(Native Method) ~[na:na]
	at java.base/jdk.internal.reflect.NativeMethodAccessorImpl.invoke(NativeMethodAccessorImpl.java:77) ~[na:na]
	at java.base/jdk.internal.reflect.DelegatingMethodAccessorImpl.invoke(DelegatingMethodAccessorImpl.java:43) ~[na:na]
	at java.base/java.lang.reflect.Method.invoke(Method.java:568) ~[na:na]
	at org.springframework.aop.support.AopUtils.invokeJoinpointUsingReflection(AopUtils.java:351) ~[spring-aop-6.1.3.jar:6.1.3]
	at org.springframework.aop.framework.CglibAopProxy$DynamicAdvisedInterceptor.intercept(CglibAopProxy.java:713) ~[spring-aop-6.1.3.jar:6.1.3]
	at com.yanshi.service.impl.ArticleServiceImpl$$SpringCGLIB$$0.getStatistics(<generated>) ~[classes/:na]
	at com.yanshi.controller.ArticleController.getStatistics(ArticleController.java:66) ~[classes/:na]
	at java.base/jdk.internal.reflect.NativeMethodAccessorImpl.invoke0(Native Method) ~[na:na]
	at java.base/jdk.internal.reflect.NativeMethodAccessorImpl.invoke(NativeMethodAccessorImpl.java:77) ~[na:na]
	at java.base/jdk.internal.reflect.DelegatingMethodAccessorImpl.invoke(DelegatingMethodAccessorImpl.java:43) ~[na:na]
	at java.base/java.lang.reflect.Method.invoke(Method.java:568) ~[na:na]
	at org.springframework.web.method.support.InvocableHandlerMethod.doInvoke(InvocableHandlerMethod.java:261) ~[spring-web-6.1.3.jar:6.1.3]
	at org.springframework.web.method.support.InvocableHandlerMethod.invokeForRequest(InvocableHandlerMethod.java:189) ~[spring-web-6.1.3.jar:6.1.3]
	at org.springframework.web.servlet.mvc.method.annotation.ServletInvocableHandlerMethod.invokeAndHandle(ServletInvocableHandlerMethod.java:118) ~[spring-webmvc-6.1.3.jar:6.1.3]
	at org.springframework.web.servlet.mvc.method.annotation.RequestMappingHandlerAdapter.invokeHandlerMethod(RequestMappingHandlerAdapter.java:917) ~[spring-webmvc-6.1.3.jar:6.1.3]
	at org.springframework.web.servlet.mvc.method.annotation.RequestMappingHandlerAdapter.handleInternal(RequestMappingHandlerAdapter.java:829) ~[spring-webmvc-6.1.3.jar:6.1.3]
	at org.springframework.web.servlet.mvc.method.AbstractHandlerMethodAdapter.handle(AbstractHandlerMethodAdapter.java:87) ~[spring-webmvc-6.1.3.jar:6.1.3]
	at org.springframework.web.servlet.DispatcherServlet.doDispatch(DispatcherServlet.java:1089) ~[spring-webmvc-6.1.3.jar:6.1.3]
	at org.springframework.web.servlet.DispatcherServlet.doService(DispatcherServlet.java:979) ~[spring-webmvc-6.1.3.jar:6.1.3]
	at org.springframework.web.servlet.FrameworkServlet.processRequest(FrameworkServlet.java:1014) ~[spring-webmvc-6.1.3.jar:6.1.3]
	at org.springframework.web.servlet.FrameworkServlet.doGet(FrameworkServlet.java:903) ~[spring-webmvc-6.1.3.jar:6.1.3]
	at jakarta.servlet.http.HttpServlet.service(HttpServlet.java:564) ~[tomcat-embed-core-10.1.18.jar:6.0]
	at org.springframework.web.servlet.FrameworkServlet.service(FrameworkServlet.java:885) ~[spring-webmvc-6.1.3.jar:6.1.3]
	at jakarta.servlet.http.HttpServlet.service(HttpServlet.java:658) ~[tomcat-embed-core-10.1.18.jar:6.0]
	at org.apache.catalina.core.ApplicationFilterChain.internalDoFilter(ApplicationFilterChain.java:205) ~[tomcat-embed-core-10.1.18.jar:10.1.18]
	at org.apache.catalina.core.ApplicationFilterChain.doFilter(ApplicationFilterChain.java:149) ~[tomcat-embed-core-10.1.18.jar:10.1.18]
	at org.apache.tomcat.websocket.server.WsFilter.doFilter(WsFilter.java:51) ~[tomcat-embed-websocket-10.1.18.jar:10.1.18]
	at org.apache.catalina.core.ApplicationFilterChain.internalDoFilter(ApplicationFilterChain.java:174) ~[tomcat-embed-core-10.1.18.jar:10.1.18]
	at org.apache.catalina.core.ApplicationFilterChain.doFilter(ApplicationFilterChain.java:149) ~[tomcat-embed-core-10.1.18.jar:10.1.18]
	at org.springframework.web.filter.RequestContextFilter.doFilterInternal(RequestContextFilter.java:100) ~[spring-web-6.1.3.jar:6.1.3]
	at org.springframework.web.filter.OncePerRequestFilter.doFilter(OncePerRequestFilter.java:116) ~[spring-web-6.1.3.jar:6.1.3]
	at org.apache.catalina.core.ApplicationFilterChain.internalDoFilter(ApplicationFilterChain.java:174) ~[tomcat-embed-core-10.1.18.jar:10.1.18]
	at org.apache.catalina.core.ApplicationFilterChain.doFilter(ApplicationFilterChain.java:149) ~[tomcat-embed-core-10.1.18.jar:10.1.18]
	at org.springframework.web.filter.FormContentFilter.doFilterInternal(FormContentFilter.java:93) ~[spring-web-6.1.3.jar:6.1.3]
	at org.springframework.web.filter.OncePerRequestFilter.doFilter(OncePerRequestFilter.java:116) ~[spring-web-6.1.3.jar:6.1.3]
	at org.apache.catalina.core.ApplicationFilterChain.internalDoFilter(ApplicationFilterChain.java:174) ~[tomcat-embed-core-10.1.18.jar:10.1.18]
	at org.apache.catalina.core.ApplicationFilterChain.doFilter(ApplicationFilterChain.java:149) ~[tomcat-embed-core-10.1.18.jar:10.1.18]
	at org.springframework.web.filter.CharacterEncodingFilter.doFilterInternal(CharacterEncodingFilter.java:201) ~[spring-web-6.1.3.jar:6.1.3]
	at org.springframework.web.filter.OncePerRequestFilter.doFilter(OncePerRequestFilter.java:116) ~[spring-web-6.1.3.jar:6.1.3]
	at org.apache.catalina.core.ApplicationFilterChain.internalDoFilter(ApplicationFilterChain.java:174) ~[tomcat-embed-core-10.1.18.jar:10.1.18]
	at org.apache.catalina.core.ApplicationFilterChain.doFilter(ApplicationFilterChain.java:149) ~[tomcat-embed-core-10.1.18.jar:10.1.18]
	at org.apache.catalina.core.StandardWrapperValve.invoke(StandardWrapperValve.java:167) ~[tomcat-embed-core-10.1.18.jar:10.1.18]
	at org.apache.catalina.core.StandardContextValve.invoke(StandardContextValve.java:90) ~[tomcat-embed-core-10.1.18.jar:10.1.18]
	at org.apache.catalina.authenticator.AuthenticatorBase.invoke(AuthenticatorBase.java:482) ~[tomcat-embed-core-10.1.18.jar:10.1.18]
	at org.apache.catalina.core.StandardHostValve.invoke(StandardHostValve.java:115) ~[tomcat-embed-core-10.1.18.jar:10.1.18]
	at org.apache.catalina.valves.ErrorReportValve.invoke(ErrorReportValve.java:93) ~[tomcat-embed-core-10.1.18.jar:10.1.18]
	at org.apache.catalina.core.StandardEngineValve.invoke(StandardEngineValve.java:74) ~[tomcat-embed-core-10.1.18.jar:10.1.18]
	at org.apache.catalina.connector.CoyoteAdapter.service(CoyoteAdapter.java:340) ~[tomcat-embed-core-10.1.18.jar:10.1.18]
	at org.apache.coyote.http11.Http11Processor.service(Http11Processor.java:391) ~[tomcat-embed-core-10.1.18.jar:10.1.18]
	at org.apache.coyote.AbstractProcessorLight.process(AbstractProcessorLight.java:63) ~[tomcat-embed-core-10.1.18.jar:10.1.18]
	at org.apache.coyote.AbstractProtocol$ConnectionHandler.process(AbstractProtocol.java:896) ~[tomcat-embed-core-10.1.18.jar:10.1.18]
	at org.apache.tomcat.util.net.NioEndpoint$SocketProcessor.doRun(NioEndpoint.java:1744) ~[tomcat-embed-core-10.1.18.jar:10.1.18]
	at org.apache.tomcat.util.net.SocketProcessorBase.run(SocketProcessorBase.java:52) ~[tomcat-embed-core-10.1.18.jar:10.1.18]
	at org.apache.tomcat.util.threads.ThreadPoolExecutor.runWorker(ThreadPoolExecutor.java:1191) ~[tomcat-embed-core-10.1.18.jar:10.1.18]
	at org.apache.tomcat.util.threads.ThreadPoolExecutor$Worker.run(ThreadPoolExecutor.java:659) ~[tomcat-embed-core-10.1.18.jar:10.1.18]
	at org.apache.tomcat.util.threads.TaskThread$WrappingRunnable.run(TaskThread.java:61) ~[tomcat-embed-core-10.1.18.jar:10.1.18]
	at java.base/java.lang.Thread.run(Thread.java:833) ~[na:na]

2026-02-18T17:57:45.458+08:00  INFO 10500 --- [yanshi-backend] [http-nio-8080-exec-7] c.yanshi.controller.ArticleController    : 获取文章统计信息
2026-02-18T17:57:45.458+08:00  INFO 10500 --- [yanshi-backend] [http-nio-8080-exec-8] c.yanshi.controller.ArticleController    : 按日期统计文章: startDate=null, endDate=null
2026-02-18T17:57:45.458+08:00  INFO 10500 --- [yanshi-backend] [http-nio-8080-exec-3] c.yanshi.controller.ArticleController    : 按分类统计文章
2026-02-18T17:57:45.458+08:00  INFO 10500 --- [yanshi-backend] [http-nio-8080-exec-9] c.yanshi.controller.ArticleController    : 按来源统计文章
2026-02-18T17:57:45.461+08:00 ERROR 10500 --- [yanshi-backend] [http-nio-8080-exec-7] o.a.c.c.C.[.[.[.[dispatcherServlet]      : Servlet.service() for servlet [dispatcherServlet] in context with path [/api] threw exception [Request processing failed: java.lang.ClassCastException: class java.sql.Date cannot be cast to class java.time.LocalDate (java.sql.Date is in module java.sql of loader 'platform'; java.time.LocalDate is in module java.base of loader 'bootstrap')] with root cause

java.lang.ClassCastException: class java.sql.Date cannot be cast to class java.time.LocalDate (java.sql.Date is in module java.sql of loader 'platform'; java.time.LocalDate is in module java.base of loader 'bootstrap')
	at com.yanshi.service.impl.ArticleServiceImpl.getStatistics(ArticleServiceImpl.java:74) ~[classes/:na]
	at java.base/jdk.internal.reflect.NativeMethodAccessorImpl.invoke0(Native Method) ~[na:na]
	at java.base/jdk.internal.reflect.NativeMethodAccessorImpl.invoke(NativeMethodAccessorImpl.java:77) ~[na:na]
	at java.base/jdk.internal.reflect.DelegatingMethodAccessorImpl.invoke(DelegatingMethodAccessorImpl.java:43) ~[na:na]
	at java.base/java.lang.reflect.Method.invoke(Method.java:568) ~[na:na]
	at org.springframework.aop.support.AopUtils.invokeJoinpointUsingReflection(AopUtils.java:351) ~[spring-aop-6.1.3.jar:6.1.3]
	at org.springframework.aop.framework.CglibAopProxy$DynamicAdvisedInterceptor.intercept(CglibAopProxy.java:713) ~[spring-aop-6.1.3.jar:6.1.3]
	at com.yanshi.service.impl.ArticleServiceImpl$$SpringCGLIB$$0.getStatistics(<generated>) ~[classes/:na]
	at com.yanshi.controller.ArticleController.getStatistics(ArticleController.java:66) ~[classes/:na]
	at java.base/jdk.internal.reflect.NativeMethodAccessorImpl.invoke0(Native Method) ~[na:na]
	at java.base/jdk.internal.reflect.NativeMethodAccessorImpl.invoke(NativeMethodAccessorImpl.java:77) ~[na:na]
	at java.base/jdk.internal.reflect.DelegatingMethodAccessorImpl.invoke(DelegatingMethodAccessorImpl.java:43) ~[na:na]
	at java.base/java.lang.reflect.Method.invoke(Method.java:568) ~[na:na]
	at org.springframework.web.method.support.InvocableHandlerMethod.doInvoke(InvocableHandlerMethod.java:261) ~[spring-web-6.1.3.jar:6.1.3]
	at org.springframework.web.method.support.InvocableHandlerMethod.invokeForRequest(InvocableHandlerMethod.java:189) ~[spring-web-6.1.3.jar:6.1.3]
	at org.springframework.web.servlet.mvc.method.annotation.ServletInvocableHandlerMethod.invokeAndHandle(ServletInvocableHandlerMethod.java:118) ~[spring-webmvc-6.1.3.jar:6.1.3]
	at org.springframework.web.servlet.mvc.method.annotation.RequestMappingHandlerAdapter.invokeHandlerMethod(RequestMappingHandlerAdapter.java:917) ~[spring-webmvc-6.1.3.jar:6.1.3]
	at org.springframework.web.servlet.mvc.method.annotation.RequestMappingHandlerAdapter.handleInternal(RequestMappingHandlerAdapter.java:829) ~[spring-webmvc-6.1.3.jar:6.1.3]
	at org.springframework.web.servlet.mvc.method.AbstractHandlerMethodAdapter.handle(AbstractHandlerMethodAdapter.java:87) ~[spring-webmvc-6.1.3.jar:6.1.3]
	at org.springframework.web.servlet.DispatcherServlet.doDispatch(DispatcherServlet.java:1089) ~[spring-webmvc-6.1.3.jar:6.1.3]
	at org.springframework.web.servlet.DispatcherServlet.doService(DispatcherServlet.java:979) ~[spring-webmvc-6.1.3.jar:6.1.3]
	at org.springframework.web.servlet.FrameworkServlet.processRequest(FrameworkServlet.java:1014) ~[spring-webmvc-6.1.3.jar:6.1.3]
	at org.springframework.web.servlet.FrameworkServlet.doGet(FrameworkServlet.java:903) ~[spring-webmvc-6.1.3.jar:6.1.3]
	at jakarta.servlet.http.HttpServlet.service(HttpServlet.java:564) ~[tomcat-embed-core-10.1.18.jar:6.0]
	at org.springframework.web.servlet.FrameworkServlet.service(FrameworkServlet.java:885) ~[spring-webmvc-6.1.3.jar:6.1.3]
	at jakarta.servlet.http.HttpServlet.service(HttpServlet.java:658) ~[tomcat-embed-core-10.1.18.jar:6.0]
	at org.apache.catalina.core.ApplicationFilterChain.internalDoFilter(ApplicationFilterChain.java:205) ~[tomcat-embed-core-10.1.18.jar:10.1.18]
	at org.apache.catalina.core.ApplicationFilterChain.doFilter(ApplicationFilterChain.java:149) ~[tomcat-embed-core-10.1.18.jar:10.1.18]
	at org.apache.tomcat.websocket.server.WsFilter.doFilter(WsFilter.java:51) ~[tomcat-embed-websocket-10.1.18.jar:10.1.18]
	at org.apache.catalina.core.ApplicationFilterChain.internalDoFilter(ApplicationFilterChain.java:174) ~[tomcat-embed-core-10.1.18.jar:10.1.18]
	at org.apache.catalina.core.ApplicationFilterChain.doFilter(ApplicationFilterChain.java:149) ~[tomcat-embed-core-10.1.18.jar:10.1.18]
	at org.springframework.web.filter.RequestContextFilter.doFilterInternal(RequestContextFilter.java:100) ~[spring-web-6.1.3.jar:6.1.3]
	at org.springframework.web.filter.OncePerRequestFilter.doFilter(OncePerRequestFilter.java:116) ~[spring-web-6.1.3.jar:6.1.3]
	at org.apache.catalina.core.ApplicationFilterChain.internalDoFilter(ApplicationFilterChain.java:174) ~[tomcat-embed-core-10.1.18.jar:10.1.18]
	at org.apache.catalina.core.ApplicationFilterChain.doFilter(ApplicationFilterChain.java:149) ~[tomcat-embed-core-10.1.18.jar:10.1.18]
	at org.springframework.web.filter.FormContentFilter.doFilterInternal(FormContentFilter.java:93) ~[spring-web-6.1.3.jar:6.1.3]
	at org.springframework.web.filter.OncePerRequestFilter.doFilter(OncePerRequestFilter.java:116) ~[spring-web-6.1.3.jar:6.1.3]
	at org.apache.catalina.core.ApplicationFilterChain.internalDoFilter(ApplicationFilterChain.java:174) ~[tomcat-embed-core-10.1.18.jar:10.1.18]
	at org.apache.catalina.core.ApplicationFilterChain.doFilter(ApplicationFilterChain.java:149) ~[tomcat-embed-core-10.1.18.jar:10.1.18]
	at org.springframework.web.filter.CharacterEncodingFilter.doFilterInternal(CharacterEncodingFilter.java:201) ~[spring-web-6.1.3.jar:6.1.3]
	at org.springframework.web.filter.OncePerRequestFilter.doFilter(OncePerRequestFilter.java:116) ~[spring-web-6.1.3.jar:6.1.3]
	at org.apache.catalina.core.ApplicationFilterChain.internalDoFilter(ApplicationFilterChain.java:174) ~[tomcat-embed-core-10.1.18.jar:10.1.18]
	at org.apache.catalina.core.ApplicationFilterChain.doFilter(ApplicationFilterChain.java:149) ~[tomcat-embed-core-10.1.18.jar:10.1.18]
	at org.apache.catalina.core.StandardWrapperValve.invoke(StandardWrapperValve.java:167) ~[tomcat-embed-core-10.1.18.jar:10.1.18]
	at org.apache.catalina.core.StandardContextValve.invoke(StandardContextValve.java:90) ~[tomcat-embed-core-10.1.18.jar:10.1.18]
	at org.apache.catalina.authenticator.AuthenticatorBase.invoke(AuthenticatorBase.java:482) ~[tomcat-embed-core-10.1.18.jar:10.1.18]
	at org.apache.catalina.core.StandardHostValve.invoke(StandardHostValve.java:115) ~[tomcat-embed-core-10.1.18.jar:10.1.18]
	at org.apache.catalina.valves.ErrorReportValve.invoke(ErrorReportValve.java:93) ~[tomcat-embed-core-10.1.18.jar:10.1.18]
	at org.apache.catalina.core.StandardEngineValve.invoke(StandardEngineValve.java:74) ~[tomcat-embed-core-10.1.18.jar:10.1.18]
	at org.apache.catalina.connector.CoyoteAdapter.service(CoyoteAdapter.java:340) ~[tomcat-embed-core-10.1.18.jar:10.1.18]
	at org.apache.coyote.http11.Http11Processor.service(Http11Processor.java:391) ~[tomcat-embed-core-10.1.18.jar:10.1.18]
	at org.apache.coyote.AbstractProcessorLight.process(AbstractProcessorLight.java:63) ~[tomcat-embed-core-10.1.18.jar:10.1.18]
	at org.apache.coyote.AbstractProtocol$ConnectionHandler.process(AbstractProtocol.java:896) ~[tomcat-embed-core-10.1.18.jar:10.1.18]
	at org.apache.tomcat.util.net.NioEndpoint$SocketProcessor.doRun(NioEndpoint.java:1744) ~[tomcat-embed-core-10.1.18.jar:10.1.18]
	at org.apache.tomcat.util.net.SocketProcessorBase.run(SocketProcessorBase.java:52) ~[tomcat-embed-core-10.1.18.jar:10.1.18]
	at org.apache.tomcat.util.threads.ThreadPoolExecutor.runWorker(ThreadPoolExecutor.java:1191) ~[tomcat-embed-core-10.1.18.jar:10.1.18]
	at org.apache.tomcat.util.threads.ThreadPoolExecutor$Worker.run(ThreadPoolExecutor.java:659) ~[tomcat-embed-core-10.1.18.jar:10.1.18]
	at org.apache.tomcat.util.threads.TaskThread$WrappingRunnable.run(TaskThread.java:61) ~[tomcat-embed-core-10.1.18.jar:10.1.18]
	at java.base/java.lang.Thread.run(Thread.java:833) ~[na:na]

2026-02-18T17:57:49.655+08:00  INFO 10500 --- [yanshi-backend] [http-nio-8080-exec-4] c.yanshi.controller.ArticleController    : 获取文章统计信息
2026-02-18T17:57:49.656+08:00  INFO 10500 --- [yanshi-backend] [http-nio-8080-exec-10] c.yanshi.controller.ArticleController    : 按来源统计文章
2026-02-18T17:57:49.656+08:00  INFO 10500 --- [yanshi-backend] [http-nio-8080-exec-2] c.yanshi.controller.ArticleController    : 按分类统计文章
2026-02-18T17:57:49.656+08:00  INFO 10500 --- [yanshi-backend] [http-nio-8080-exec-5] c.yanshi.controller.ArticleController    : 按日期统计文章: startDate=null, endDate=null
2026-02-18T17:57:49.657+08:00 ERROR 10500 --- [yanshi-backend] [http-nio-8080-exec-4] o.a.c.c.C.[.[.[.[dispatcherServlet]      : Servlet.service() for servlet [dispatcherServlet] in context with path [/api] threw exception [Request processing failed: java.lang.ClassCastException: class java.sql.Date cannot be cast to class java.time.LocalDate (java.sql.Date is in module java.sql of loader 'platform'; java.time.LocalDate is in module java.base of loader 'bootstrap')] with root cause

java.lang.ClassCastException: class java.sql.Date cannot be cast to class java.time.LocalDate (java.sql.Date is in module java.sql of loader 'platform'; java.time.LocalDate is in module java.base of loader 'bootstrap')
	at com.yanshi.service.impl.ArticleServiceImpl.getStatistics(ArticleServiceImpl.java:74) ~[classes/:na]
	at java.base/jdk.internal.reflect.NativeMethodAccessorImpl.invoke0(Native Method) ~[na:na]
	at java.base/jdk.internal.reflect.NativeMethodAccessorImpl.invoke(NativeMethodAccessorImpl.java:77) ~[na:na]
	at java.base/jdk.internal.reflect.DelegatingMethodAccessorImpl.invoke(DelegatingMethodAccessorImpl.java:43) ~[na:na]
	at java.base/java.lang.reflect.Method.invoke(Method.java:568) ~[na:na]
	at org.springframework.aop.support.AopUtils.invokeJoinpointUsingReflection(AopUtils.java:351) ~[spring-aop-6.1.3.jar:6.1.3]
	at org.springframework.aop.framework.CglibAopProxy$DynamicAdvisedInterceptor.intercept(CglibAopProxy.java:713) ~[spring-aop-6.1.3.jar:6.1.3]
	at com.yanshi.service.impl.ArticleServiceImpl$$SpringCGLIB$$0.getStatistics(<generated>) ~[classes/:na]
	at com.yanshi.controller.ArticleController.getStatistics(ArticleController.java:66) ~[classes/:na]
	at java.base/jdk.internal.reflect.NativeMethodAccessorImpl.invoke0(Native Method) ~[na:na]
	at java.base/jdk.internal.reflect.NativeMethodAccessorImpl.invoke(NativeMethodAccessorImpl.java:77) ~[na:na]
	at java.base/jdk.internal.reflect.DelegatingMethodAccessorImpl.invoke(DelegatingMethodAccessorImpl.java:43) ~[na:na]
	at java.base/java.lang.reflect.Method.invoke(Method.java:568) ~[na:na]
	at org.springframework.web.method.support.InvocableHandlerMethod.doInvoke(InvocableHandlerMethod.java:261) ~[spring-web-6.1.3.jar:6.1.3]
	at org.springframework.web.method.support.InvocableHandlerMethod.invokeForRequest(InvocableHandlerMethod.java:189) ~[spring-web-6.1.3.jar:6.1.3]
	at org.springframework.web.servlet.mvc.method.annotation.ServletInvocableHandlerMethod.invokeAndHandle(ServletInvocableHandlerMethod.java:118) ~[spring-webmvc-6.1.3.jar:6.1.3]
	at org.springframework.web.servlet.mvc.method.annotation.RequestMappingHandlerAdapter.invokeHandlerMethod(RequestMappingHandlerAdapter.java:917) ~[spring-webmvc-6.1.3.jar:6.1.3]
	at org.springframework.web.servlet.mvc.method.annotation.RequestMappingHandlerAdapter.handleInternal(RequestMappingHandlerAdapter.java:829) ~[spring-webmvc-6.1.3.jar:6.1.3]
	at org.springframework.web.servlet.mvc.method.AbstractHandlerMethodAdapter.handle(AbstractHandlerMethodAdapter.java:87) ~[spring-webmvc-6.1.3.jar:6.1.3]
	at org.springframework.web.servlet.DispatcherServlet.doDispatch(DispatcherServlet.java:1089) ~[spring-webmvc-6.1.3.jar:6.1.3]
	at org.springframework.web.servlet.DispatcherServlet.doService(DispatcherServlet.java:979) ~[spring-webmvc-6.1.3.jar:6.1.3]
	at org.springframework.web.servlet.FrameworkServlet.processRequest(FrameworkServlet.java:1014) ~[spring-webmvc-6.1.3.jar:6.1.3]
	at org.springframework.web.servlet.FrameworkServlet.doGet(FrameworkServlet.java:903) ~[spring-webmvc-6.1.3.jar:6.1.3]
	at jakarta.servlet.http.HttpServlet.service(HttpServlet.java:564) ~[tomcat-embed-core-10.1.18.jar:6.0]
	at org.springframework.web.servlet.FrameworkServlet.service(FrameworkServlet.java:885) ~[spring-webmvc-6.1.3.jar:6.1.3]
	at jakarta.servlet.http.HttpServlet.service(HttpServlet.java:658) ~[tomcat-embed-core-10.1.18.jar:6.0]
	at org.apache.catalina.core.ApplicationFilterChain.internalDoFilter(ApplicationFilterChain.java:205) ~[tomcat-embed-core-10.1.18.jar:10.1.18]
	at org.apache.catalina.core.ApplicationFilterChain.doFilter(ApplicationFilterChain.java:149) ~[tomcat-embed-core-10.1.18.jar:10.1.18]
	at org.apache.tomcat.websocket.server.WsFilter.doFilter(WsFilter.java:51) ~[tomcat-embed-websocket-10.1.18.jar:10.1.18]
	at org.apache.catalina.core.ApplicationFilterChain.internalDoFilter(ApplicationFilterChain.java:174) ~[tomcat-embed-core-10.1.18.jar:10.1.18]
	at org.apache.catalina.core.ApplicationFilterChain.doFilter(ApplicationFilterChain.java:149) ~[tomcat-embed-core-10.1.18.jar:10.1.18]
	at org.springframework.web.filter.RequestContextFilter.doFilterInternal(RequestContextFilter.java:100) ~[spring-web-6.1.3.jar:6.1.3]
	at org.springframework.web.filter.OncePerRequestFilter.doFilter(OncePerRequestFilter.java:116) ~[spring-web-6.1.3.jar:6.1.3]
	at org.apache.catalina.core.ApplicationFilterChain.internalDoFilter(ApplicationFilterChain.java:174) ~[tomcat-embed-core-10.1.18.jar:10.1.18]
	at org.apache.catalina.core.ApplicationFilterChain.doFilter(ApplicationFilterChain.java:149) ~[tomcat-embed-core-10.1.18.jar:10.1.18]
	at org.springframework.web.filter.FormContentFilter.doFilterInternal(FormContentFilter.java:93) ~[spring-web-6.1.3.jar:6.1.3]
	at org.springframework.web.filter.OncePerRequestFilter.doFilter(OncePerRequestFilter.java:116) ~[spring-web-6.1.3.jar:6.1.3]
	at org.apache.catalina.core.ApplicationFilterChain.internalDoFilter(ApplicationFilterChain.java:174) ~[tomcat-embed-core-10.1.18.jar:10.1.18]
	at org.apache.catalina.core.ApplicationFilterChain.doFilter(ApplicationFilterChain.java:149) ~[tomcat-embed-core-10.1.18.jar:10.1.18]
	at org.springframework.web.filter.CharacterEncodingFilter.doFilterInternal(CharacterEncodingFilter.java:201) ~[spring-web-6.1.3.jar:6.1.3]
	at org.springframework.web.filter.OncePerRequestFilter.doFilter(OncePerRequestFilter.java:116) ~[spring-web-6.1.3.jar:6.1.3]
	at org.apache.catalina.core.ApplicationFilterChain.internalDoFilter(ApplicationFilterChain.java:174) ~[tomcat-embed-core-10.1.18.jar:10.1.18]
	at org.apache.catalina.core.ApplicationFilterChain.doFilter(ApplicationFilterChain.java:149) ~[tomcat-embed-core-10.1.18.jar:10.1.18]
	at org.apache.catalina.core.StandardWrapperValve.invoke(StandardWrapperValve.java:167) ~[tomcat-embed-core-10.1.18.jar:10.1.18]
	at org.apache.catalina.core.StandardContextValve.invoke(StandardContextValve.java:90) ~[tomcat-embed-core-10.1.18.jar:10.1.18]
	at org.apache.catalina.authenticator.AuthenticatorBase.invoke(AuthenticatorBase.java:482) ~[tomcat-embed-core-10.1.18.jar:10.1.18]
	at org.apache.catalina.core.StandardHostValve.invoke(StandardHostValve.java:115) ~[tomcat-embed-core-10.1.18.jar:10.1.18]
	at org.apache.catalina.valves.ErrorReportValve.invoke(ErrorReportValve.java:93) ~[tomcat-embed-core-10.1.18.jar:10.1.18]
	at org.apache.catalina.core.StandardEngineValve.invoke(StandardEngineValve.java:74) ~[tomcat-embed-core-10.1.18.jar:10.1.18]
	at org.apache.catalina.connector.CoyoteAdapter.service(CoyoteAdapter.java:340) ~[tomcat-embed-core-10.1.18.jar:10.1.18]
	at org.apache.coyote.http11.Http11Processor.service(Http11Processor.java:391) ~[tomcat-embed-core-10.1.18.jar:10.1.18]
	at org.apache.coyote.AbstractProcessorLight.process(AbstractProcessorLight.java:63) ~[tomcat-embed-core-10.1.18.jar:10.1.18]
	at org.apache.coyote.AbstractProtocol$ConnectionHandler.process(AbstractProtocol.java:896) ~[tomcat-embed-core-10.1.18.jar:10.1.18]
	at org.apache.tomcat.util.net.NioEndpoint$SocketProcessor.doRun(NioEndpoint.java:1744) ~[tomcat-embed-core-10.1.18.jar:10.1.18]
	at org.apache.tomcat.util.net.SocketProcessorBase.run(SocketProcessorBase.java:52) ~[tomcat-embed-core-10.1.18.jar:10.1.18]
	at org.apache.tomcat.util.threads.ThreadPoolExecutor.runWorker(ThreadPoolExecutor.java:1191) ~[tomcat-embed-core-10.1.18.jar:10.1.18]
	at org.apache.tomcat.util.threads.ThreadPoolExecutor$Worker.run(ThreadPoolExecutor.java:659) ~[tomcat-embed-core-10.1.18.jar:10.1.18]
	at org.apache.tomcat.util.threads.TaskThread$WrappingRunnable.run(TaskThread.java:61) ~[tomcat-embed-core-10.1.18.jar:10.1.18]
	at java.base/java.lang.Thread.run(Thread.java:833) ~[na:na]

2026-02-18T17:58:03.164+08:00  INFO 10500 --- [yanshi-backend] [http-nio-8080-exec-6] c.yanshi.controller.ArticleController    : 按分类统计文章
2026-02-18T17:58:03.164+08:00  INFO 10500 --- [yanshi-backend] [http-nio-8080-exec-1] c.y.controller.KnowledgePointController  : 获取所有知识点
2026-02-18T17:58:04.305+08:00  INFO 10500 --- [yanshi-backend] [http-nio-8080-exec-9] c.yanshi.controller.ArticleController    : 按来源统计文章
2026-02-18T17:58:04.307+08:00  INFO 10500 --- [yanshi-backend] [http-nio-8080-exec-3] c.yanshi.controller.ArticleController    : 按分类统计文章
2026-02-18T17:58:04.309+08:00  INFO 10500 --- [yanshi-backend] [http-nio-8080-exec-8] c.yanshi.controller.ArticleController    : 获取最新文章: limit=5
2026-02-18T17:58:04.309+08:00  INFO 10500 --- [yanshi-backend] [http-nio-8080-exec-7] c.yanshi.controller.ArticleController    : 查询文章列表: com.yanshi.dto.ArticleQueryDTO@45dca96b
2026-02-18T17:58:06.942+08:00  INFO 10500 --- [yanshi-backend] [http-nio-8080-exec-2] c.y.controller.KnowledgePointController  : 获取所有知识点
2026-02-18T17:58:06.942+08:00  INFO 10500 --- [yanshi-backend] [http-nio-8080-exec-10] c.yanshi.controller.ArticleController    : 按分类统计文章
2026-02-18T17:58:07.044+08:00  INFO 10500 --- [yanshi-backend] [http-nio-8080-exec-6] c.yanshi.controller.ArticleController    : 按分类统计文章
2026-02-18T17:58:07.044+08:00  INFO 10500 --- [yanshi-backend] [http-nio-8080-exec-4] c.yanshi.controller.ArticleController    : 获取文章统计信息
2026-02-18T17:58:07.044+08:00  INFO 10500 --- [yanshi-backend] [http-nio-8080-exec-5] c.yanshi.controller.ArticleController    : 按来源统计文章
2026-02-18T17:58:07.044+08:00  INFO 10500 --- [yanshi-backend] [http-nio-8080-exec-1] c.yanshi.controller.ArticleController    : 按日期统计文章: startDate=null, endDate=null
2026-02-18T17:58:07.045+08:00 ERROR 10500 --- [yanshi-backend] [http-nio-8080-exec-4] o.a.c.c.C.[.[.[.[dispatcherServlet]      : Servlet.service() for servlet [dispatcherServlet] in context with path [/api] threw exception [Request processing failed: java.lang.ClassCastException: class java.sql.Date cannot be cast to class java.time.LocalDate (java.sql.Date is in module java.sql of loader 'platform'; java.time.LocalDate is in module java.base of loader 'bootstrap')] with root cause

java.lang.ClassCastException: class java.sql.Date cannot be cast to class java.time.LocalDate (java.sql.Date is in module java.sql of loader 'platform'; java.time.LocalDate is in module java.base of loader 'bootstrap')
	at com.yanshi.service.impl.ArticleServiceImpl.getStatistics(ArticleServiceImpl.java:74) ~[classes/:na]
	at java.base/jdk.internal.reflect.NativeMethodAccessorImpl.invoke0(Native Method) ~[na:na]
	at java.base/jdk.internal.reflect.NativeMethodAccessorImpl.invoke(NativeMethodAccessorImpl.java:77) ~[na:na]
	at java.base/jdk.internal.reflect.DelegatingMethodAccessorImpl.invoke(DelegatingMethodAccessorImpl.java:43) ~[na:na]
	at java.base/java.lang.reflect.Method.invoke(Method.java:568) ~[na:na]
	at org.springframework.aop.support.AopUtils.invokeJoinpointUsingReflection(AopUtils.java:351) ~[spring-aop-6.1.3.jar:6.1.3]
	at org.springframework.aop.framework.CglibAopProxy$DynamicAdvisedInterceptor.intercept(CglibAopProxy.java:713) ~[spring-aop-6.1.3.jar:6.1.3]
	at com.yanshi.service.impl.ArticleServiceImpl$$SpringCGLIB$$0.getStatistics(<generated>) ~[classes/:na]
	at com.yanshi.controller.ArticleController.getStatistics(ArticleController.java:66) ~[classes/:na]
	at java.base/jdk.internal.reflect.NativeMethodAccessorImpl.invoke0(Native Method) ~[na:na]
	at java.base/jdk.internal.reflect.NativeMethodAccessorImpl.invoke(NativeMethodAccessorImpl.java:77) ~[na:na]
	at java.base/jdk.internal.reflect.DelegatingMethodAccessorImpl.invoke(DelegatingMethodAccessorImpl.java:43) ~[na:na]
	at java.base/java.lang.reflect.Method.invoke(Method.java:568) ~[na:na]
	at org.springframework.web.method.support.InvocableHandlerMethod.doInvoke(InvocableHandlerMethod.java:261) ~[spring-web-6.1.3.jar:6.1.3]
	at org.springframework.web.method.support.InvocableHandlerMethod.invokeForRequest(InvocableHandlerMethod.java:189) ~[spring-web-6.1.3.jar:6.1.3]
	at org.springframework.web.servlet.mvc.method.annotation.ServletInvocableHandlerMethod.invokeAndHandle(ServletInvocableHandlerMethod.java:118) ~[spring-webmvc-6.1.3.jar:6.1.3]
	at org.springframework.web.servlet.mvc.method.annotation.RequestMappingHandlerAdapter.invokeHandlerMethod(RequestMappingHandlerAdapter.java:917) ~[spring-webmvc-6.1.3.jar:6.1.3]
	at org.springframework.web.servlet.mvc.method.annotation.RequestMappingHandlerAdapter.handleInternal(RequestMappingHandlerAdapter.java:829) ~[spring-webmvc-6.1.3.jar:6.1.3]
	at org.springframework.web.servlet.mvc.method.AbstractHandlerMethodAdapter.handle(AbstractHandlerMethodAdapter.java:87) ~[spring-webmvc-6.1.3.jar:6.1.3]
	at org.springframework.web.servlet.DispatcherServlet.doDispatch(DispatcherServlet.java:1089) ~[spring-webmvc-6.1.3.jar:6.1.3]
	at org.springframework.web.servlet.DispatcherServlet.doService(DispatcherServlet.java:979) ~[spring-webmvc-6.1.3.jar:6.1.3]
	at org.springframework.web.servlet.FrameworkServlet.processRequest(FrameworkServlet.java:1014) ~[spring-webmvc-6.1.3.jar:6.1.3]
	at org.springframework.web.servlet.FrameworkServlet.doGet(FrameworkServlet.java:903) ~[spring-webmvc-6.1.3.jar:6.1.3]
	at jakarta.servlet.http.HttpServlet.service(HttpServlet.java:564) ~[tomcat-embed-core-10.1.18.jar:6.0]
	at org.springframework.web.servlet.FrameworkServlet.service(FrameworkServlet.java:885) ~[spring-webmvc-6.1.3.jar:6.1.3]
	at jakarta.servlet.http.HttpServlet.service(HttpServlet.java:658) ~[tomcat-embed-core-10.1.18.jar:6.0]
	at org.apache.catalina.core.ApplicationFilterChain.internalDoFilter(ApplicationFilterChain.java:205) ~[tomcat-embed-core-10.1.18.jar:10.1.18]
	at org.apache.catalina.core.ApplicationFilterChain.doFilter(ApplicationFilterChain.java:149) ~[tomcat-embed-core-10.1.18.jar:10.1.18]
	at org.apache.tomcat.websocket.server.WsFilter.doFilter(WsFilter.java:51) ~[tomcat-embed-websocket-10.1.18.jar:10.1.18]
	at org.apache.catalina.core.ApplicationFilterChain.internalDoFilter(ApplicationFilterChain.java:174) ~[tomcat-embed-core-10.1.18.jar:10.1.18]
	at org.apache.catalina.core.ApplicationFilterChain.doFilter(ApplicationFilterChain.java:149) ~[tomcat-embed-core-10.1.18.jar:10.1.18]
	at org.springframework.web.filter.RequestContextFilter.doFilterInternal(RequestContextFilter.java:100) ~[spring-web-6.1.3.jar:6.1.3]
	at org.springframework.web.filter.OncePerRequestFilter.doFilter(OncePerRequestFilter.java:116) ~[spring-web-6.1.3.jar:6.1.3]
	at org.apache.catalina.core.ApplicationFilterChain.internalDoFilter(ApplicationFilterChain.java:174) ~[tomcat-embed-core-10.1.18.jar:10.1.18]
	at org.apache.catalina.core.ApplicationFilterChain.doFilter(ApplicationFilterChain.java:149) ~[tomcat-embed-core-10.1.18.jar:10.1.18]
	at org.springframework.web.filter.FormContentFilter.doFilterInternal(FormContentFilter.java:93) ~[spring-web-6.1.3.jar:6.1.3]
	at org.springframework.web.filter.OncePerRequestFilter.doFilter(OncePerRequestFilter.java:116) ~[spring-web-6.1.3.jar:6.1.3]
	at org.apache.catalina.core.ApplicationFilterChain.internalDoFilter(ApplicationFilterChain.java:174) ~[tomcat-embed-core-10.1.18.jar:10.1.18]
	at org.apache.catalina.core.ApplicationFilterChain.doFilter(ApplicationFilterChain.java:149) ~[tomcat-embed-core-10.1.18.jar:10.1.18]
	at org.springframework.web.filter.CharacterEncodingFilter.doFilterInternal(CharacterEncodingFilter.java:201) ~[spring-web-6.1.3.jar:6.1.3]
	at org.springframework.web.filter.OncePerRequestFilter.doFilter(OncePerRequestFilter.java:116) ~[spring-web-6.1.3.jar:6.1.3]
	at org.apache.catalina.core.ApplicationFilterChain.internalDoFilter(ApplicationFilterChain.java:174) ~[tomcat-embed-core-10.1.18.jar:10.1.18]
	at org.apache.catalina.core.ApplicationFilterChain.doFilter(ApplicationFilterChain.java:149) ~[tomcat-embed-core-10.1.18.jar:10.1.18]
	at org.apache.catalina.core.StandardWrapperValve.invoke(StandardWrapperValve.java:167) ~[tomcat-embed-core-10.1.18.jar:10.1.18]
	at org.apache.catalina.core.StandardContextValve.invoke(StandardContextValve.java:90) ~[tomcat-embed-core-10.1.18.jar:10.1.18]
	at org.apache.catalina.authenticator.AuthenticatorBase.invoke(AuthenticatorBase.java:482) ~[tomcat-embed-core-10.1.18.jar:10.1.18]
	at org.apache.catalina.core.StandardHostValve.invoke(StandardHostValve.java:115) ~[tomcat-embed-core-10.1.18.jar:10.1.18]
	at org.apache.catalina.valves.ErrorReportValve.invoke(ErrorReportValve.java:93) ~[tomcat-embed-core-10.1.18.jar:10.1.18]
	at org.apache.catalina.core.StandardEngineValve.invoke(StandardEngineValve.java:74) ~[tomcat-embed-core-10.1.18.jar:10.1.18]
	at org.apache.catalina.connector.CoyoteAdapter.service(CoyoteAdapter.java:340) ~[tomcat-embed-core-10.1.18.jar:10.1.18]
	at org.apache.coyote.http11.Http11Processor.service(Http11Processor.java:391) ~[tomcat-embed-core-10.1.18.jar:10.1.18]
	at org.apache.coyote.AbstractProcessorLight.process(AbstractProcessorLight.java:63) ~[tomcat-embed-core-10.1.18.jar:10.1.18]
	at org.apache.coyote.AbstractProtocol$ConnectionHandler.process(AbstractProtocol.java:896) ~[tomcat-embed-core-10.1.18.jar:10.1.18]
	at org.apache.tomcat.util.net.NioEndpoint$SocketProcessor.doRun(NioEndpoint.java:1744) ~[tomcat-embed-core-10.1.18.jar:10.1.18]
	at org.apache.tomcat.util.net.SocketProcessorBase.run(SocketProcessorBase.java:52) ~[tomcat-embed-core-10.1.18.jar:10.1.18]
	at org.apache.tomcat.util.threads.ThreadPoolExecutor.runWorker(ThreadPoolExecutor.java:1191) ~[tomcat-embed-core-10.1.18.jar:10.1.18]
	at org.apache.tomcat.util.threads.ThreadPoolExecutor$Worker.run(ThreadPoolExecutor.java:659) ~[tomcat-embed-core-10.1.18.jar:10.1.18]
	at org.apache.tomcat.util.threads.TaskThread$WrappingRunnable.run(TaskThread.java:61) ~[tomcat-embed-core-10.1.18.jar:10.1.18]
	at java.base/java.lang.Thread.run(Thread.java:833) ~[na:na]

2026-02-18T17:59:35.443+08:00  INFO 10500 --- [yanshi-backend] [http-nio-8080-exec-9] c.yanshi.controller.ArticleController    : 获取文章统计信息
2026-02-18T17:59:35.443+08:00  INFO 10500 --- [yanshi-backend] [http-nio-8080-exec-7] c.yanshi.controller.ArticleController    : 按分类统计文章
2026-02-18T17:59:35.443+08:00  INFO 10500 --- [yanshi-backend] [http-nio-8080-exec-3] c.yanshi.controller.ArticleController    : 按来源统计文章
2026-02-18T17:59:35.443+08:00  INFO 10500 --- [yanshi-backend] [http-nio-8080-exec-8] c.yanshi.controller.ArticleController    : 按日期统计文章: startDate=null, endDate=null
2026-02-18T17:59:35.446+08:00 ERROR 10500 --- [yanshi-backend] [http-nio-8080-exec-9] o.a.c.c.C.[.[.[.[dispatcherServlet]      : Servlet.service() for servlet [dispatcherServlet] in context with path [/api] threw exception [Request processing failed: java.lang.ClassCastException: class java.sql.Date cannot be cast to class java.time.LocalDate (java.sql.Date is in module java.sql of loader 'platform'; java.time.LocalDate is in module java.base of loader 'bootstrap')] with root cause

java.lang.ClassCastException: class java.sql.Date cannot be cast to class java.time.LocalDate (java.sql.Date is in module java.sql of loader 'platform'; java.time.LocalDate is in module java.base of loader 'bootstrap')
	at com.yanshi.service.impl.ArticleServiceImpl.getStatistics(ArticleServiceImpl.java:74) ~[classes/:na]
	at java.base/jdk.internal.reflect.NativeMethodAccessorImpl.invoke0(Native Method) ~[na:na]
	at java.base/jdk.internal.reflect.NativeMethodAccessorImpl.invoke(NativeMethodAccessorImpl.java:77) ~[na:na]
	at java.base/jdk.internal.reflect.DelegatingMethodAccessorImpl.invoke(DelegatingMethodAccessorImpl.java:43) ~[na:na]
	at java.base/java.lang.reflect.Method.invoke(Method.java:568) ~[na:na]
	at org.springframework.aop.support.AopUtils.invokeJoinpointUsingReflection(AopUtils.java:351) ~[spring-aop-6.1.3.jar:6.1.3]
	at org.springframework.aop.framework.CglibAopProxy$DynamicAdvisedInterceptor.intercept(CglibAopProxy.java:713) ~[spring-aop-6.1.3.jar:6.1.3]
	at com.yanshi.service.impl.ArticleServiceImpl$$SpringCGLIB$$0.getStatistics(<generated>) ~[classes/:na]
	at com.yanshi.controller.ArticleController.getStatistics(ArticleController.java:66) ~[classes/:na]
	at java.base/jdk.internal.reflect.NativeMethodAccessorImpl.invoke0(Native Method) ~[na:na]
	at java.base/jdk.internal.reflect.NativeMethodAccessorImpl.invoke(NativeMethodAccessorImpl.java:77) ~[na:na]
	at java.base/jdk.internal.reflect.DelegatingMethodAccessorImpl.invoke(DelegatingMethodAccessorImpl.java:43) ~[na:na]
	at java.base/java.lang.reflect.Method.invoke(Method.java:568) ~[na:na]
	at org.springframework.web.method.support.InvocableHandlerMethod.doInvoke(InvocableHandlerMethod.java:261) ~[spring-web-6.1.3.jar:6.1.3]
	at org.springframework.web.method.support.InvocableHandlerMethod.invokeForRequest(InvocableHandlerMethod.java:189) ~[spring-web-6.1.3.jar:6.1.3]
	at org.springframework.web.servlet.mvc.method.annotation.ServletInvocableHandlerMethod.invokeAndHandle(ServletInvocableHandlerMethod.java:118) ~[spring-webmvc-6.1.3.jar:6.1.3]
	at org.springframework.web.servlet.mvc.method.annotation.RequestMappingHandlerAdapter.invokeHandlerMethod(RequestMappingHandlerAdapter.java:917) ~[spring-webmvc-6.1.3.jar:6.1.3]
	at org.springframework.web.servlet.mvc.method.annotation.RequestMappingHandlerAdapter.handleInternal(RequestMappingHandlerAdapter.java:829) ~[spring-webmvc-6.1.3.jar:6.1.3]
	at org.springframework.web.servlet.mvc.method.AbstractHandlerMethodAdapter.handle(AbstractHandlerMethodAdapter.java:87) ~[spring-webmvc-6.1.3.jar:6.1.3]
	at org.springframework.web.servlet.DispatcherServlet.doDispatch(DispatcherServlet.java:1089) ~[spring-webmvc-6.1.3.jar:6.1.3]
	at org.springframework.web.servlet.DispatcherServlet.doService(DispatcherServlet.java:979) ~[spring-webmvc-6.1.3.jar:6.1.3]
	at org.springframework.web.servlet.FrameworkServlet.processRequest(FrameworkServlet.java:1014) ~[spring-webmvc-6.1.3.jar:6.1.3]
	at org.springframework.web.servlet.FrameworkServlet.doGet(FrameworkServlet.java:903) ~[spring-webmvc-6.1.3.jar:6.1.3]
	at jakarta.servlet.http.HttpServlet.service(HttpServlet.java:564) ~[tomcat-embed-core-10.1.18.jar:6.0]
	at org.springframework.web.servlet.FrameworkServlet.service(FrameworkServlet.java:885) ~[spring-webmvc-6.1.3.jar:6.1.3]
	at jakarta.servlet.http.HttpServlet.service(HttpServlet.java:658) ~[tomcat-embed-core-10.1.18.jar:6.0]
	at org.apache.catalina.core.ApplicationFilterChain.internalDoFilter(ApplicationFilterChain.java:205) ~[tomcat-embed-core-10.1.18.jar:10.1.18]
	at org.apache.catalina.core.ApplicationFilterChain.doFilter(ApplicationFilterChain.java:149) ~[tomcat-embed-core-10.1.18.jar:10.1.18]
	at org.apache.tomcat.websocket.server.WsFilter.doFilter(WsFilter.java:51) ~[tomcat-embed-websocket-10.1.18.jar:10.1.18]
	at org.apache.catalina.core.ApplicationFilterChain.internalDoFilter(ApplicationFilterChain.java:174) ~[tomcat-embed-core-10.1.18.jar:10.1.18]
	at org.apache.catalina.core.ApplicationFilterChain.doFilter(ApplicationFilterChain.java:149) ~[tomcat-embed-core-10.1.18.jar:10.1.18]
	at org.springframework.web.filter.RequestContextFilter.doFilterInternal(RequestContextFilter.java:100) ~[spring-web-6.1.3.jar:6.1.3]
	at org.springframework.web.filter.OncePerRequestFilter.doFilter(OncePerRequestFilter.java:116) ~[spring-web-6.1.3.jar:6.1.3]
	at org.apache.catalina.core.ApplicationFilterChain.internalDoFilter(ApplicationFilterChain.java:174) ~[tomcat-embed-core-10.1.18.jar:10.1.18]
	at org.apache.catalina.core.ApplicationFilterChain.doFilter(ApplicationFilterChain.java:149) ~[tomcat-embed-core-10.1.18.jar:10.1.18]
	at org.springframework.web.filter.FormContentFilter.doFilterInternal(FormContentFilter.java:93) ~[spring-web-6.1.3.jar:6.1.3]
	at org.springframework.web.filter.OncePerRequestFilter.doFilter(OncePerRequestFilter.java:116) ~[spring-web-6.1.3.jar:6.1.3]
	at org.apache.catalina.core.ApplicationFilterChain.internalDoFilter(ApplicationFilterChain.java:174) ~[tomcat-embed-core-10.1.18.jar:10.1.18]
	at org.apache.catalina.core.ApplicationFilterChain.doFilter(ApplicationFilterChain.java:149) ~[tomcat-embed-core-10.1.18.jar:10.1.18]
	at org.springframework.web.filter.CharacterEncodingFilter.doFilterInternal(CharacterEncodingFilter.java:201) ~[spring-web-6.1.3.jar:6.1.3]
	at org.springframework.web.filter.OncePerRequestFilter.doFilter(OncePerRequestFilter.java:116) ~[spring-web-6.1.3.jar:6.1.3]
	at org.apache.catalina.core.ApplicationFilterChain.internalDoFilter(ApplicationFilterChain.java:174) ~[tomcat-embed-core-10.1.18.jar:10.1.18]
	at org.apache.catalina.core.ApplicationFilterChain.doFilter(ApplicationFilterChain.java:149) ~[tomcat-embed-core-10.1.18.jar:10.1.18]
	at org.apache.catalina.core.StandardWrapperValve.invoke(StandardWrapperValve.java:167) ~[tomcat-embed-core-10.1.18.jar:10.1.18]
	at org.apache.catalina.core.StandardContextValve.invoke(StandardContextValve.java:90) ~[tomcat-embed-core-10.1.18.jar:10.1.18]
	at org.apache.catalina.authenticator.AuthenticatorBase.invoke(AuthenticatorBase.java:482) ~[tomcat-embed-core-10.1.18.jar:10.1.18]
	at org.apache.catalina.core.StandardHostValve.invoke(StandardHostValve.java:115) ~[tomcat-embed-core-10.1.18.jar:10.1.18]
	at org.apache.catalina.valves.ErrorReportValve.invoke(ErrorReportValve.java:93) ~[tomcat-embed-core-10.1.18.jar:10.1.18]
	at org.apache.catalina.core.StandardEngineValve.invoke(StandardEngineValve.java:74) ~[tomcat-embed-core-10.1.18.jar:10.1.18]
	at org.apache.catalina.connector.CoyoteAdapter.service(CoyoteAdapter.java:340) ~[tomcat-embed-core-10.1.18.jar:10.1.18]
	at org.apache.coyote.http11.Http11Processor.service(Http11Processor.java:391) ~[tomcat-embed-core-10.1.18.jar:10.1.18]
	at org.apache.coyote.AbstractProcessorLight.process(AbstractProcessorLight.java:63) ~[tomcat-embed-core-10.1.18.jar:10.1.18]
	at org.apache.coyote.AbstractProtocol$ConnectionHandler.process(AbstractProtocol.java:896) ~[tomcat-embed-core-10.1.18.jar:10.1.18]
	at org.apache.tomcat.util.net.NioEndpoint$SocketProcessor.doRun(NioEndpoint.java:1744) ~[tomcat-embed-core-10.1.18.jar:10.1.18]
	at org.apache.tomcat.util.net.SocketProcessorBase.run(SocketProcessorBase.java:52) ~[tomcat-embed-core-10.1.18.jar:10.1.18]
	at org.apache.tomcat.util.threads.ThreadPoolExecutor.runWorker(ThreadPoolExecutor.java:1191) ~[tomcat-embed-core-10.1.18.jar:10.1.18]
	at org.apache.tomcat.util.threads.ThreadPoolExecutor$Worker.run(ThreadPoolExecutor.java:659) ~[tomcat-embed-core-10.1.18.jar:10.1.18]
	at org.apache.tomcat.util.threads.TaskThread$WrappingRunnable.run(TaskThread.java:61) ~[tomcat-embed-core-10.1.18.jar:10.1.18]
	at java.base/java.lang.Thread.run(Thread.java:833) ~[na:na]

2026-02-18T17:59:46.221+08:00  INFO 10500 --- [yanshi-backend] [http-nio-8080-exec-2] c.yanshi.controller.ArticleController    : 按来源统计文章
2026-02-18T17:59:46.221+08:00  INFO 10500 --- [yanshi-backend] [http-nio-8080-exec-5] c.yanshi.controller.ArticleController    : 按分类统计文章
2026-02-18T17:59:46.221+08:00  INFO 10500 --- [yanshi-backend] [http-nio-8080-exec-10] c.yanshi.controller.ArticleController    : 获取文章统计信息
2026-02-18T17:59:46.221+08:00  INFO 10500 --- [yanshi-backend] [http-nio-8080-exec-6] c.yanshi.controller.ArticleController    : 按日期统计文章: startDate=null, endDate=null
2026-02-18T17:59:46.223+08:00 ERROR 10500 --- [yanshi-backend] [http-nio-8080-exec-10] o.a.c.c.C.[.[.[.[dispatcherServlet]      : Servlet.service() for servlet [dispatcherServlet] in context with path [/api] threw exception [Request processing failed: java.lang.ClassCastException: class java.sql.Date cannot be cast to class java.time.LocalDate (java.sql.Date is in module java.sql of loader 'platform'; java.time.LocalDate is in module java.base of loader 'bootstrap')] with root cause

java.lang.ClassCastException: class java.sql.Date cannot be cast to class java.time.LocalDate (java.sql.Date is in module java.sql of loader 'platform'; java.time.LocalDate is in module java.base of loader 'bootstrap')
	at com.yanshi.service.impl.ArticleServiceImpl.getStatistics(ArticleServiceImpl.java:74) ~[classes/:na]
	at java.base/jdk.internal.reflect.NativeMethodAccessorImpl.invoke0(Native Method) ~[na:na]
	at java.base/jdk.internal.reflect.NativeMethodAccessorImpl.invoke(NativeMethodAccessorImpl.java:77) ~[na:na]
	at java.base/jdk.internal.reflect.DelegatingMethodAccessorImpl.invoke(DelegatingMethodAccessorImpl.java:43) ~[na:na]
	at java.base/java.lang.reflect.Method.invoke(Method.java:568) ~[na:na]
	at org.springframework.aop.support.AopUtils.invokeJoinpointUsingReflection(AopUtils.java:351) ~[spring-aop-6.1.3.jar:6.1.3]
	at org.springframework.aop.framework.CglibAopProxy$DynamicAdvisedInterceptor.intercept(CglibAopProxy.java:713) ~[spring-aop-6.1.3.jar:6.1.3]
	at com.yanshi.service.impl.ArticleServiceImpl$$SpringCGLIB$$0.getStatistics(<generated>) ~[classes/:na]
	at com.yanshi.controller.ArticleController.getStatistics(ArticleController.java:66) ~[classes/:na]
	at java.base/jdk.internal.reflect.NativeMethodAccessorImpl.invoke0(Native Method) ~[na:na]
	at java.base/jdk.internal.reflect.NativeMethodAccessorImpl.invoke(NativeMethodAccessorImpl.java:77) ~[na:na]
	at java.base/jdk.internal.reflect.DelegatingMethodAccessorImpl.invoke(DelegatingMethodAccessorImpl.java:43) ~[na:na]
	at java.base/java.lang.reflect.Method.invoke(Method.java:568) ~[na:na]
	at org.springframework.web.method.support.InvocableHandlerMethod.doInvoke(InvocableHandlerMethod.java:261) ~[spring-web-6.1.3.jar:6.1.3]
	at org.springframework.web.method.support.InvocableHandlerMethod.invokeForRequest(InvocableHandlerMethod.java:189) ~[spring-web-6.1.3.jar:6.1.3]
	at org.springframework.web.servlet.mvc.method.annotation.ServletInvocableHandlerMethod.invokeAndHandle(ServletInvocableHandlerMethod.java:118) ~[spring-webmvc-6.1.3.jar:6.1.3]
	at org.springframework.web.servlet.mvc.method.annotation.RequestMappingHandlerAdapter.invokeHandlerMethod(RequestMappingHandlerAdapter.java:917) ~[spring-webmvc-6.1.3.jar:6.1.3]
	at org.springframework.web.servlet.mvc.method.annotation.RequestMappingHandlerAdapter.handleInternal(RequestMappingHandlerAdapter.java:829) ~[spring-webmvc-6.1.3.jar:6.1.3]
	at org.springframework.web.servlet.mvc.method.AbstractHandlerMethodAdapter.handle(AbstractHandlerMethodAdapter.java:87) ~[spring-webmvc-6.1.3.jar:6.1.3]
	at org.springframework.web.servlet.DispatcherServlet.doDispatch(DispatcherServlet.java:1089) ~[spring-webmvc-6.1.3.jar:6.1.3]
	at org.springframework.web.servlet.DispatcherServlet.doService(DispatcherServlet.java:979) ~[spring-webmvc-6.1.3.jar:6.1.3]
	at org.springframework.web.servlet.FrameworkServlet.processRequest(FrameworkServlet.java:1014) ~[spring-webmvc-6.1.3.jar:6.1.3]
	at org.springframework.web.servlet.FrameworkServlet.doGet(FrameworkServlet.java:903) ~[spring-webmvc-6.1.3.jar:6.1.3]
	at jakarta.servlet.http.HttpServlet.service(HttpServlet.java:564) ~[tomcat-embed-core-10.1.18.jar:6.0]
	at org.springframework.web.servlet.FrameworkServlet.service(FrameworkServlet.java:885) ~[spring-webmvc-6.1.3.jar:6.1.3]
	at jakarta.servlet.http.HttpServlet.service(HttpServlet.java:658) ~[tomcat-embed-core-10.1.18.jar:6.0]
	at org.apache.catalina.core.ApplicationFilterChain.internalDoFilter(ApplicationFilterChain.java:205) ~[tomcat-embed-core-10.1.18.jar:10.1.18]
	at org.apache.catalina.core.ApplicationFilterChain.doFilter(ApplicationFilterChain.java:149) ~[tomcat-embed-core-10.1.18.jar:10.1.18]
	at org.apache.tomcat.websocket.server.WsFilter.doFilter(WsFilter.java:51) ~[tomcat-embed-websocket-10.1.18.jar:10.1.18]
	at org.apache.catalina.core.ApplicationFilterChain.internalDoFilter(ApplicationFilterChain.java:174) ~[tomcat-embed-core-10.1.18.jar:10.1.18]
	at org.apache.catalina.core.ApplicationFilterChain.doFilter(ApplicationFilterChain.java:149) ~[tomcat-embed-core-10.1.18.jar:10.1.18]
	at org.springframework.web.filter.RequestContextFilter.doFilterInternal(RequestContextFilter.java:100) ~[spring-web-6.1.3.jar:6.1.3]
	at org.springframework.web.filter.OncePerRequestFilter.doFilter(OncePerRequestFilter.java:116) ~[spring-web-6.1.3.jar:6.1.3]
	at org.apache.catalina.core.ApplicationFilterChain.internalDoFilter(ApplicationFilterChain.java:174) ~[tomcat-embed-core-10.1.18.jar:10.1.18]
	at org.apache.catalina.core.ApplicationFilterChain.doFilter(ApplicationFilterChain.java:149) ~[tomcat-embed-core-10.1.18.jar:10.1.18]
	at org.springframework.web.filter.FormContentFilter.doFilterInternal(FormContentFilter.java:93) ~[spring-web-6.1.3.jar:6.1.3]
	at org.springframework.web.filter.OncePerRequestFilter.doFilter(OncePerRequestFilter.java:116) ~[spring-web-6.1.3.jar:6.1.3]
	at org.apache.catalina.core.ApplicationFilterChain.internalDoFilter(ApplicationFilterChain.java:174) ~[tomcat-embed-core-10.1.18.jar:10.1.18]
	at org.apache.catalina.core.ApplicationFilterChain.doFilter(ApplicationFilterChain.java:149) ~[tomcat-embed-core-10.1.18.jar:10.1.18]
	at org.springframework.web.filter.CharacterEncodingFilter.doFilterInternal(CharacterEncodingFilter.java:201) ~[spring-web-6.1.3.jar:6.1.3]
	at org.springframework.web.filter.OncePerRequestFilter.doFilter(OncePerRequestFilter.java:116) ~[spring-web-6.1.3.jar:6.1.3]
	at org.apache.catalina.core.ApplicationFilterChain.internalDoFilter(ApplicationFilterChain.java:174) ~[tomcat-embed-core-10.1.18.jar:10.1.18]
	at org.apache.catalina.core.ApplicationFilterChain.doFilter(ApplicationFilterChain.java:149) ~[tomcat-embed-core-10.1.18.jar:10.1.18]
	at org.apache.catalina.core.StandardWrapperValve.invoke(StandardWrapperValve.java:167) ~[tomcat-embed-core-10.1.18.jar:10.1.18]
	at org.apache.catalina.core.StandardContextValve.invoke(StandardContextValve.java:90) ~[tomcat-embed-core-10.1.18.jar:10.1.18]
	at org.apache.catalina.authenticator.AuthenticatorBase.invoke(AuthenticatorBase.java:482) ~[tomcat-embed-core-10.1.18.jar:10.1.18]
	at org.apache.catalina.core.StandardHostValve.invoke(StandardHostValve.java:115) ~[tomcat-embed-core-10.1.18.jar:10.1.18]
	at org.apache.catalina.valves.ErrorReportValve.invoke(ErrorReportValve.java:93) ~[tomcat-embed-core-10.1.18.jar:10.1.18]
	at org.apache.catalina.core.StandardEngineValve.invoke(StandardEngineValve.java:74) ~[tomcat-embed-core-10.1.18.jar:10.1.18]
	at org.apache.catalina.connector.CoyoteAdapter.service(CoyoteAdapter.java:340) ~[tomcat-embed-core-10.1.18.jar:10.1.18]
	at org.apache.coyote.http11.Http11Processor.service(Http11Processor.java:391) ~[tomcat-embed-core-10.1.18.jar:10.1.18]
	at org.apache.coyote.AbstractProcessorLight.process(AbstractProcessorLight.java:63) ~[tomcat-embed-core-10.1.18.jar:10.1.18]
	at org.apache.coyote.AbstractProtocol$ConnectionHandler.process(AbstractProtocol.java:896) ~[tomcat-embed-core-10.1.18.jar:10.1.18]
	at org.apache.tomcat.util.net.NioEndpoint$SocketProcessor.doRun(NioEndpoint.java:1744) ~[tomcat-embed-core-10.1.18.jar:10.1.18]
	at org.apache.tomcat.util.net.SocketProcessorBase.run(SocketProcessorBase.java:52) ~[tomcat-embed-core-10.1.18.jar:10.1.18]
	at org.apache.tomcat.util.threads.ThreadPoolExecutor.runWorker(ThreadPoolExecutor.java:1191) ~[tomcat-embed-core-10.1.18.jar:10.1.18]
	at org.apache.tomcat.util.threads.ThreadPoolExecutor$Worker.run(ThreadPoolExecutor.java:659) ~[tomcat-embed-core-10.1.18.jar:10.1.18]
	at org.apache.tomcat.util.threads.TaskThread$WrappingRunnable.run(TaskThread.java:61) ~[tomcat-embed-core-10.1.18.jar:10.1.18]
	at java.base/java.lang.Thread.run(Thread.java:833) ~[na:na]

2026-02-18T17:59:51.732+08:00  INFO 10500 --- [yanshi-backend] [http-nio-8080-exec-4] c.yanshi.controller.ArticleController    : 获取文章统计信息
2026-02-18T17:59:51.732+08:00  INFO 10500 --- [yanshi-backend] [http-nio-8080-exec-1] c.yanshi.controller.ArticleController    : 按来源统计文章
2026-02-18T17:59:51.732+08:00  INFO 10500 --- [yanshi-backend] [http-nio-8080-exec-7] c.yanshi.controller.ArticleController    : 按分类统计文章
2026-02-18T17:59:51.732+08:00  INFO 10500 --- [yanshi-backend] [http-nio-8080-exec-3] c.yanshi.controller.ArticleController    : 按日期统计文章: startDate=null, endDate=null
2026-02-18T17:59:51.734+08:00 ERROR 10500 --- [yanshi-backend] [http-nio-8080-exec-4] o.a.c.c.C.[.[.[.[dispatcherServlet]      : Servlet.service() for servlet [dispatcherServlet] in context with path [/api] threw exception [Request processing failed: java.lang.ClassCastException: class java.sql.Date cannot be cast to class java.time.LocalDate (java.sql.Date is in module java.sql of loader 'platform'; java.time.LocalDate is in module java.base of loader 'bootstrap')] with root cause

java.lang.ClassCastException: class java.sql.Date cannot be cast to class java.time.LocalDate (java.sql.Date is in module java.sql of loader 'platform'; java.time.LocalDate is in module java.base of loader 'bootstrap')
	at com.yanshi.service.impl.ArticleServiceImpl.getStatistics(ArticleServiceImpl.java:74) ~[classes/:na]
	at java.base/jdk.internal.reflect.NativeMethodAccessorImpl.invoke0(Native Method) ~[na:na]
	at java.base/jdk.internal.reflect.NativeMethodAccessorImpl.invoke(NativeMethodAccessorImpl.java:77) ~[na:na]
	at java.base/jdk.internal.reflect.DelegatingMethodAccessorImpl.invoke(DelegatingMethodAccessorImpl.java:43) ~[na:na]
	at java.base/java.lang.reflect.Method.invoke(Method.java:568) ~[na:na]
	at org.springframework.aop.support.AopUtils.invokeJoinpointUsingReflection(AopUtils.java:351) ~[spring-aop-6.1.3.jar:6.1.3]
	at org.springframework.aop.framework.CglibAopProxy$DynamicAdvisedInterceptor.intercept(CglibAopProxy.java:713) ~[spring-aop-6.1.3.jar:6.1.3]
	at com.yanshi.service.impl.ArticleServiceImpl$$SpringCGLIB$$0.getStatistics(<generated>) ~[classes/:na]
	at com.yanshi.controller.ArticleController.getStatistics(ArticleController.java:66) ~[classes/:na]
	at java.base/jdk.internal.reflect.NativeMethodAccessorImpl.invoke0(Native Method) ~[na:na]
	at java.base/jdk.internal.reflect.NativeMethodAccessorImpl.invoke(NativeMethodAccessorImpl.java:77) ~[na:na]
	at java.base/jdk.internal.reflect.DelegatingMethodAccessorImpl.invoke(DelegatingMethodAccessorImpl.java:43) ~[na:na]
	at java.base/java.lang.reflect.Method.invoke(Method.java:568) ~[na:na]
	at org.springframework.web.method.support.InvocableHandlerMethod.doInvoke(InvocableHandlerMethod.java:261) ~[spring-web-6.1.3.jar:6.1.3]
	at org.springframework.web.method.support.InvocableHandlerMethod.invokeForRequest(InvocableHandlerMethod.java:189) ~[spring-web-6.1.3.jar:6.1.3]
	at org.springframework.web.servlet.mvc.method.annotation.ServletInvocableHandlerMethod.invokeAndHandle(ServletInvocableHandlerMethod.java:118) ~[spring-webmvc-6.1.3.jar:6.1.3]
	at org.springframework.web.servlet.mvc.method.annotation.RequestMappingHandlerAdapter.invokeHandlerMethod(RequestMappingHandlerAdapter.java:917) ~[spring-webmvc-6.1.3.jar:6.1.3]
	at org.springframework.web.servlet.mvc.method.annotation.RequestMappingHandlerAdapter.handleInternal(RequestMappingHandlerAdapter.java:829) ~[spring-webmvc-6.1.3.jar:6.1.3]
	at org.springframework.web.servlet.mvc.method.AbstractHandlerMethodAdapter.handle(AbstractHandlerMethodAdapter.java:87) ~[spring-webmvc-6.1.3.jar:6.1.3]
	at org.springframework.web.servlet.DispatcherServlet.doDispatch(DispatcherServlet.java:1089) ~[spring-webmvc-6.1.3.jar:6.1.3]
	at org.springframework.web.servlet.DispatcherServlet.doService(DispatcherServlet.java:979) ~[spring-webmvc-6.1.3.jar:6.1.3]
	at org.springframework.web.servlet.FrameworkServlet.processRequest(FrameworkServlet.java:1014) ~[spring-webmvc-6.1.3.jar:6.1.3]
	at org.springframework.web.servlet.FrameworkServlet.doGet(FrameworkServlet.java:903) ~[spring-webmvc-6.1.3.jar:6.1.3]
	at jakarta.servlet.http.HttpServlet.service(HttpServlet.java:564) ~[tomcat-embed-core-10.1.18.jar:6.0]
	at org.springframework.web.servlet.FrameworkServlet.service(FrameworkServlet.java:885) ~[spring-webmvc-6.1.3.jar:6.1.3]
	at jakarta.servlet.http.HttpServlet.service(HttpServlet.java:658) ~[tomcat-embed-core-10.1.18.jar:6.0]
	at org.apache.catalina.core.ApplicationFilterChain.internalDoFilter(ApplicationFilterChain.java:205) ~[tomcat-embed-core-10.1.18.jar:10.1.18]
	at org.apache.catalina.core.ApplicationFilterChain.doFilter(ApplicationFilterChain.java:149) ~[tomcat-embed-core-10.1.18.jar:10.1.18]
	at org.apache.tomcat.websocket.server.WsFilter.doFilter(WsFilter.java:51) ~[tomcat-embed-websocket-10.1.18.jar:10.1.18]
	at org.apache.catalina.core.ApplicationFilterChain.internalDoFilter(ApplicationFilterChain.java:174) ~[tomcat-embed-core-10.1.18.jar:10.1.18]
	at org.apache.catalina.core.ApplicationFilterChain.doFilter(ApplicationFilterChain.java:149) ~[tomcat-embed-core-10.1.18.jar:10.1.18]
	at org.springframework.web.filter.RequestContextFilter.doFilterInternal(RequestContextFilter.java:100) ~[spring-web-6.1.3.jar:6.1.3]
	at org.springframework.web.filter.OncePerRequestFilter.doFilter(OncePerRequestFilter.java:116) ~[spring-web-6.1.3.jar:6.1.3]
	at org.apache.catalina.core.ApplicationFilterChain.internalDoFilter(ApplicationFilterChain.java:174) ~[tomcat-embed-core-10.1.18.jar:10.1.18]
	at org.apache.catalina.core.ApplicationFilterChain.doFilter(ApplicationFilterChain.java:149) ~[tomcat-embed-core-10.1.18.jar:10.1.18]
	at org.springframework.web.filter.FormContentFilter.doFilterInternal(FormContentFilter.java:93) ~[spring-web-6.1.3.jar:6.1.3]
	at org.springframework.web.filter.OncePerRequestFilter.doFilter(OncePerRequestFilter.java:116) ~[spring-web-6.1.3.jar:6.1.3]
	at org.apache.catalina.core.ApplicationFilterChain.internalDoFilter(ApplicationFilterChain.java:174) ~[tomcat-embed-core-10.1.18.jar:10.1.18]
	at org.apache.catalina.core.ApplicationFilterChain.doFilter(ApplicationFilterChain.java:149) ~[tomcat-embed-core-10.1.18.jar:10.1.18]
	at org.springframework.web.filter.CharacterEncodingFilter.doFilterInternal(CharacterEncodingFilter.java:201) ~[spring-web-6.1.3.jar:6.1.3]
	at org.springframework.web.filter.OncePerRequestFilter.doFilter(OncePerRequestFilter.java:116) ~[spring-web-6.1.3.jar:6.1.3]
	at org.apache.catalina.core.ApplicationFilterChain.internalDoFilter(ApplicationFilterChain.java:174) ~[tomcat-embed-core-10.1.18.jar:10.1.18]
	at org.apache.catalina.core.ApplicationFilterChain.doFilter(ApplicationFilterChain.java:149) ~[tomcat-embed-core-10.1.18.jar:10.1.18]
	at org.apache.catalina.core.StandardWrapperValve.invoke(StandardWrapperValve.java:167) ~[tomcat-embed-core-10.1.18.jar:10.1.18]
	at org.apache.catalina.core.StandardContextValve.invoke(StandardContextValve.java:90) ~[tomcat-embed-core-10.1.18.jar:10.1.18]
	at org.apache.catalina.authenticator.AuthenticatorBase.invoke(AuthenticatorBase.java:482) ~[tomcat-embed-core-10.1.18.jar:10.1.18]
	at org.apache.catalina.core.StandardHostValve.invoke(StandardHostValve.java:115) ~[tomcat-embed-core-10.1.18.jar:10.1.18]
	at org.apache.catalina.valves.ErrorReportValve.invoke(ErrorReportValve.java:93) ~[tomcat-embed-core-10.1.18.jar:10.1.18]
	at org.apache.catalina.core.StandardEngineValve.invoke(StandardEngineValve.java:74) ~[tomcat-embed-core-10.1.18.jar:10.1.18]
	at org.apache.catalina.connector.CoyoteAdapter.service(CoyoteAdapter.java:340) ~[tomcat-embed-core-10.1.18.jar:10.1.18]
	at org.apache.coyote.http11.Http11Processor.service(Http11Processor.java:391) ~[tomcat-embed-core-10.1.18.jar:10.1.18]
	at org.apache.coyote.AbstractProcessorLight.process(AbstractProcessorLight.java:63) ~[tomcat-embed-core-10.1.18.jar:10.1.18]
	at org.apache.coyote.AbstractProtocol$ConnectionHandler.process(AbstractProtocol.java:896) ~[tomcat-embed-core-10.1.18.jar:10.1.18]
	at org.apache.tomcat.util.net.NioEndpoint$SocketProcessor.doRun(NioEndpoint.java:1744) ~[tomcat-embed-core-10.1.18.jar:10.1.18]
	at org.apache.tomcat.util.net.SocketProcessorBase.run(SocketProcessorBase.java:52) ~[tomcat-embed-core-10.1.18.jar:10.1.18]
	at org.apache.tomcat.util.threads.ThreadPoolExecutor.runWorker(ThreadPoolExecutor.java:1191) ~[tomcat-embed-core-10.1.18.jar:10.1.18]
	at org.apache.tomcat.util.threads.ThreadPoolExecutor$Worker.run(ThreadPoolExecutor.java:659) ~[tomcat-embed-core-10.1.18.jar:10.1.18]
	at org.apache.tomcat.util.threads.TaskThread$WrappingRunnable.run(TaskThread.java:61) ~[tomcat-embed-core-10.1.18.jar:10.1.18]
	at java.base/java.lang.Thread.run(Thread.java:833) ~[na:na]

2026-02-18T17:59:54.709+08:00  INFO 10500 --- [yanshi-backend] [SpringApplicationShutdownHook] com.zaxxer.hikari.HikariDataSource       : HikariPool-1 - Shutdown initiated...
2026-02-18T17:59:54.709+08:00  INFO 10500 --- [yanshi-backend] [SpringApplicationShutdownHook] com.zaxxer.hikari.HikariDataSource       : HikariPool-1 - Shutdown completed.
2026-02-18T17:59:56.684+08:00  INFO 30676 --- [yanshi-backend] [main] com.yanshi.YanshiBackendApplication      : Starting YanshiBackendApplication using Java 17.0.1 with PID 30676 (D:\doc\develop\yanshi\backend\target\classes started by Lin in D:\doc\develop\yanshi\backend)
2026-02-18T17:59:56.685+08:00  INFO 30676 --- [yanshi-backend] [main] com.yanshi.YanshiBackendApplication      : No active profile set, falling back to 1 default profile: "default"
2026-02-18T17:59:57.288+08:00  INFO 30676 --- [yanshi-backend] [main] o.s.b.w.embedded.tomcat.TomcatWebServer  : Tomcat initialized with port 8080 (http)
2026-02-18T17:59:57.293+08:00  INFO 30676 --- [yanshi-backend] [main] o.apache.catalina.core.StandardService   : Starting service [Tomcat]
2026-02-18T17:59:57.293+08:00  INFO 30676 --- [yanshi-backend] [main] o.apache.catalina.core.StandardEngine    : Starting Servlet engine: [Apache Tomcat/10.1.18]
2026-02-18T17:59:57.331+08:00  INFO 30676 --- [yanshi-backend] [main] o.a.c.c.C.[Tomcat].[localhost].[/api]    : Initializing Spring embedded WebApplicationContext
2026-02-18T17:59:57.331+08:00  INFO 30676 --- [yanshi-backend] [main] w.s.c.ServletWebServerApplicationContext : Root WebApplicationContext: initialization completed in 618 ms
2026-02-18T17:59:57.873+08:00  INFO 30676 --- [yanshi-backend] [main] o.s.b.w.embedded.tomcat.TomcatWebServer  : Tomcat started on port 8080 (http) with context path '/api'
2026-02-18T17:59:57.879+08:00  INFO 30676 --- [yanshi-backend] [main] com.yanshi.YanshiBackendApplication      : Started YanshiBackendApplication in 1.459 seconds (process running for 1.871)
2026-02-18T17:59:59.956+08:00  INFO 30676 --- [yanshi-backend] [http-nio-8080-exec-8] o.a.c.c.C.[Tomcat].[localhost].[/api]    : Initializing Spring DispatcherServlet 'dispatcherServlet'
2026-02-18T17:59:59.956+08:00  INFO 30676 --- [yanshi-backend] [http-nio-8080-exec-8] o.s.web.servlet.DispatcherServlet        : Initializing Servlet 'dispatcherServlet'
2026-02-18T17:59:59.957+08:00  INFO 30676 --- [yanshi-backend] [http-nio-8080-exec-8] o.s.web.servlet.DispatcherServlet        : Completed initialization in 0 ms
2026-02-18T17:59:59.978+08:00  INFO 30676 --- [yanshi-backend] [http-nio-8080-exec-2] c.yanshi.controller.ArticleController    : 按来源统计文章
2026-02-18T17:59:59.978+08:00  INFO 30676 --- [yanshi-backend] [http-nio-8080-exec-8] c.yanshi.controller.ArticleController    : 按分类统计文章
2026-02-18T17:59:59.978+08:00  INFO 30676 --- [yanshi-backend] [http-nio-8080-exec-1] c.yanshi.controller.ArticleController    : 获取文章统计信息
2026-02-18T17:59:59.983+08:00  INFO 30676 --- [yanshi-backend] [http-nio-8080-exec-4] c.yanshi.controller.ArticleController    : 按日期统计文章: startDate=null, endDate=null
2026-02-18T17:59:59.990+08:00  INFO 30676 --- [yanshi-backend] [http-nio-8080-exec-2] com.zaxxer.hikari.HikariDataSource       : HikariPool-1 - Starting...
2026-02-18T18:00:00.072+08:00  INFO 30676 --- [yanshi-backend] [http-nio-8080-exec-2] com.zaxxer.hikari.pool.HikariPool        : HikariPool-1 - Added connection com.mysql.cj.jdbc.ConnectionImpl@297f7570
2026-02-18T18:00:00.074+08:00  INFO 30676 --- [yanshi-backend] [http-nio-8080-exec-2] com.zaxxer.hikari.HikariDataSource       : HikariPool-1 - Start completed.
2026-02-18T18:00:00.112+08:00 ERROR 30676 --- [yanshi-backend] [http-nio-8080-exec-1] o.a.c.c.C.[.[.[.[dispatcherServlet]      : Servlet.service() for servlet [dispatcherServlet] in context with path [/api] threw exception [Request processing failed: java.lang.ClassCastException: class java.sql.Date cannot be cast to class java.time.LocalDate (java.sql.Date is in module java.sql of loader 'platform'; java.time.LocalDate is in module java.base of loader 'bootstrap')] with root cause

java.lang.ClassCastException: class java.sql.Date cannot be cast to class java.time.LocalDate (java.sql.Date is in module java.sql of loader 'platform'; java.time.LocalDate is in module java.base of loader 'bootstrap')
	at com.yanshi.service.impl.ArticleServiceImpl.getStatistics(ArticleServiceImpl.java:74) ~[classes/:na]
	at java.base/jdk.internal.reflect.NativeMethodAccessorImpl.invoke0(Native Method) ~[na:na]
	at java.base/jdk.internal.reflect.NativeMethodAccessorImpl.invoke(NativeMethodAccessorImpl.java:77) ~[na:na]
	at java.base/jdk.internal.reflect.DelegatingMethodAccessorImpl.invoke(DelegatingMethodAccessorImpl.java:43) ~[na:na]
	at java.base/java.lang.reflect.Method.invoke(Method.java:568) ~[na:na]
	at org.springframework.aop.support.AopUtils.invokeJoinpointUsingReflection(AopUtils.java:351) ~[spring-aop-6.1.3.jar:6.1.3]
	at org.springframework.aop.framework.CglibAopProxy$DynamicAdvisedInterceptor.intercept(CglibAopProxy.java:713) ~[spring-aop-6.1.3.jar:6.1.3]
	at com.yanshi.service.impl.ArticleServiceImpl$$SpringCGLIB$$0.getStatistics(<generated>) ~[classes/:na]
	at com.yanshi.controller.ArticleController.getStatistics(ArticleController.java:66) ~[classes/:na]
	at java.base/jdk.internal.reflect.NativeMethodAccessorImpl.invoke0(Native Method) ~[na:na]
	at java.base/jdk.internal.reflect.NativeMethodAccessorImpl.invoke(NativeMethodAccessorImpl.java:77) ~[na:na]
	at java.base/jdk.internal.reflect.DelegatingMethodAccessorImpl.invoke(DelegatingMethodAccessorImpl.java:43) ~[na:na]
	at java.base/java.lang.reflect.Method.invoke(Method.java:568) ~[na:na]
	at org.springframework.web.method.support.InvocableHandlerMethod.doInvoke(InvocableHandlerMethod.java:261) ~[spring-web-6.1.3.jar:6.1.3]
	at org.springframework.web.method.support.InvocableHandlerMethod.invokeForRequest(InvocableHandlerMethod.java:189) ~[spring-web-6.1.3.jar:6.1.3]
	at org.springframework.web.servlet.mvc.method.annotation.ServletInvocableHandlerMethod.invokeAndHandle(ServletInvocableHandlerMethod.java:118) ~[spring-webmvc-6.1.3.jar:6.1.3]
	at org.springframework.web.servlet.mvc.method.annotation.RequestMappingHandlerAdapter.invokeHandlerMethod(RequestMappingHandlerAdapter.java:917) ~[spring-webmvc-6.1.3.jar:6.1.3]
	at org.springframework.web.servlet.mvc.method.annotation.RequestMappingHandlerAdapter.handleInternal(RequestMappingHandlerAdapter.java:829) ~[spring-webmvc-6.1.3.jar:6.1.3]
	at org.springframework.web.servlet.mvc.method.AbstractHandlerMethodAdapter.handle(AbstractHandlerMethodAdapter.java:87) ~[spring-webmvc-6.1.3.jar:6.1.3]
	at org.springframework.web.servlet.DispatcherServlet.doDispatch(DispatcherServlet.java:1089) ~[spring-webmvc-6.1.3.jar:6.1.3]
	at org.springframework.web.servlet.DispatcherServlet.doService(DispatcherServlet.java:979) ~[spring-webmvc-6.1.3.jar:6.1.3]
	at org.springframework.web.servlet.FrameworkServlet.processRequest(FrameworkServlet.java:1014) ~[spring-webmvc-6.1.3.jar:6.1.3]
	at org.springframework.web.servlet.FrameworkServlet.doGet(FrameworkServlet.java:903) ~[spring-webmvc-6.1.3.jar:6.1.3]
	at jakarta.servlet.http.HttpServlet.service(HttpServlet.java:564) ~[tomcat-embed-core-10.1.18.jar:6.0]
	at org.springframework.web.servlet.FrameworkServlet.service(FrameworkServlet.java:885) ~[spring-webmvc-6.1.3.jar:6.1.3]
	at jakarta.servlet.http.HttpServlet.service(HttpServlet.java:658) ~[tomcat-embed-core-10.1.18.jar:6.0]
	at org.apache.catalina.core.ApplicationFilterChain.internalDoFilter(ApplicationFilterChain.java:205) ~[tomcat-embed-core-10.1.18.jar:10.1.18]
	at org.apache.catalina.core.ApplicationFilterChain.doFilter(ApplicationFilterChain.java:149) ~[tomcat-embed-core-10.1.18.jar:10.1.18]
	at org.apache.tomcat.websocket.server.WsFilter.doFilter(WsFilter.java:51) ~[tomcat-embed-websocket-10.1.18.jar:10.1.18]
	at org.apache.catalina.core.ApplicationFilterChain.internalDoFilter(ApplicationFilterChain.java:174) ~[tomcat-embed-core-10.1.18.jar:10.1.18]
	at org.apache.catalina.core.ApplicationFilterChain.doFilter(ApplicationFilterChain.java:149) ~[tomcat-embed-core-10.1.18.jar:10.1.18]
	at org.springframework.web.filter.RequestContextFilter.doFilterInternal(RequestContextFilter.java:100) ~[spring-web-6.1.3.jar:6.1.3]
	at org.springframework.web.filter.OncePerRequestFilter.doFilter(OncePerRequestFilter.java:116) ~[spring-web-6.1.3.jar:6.1.3]
	at org.apache.catalina.core.ApplicationFilterChain.internalDoFilter(ApplicationFilterChain.java:174) ~[tomcat-embed-core-10.1.18.jar:10.1.18]
	at org.apache.catalina.core.ApplicationFilterChain.doFilter(ApplicationFilterChain.java:149) ~[tomcat-embed-core-10.1.18.jar:10.1.18]
	at org.springframework.web.filter.FormContentFilter.doFilterInternal(FormContentFilter.java:93) ~[spring-web-6.1.3.jar:6.1.3]
	at org.springframework.web.filter.OncePerRequestFilter.doFilter(OncePerRequestFilter.java:116) ~[spring-web-6.1.3.jar:6.1.3]
	at org.apache.catalina.core.ApplicationFilterChain.internalDoFilter(ApplicationFilterChain.java:174) ~[tomcat-embed-core-10.1.18.jar:10.1.18]
	at org.apache.catalina.core.ApplicationFilterChain.doFilter(ApplicationFilterChain.java:149) ~[tomcat-embed-core-10.1.18.jar:10.1.18]
	at org.springframework.web.filter.CharacterEncodingFilter.doFilterInternal(CharacterEncodingFilter.java:201) ~[spring-web-6.1.3.jar:6.1.3]
	at org.springframework.web.filter.OncePerRequestFilter.doFilter(OncePerRequestFilter.java:116) ~[spring-web-6.1.3.jar:6.1.3]
	at org.apache.catalina.core.ApplicationFilterChain.internalDoFilter(ApplicationFilterChain.java:174) ~[tomcat-embed-core-10.1.18.jar:10.1.18]
	at org.apache.catalina.core.ApplicationFilterChain.doFilter(ApplicationFilterChain.java:149) ~[tomcat-embed-core-10.1.18.jar:10.1.18]
	at org.apache.catalina.core.StandardWrapperValve.invoke(StandardWrapperValve.java:167) ~[tomcat-embed-core-10.1.18.jar:10.1.18]
	at org.apache.catalina.core.StandardContextValve.invoke(StandardContextValve.java:90) ~[tomcat-embed-core-10.1.18.jar:10.1.18]
	at org.apache.catalina.authenticator.AuthenticatorBase.invoke(AuthenticatorBase.java:482) ~[tomcat-embed-core-10.1.18.jar:10.1.18]
	at org.apache.catalina.core.StandardHostValve.invoke(StandardHostValve.java:115) ~[tomcat-embed-core-10.1.18.jar:10.1.18]
	at org.apache.catalina.valves.ErrorReportValve.invoke(ErrorReportValve.java:93) ~[tomcat-embed-core-10.1.18.jar:10.1.18]
	at org.apache.catalina.core.StandardEngineValve.invoke(StandardEngineValve.java:74) ~[tomcat-embed-core-10.1.18.jar:10.1.18]
	at org.apache.catalina.connector.CoyoteAdapter.service(CoyoteAdapter.java:340) ~[tomcat-embed-core-10.1.18.jar:10.1.18]
	at org.apache.coyote.http11.Http11Processor.service(Http11Processor.java:391) ~[tomcat-embed-core-10.1.18.jar:10.1.18]
	at org.apache.coyote.AbstractProcessorLight.process(AbstractProcessorLight.java:63) ~[tomcat-embed-core-10.1.18.jar:10.1.18]
	at org.apache.coyote.AbstractProtocol$ConnectionHandler.process(AbstractProtocol.java:896) ~[tomcat-embed-core-10.1.18.jar:10.1.18]
	at org.apache.tomcat.util.net.NioEndpoint$SocketProcessor.doRun(NioEndpoint.java:1744) ~[tomcat-embed-core-10.1.18.jar:10.1.18]
	at org.apache.tomcat.util.net.SocketProcessorBase.run(SocketProcessorBase.java:52) ~[tomcat-embed-core-10.1.18.jar:10.1.18]
	at org.apache.tomcat.util.threads.ThreadPoolExecutor.runWorker(ThreadPoolExecutor.java:1191) ~[tomcat-embed-core-10.1.18.jar:10.1.18]
	at org.apache.tomcat.util.threads.ThreadPoolExecutor$Worker.run(ThreadPoolExecutor.java:659) ~[tomcat-embed-core-10.1.18.jar:10.1.18]
	at org.apache.tomcat.util.threads.TaskThread$WrappingRunnable.run(TaskThread.java:61) ~[tomcat-embed-core-10.1.18.jar:10.1.18]
	at java.base/java.lang.Thread.run(Thread.java:833) ~[na:na]

2026-02-18T18:00:00.189+08:00 ERROR 30676 --- [yanshi-backend] [http-nio-8080-exec-4] o.a.c.c.C.[.[.[.[dispatcherServlet]      : Servlet.service() for servlet [dispatcherServlet] in context with path [/api] threw exception [Request processing failed: org.springframework.jdbc.BadSqlGrammarException: 
### Error querying database.  Cause: java.sql.SQLSyntaxErrorException: Expression #1 of ORDER BY clause is not in GROUP BY clause and contains nonaggregated column 'yanshi.articles.publish_date' which is not functionally dependent on columns in GROUP BY clause; this is incompatible with sql_mode=only_full_group_by
### The error may exist in file [D:\doc\develop\yanshi\backend\target\classes\mapper\ArticleMapper.xml]
### The error may involve defaultParameterMap
### The error occurred while setting parameters
### SQL: SELECT             DATE_FORMAT(publish_date, '%Y-%m') as date,             COUNT(*) as count         FROM articles         WHERE publish_date IS NOT NULL                             GROUP BY DATE_FORMAT(publish_date, '%Y-%m')         ORDER BY publish_date DESC
### Cause: java.sql.SQLSyntaxErrorException: Expression #1 of ORDER BY clause is not in GROUP BY clause and contains nonaggregated column 'yanshi.articles.publish_date' which is not functionally dependent on columns in GROUP BY clause; this is incompatible with sql_mode=only_full_group_by
; bad SQL grammar []] with root cause

java.sql.SQLSyntaxErrorException: Expression #1 of ORDER BY clause is not in GROUP BY clause and contains nonaggregated column 'yanshi.articles.publish_date' which is not functionally dependent on columns in GROUP BY clause; this is incompatible with sql_mode=only_full_group_by
	at com.mysql.cj.jdbc.exceptions.SQLError.createSQLException(SQLError.java:121) ~[mysql-connector-j-8.3.0.jar:8.3.0]
	at com.mysql.cj.jdbc.exceptions.SQLExceptionsMapping.translateException(SQLExceptionsMapping.java:122) ~[mysql-connector-j-8.3.0.jar:8.3.0]
	at com.mysql.cj.jdbc.ClientPreparedStatement.executeInternal(ClientPreparedStatement.java:912) ~[mysql-connector-j-8.3.0.jar:8.3.0]
	at com.mysql.cj.jdbc.ClientPreparedStatement.execute(ClientPreparedStatement.java:354) ~[mysql-connector-j-8.3.0.jar:8.3.0]
	at com.zaxxer.hikari.pool.ProxyPreparedStatement.execute(ProxyPreparedStatement.java:44) ~[HikariCP-5.0.1.jar:na]
	at com.zaxxer.hikari.pool.HikariProxyPreparedStatement.execute(HikariProxyPreparedStatement.java) ~[HikariCP-5.0.1.jar:na]
	at java.base/jdk.internal.reflect.NativeMethodAccessorImpl.invoke0(Native Method) ~[na:na]
	at java.base/jdk.internal.reflect.NativeMethodAccessorImpl.invoke(NativeMethodAccessorImpl.java:77) ~[na:na]
	at java.base/jdk.internal.reflect.DelegatingMethodAccessorImpl.invoke(DelegatingMethodAccessorImpl.java:43) ~[na:na]
	at java.base/java.lang.reflect.Method.invoke(Method.java:568) ~[na:na]
	at org.apache.ibatis.logging.jdbc.PreparedStatementLogger.invoke(PreparedStatementLogger.java:58) ~[mybatis-3.5.15.jar:3.5.15]
	at jdk.proxy3/jdk.proxy3.$Proxy95.execute(Unknown Source) ~[na:na]
	at org.apache.ibatis.executor.statement.PreparedStatementHandler.query(PreparedStatementHandler.java:65) ~[mybatis-3.5.15.jar:3.5.15]
	at org.apache.ibatis.executor.statement.RoutingStatementHandler.query(RoutingStatementHandler.java:80) ~[mybatis-3.5.15.jar:3.5.15]
	at org.apache.ibatis.executor.SimpleExecutor.doQuery(SimpleExecutor.java:65) ~[mybatis-3.5.15.jar:3.5.15]
	at org.apache.ibatis.executor.BaseExecutor.queryFromDatabase(BaseExecutor.java:336) ~[mybatis-3.5.15.jar:3.5.15]
	at org.apache.ibatis.executor.BaseExecutor.query(BaseExecutor.java:158) ~[mybatis-3.5.15.jar:3.5.15]
	at org.apache.ibatis.executor.CachingExecutor.query(CachingExecutor.java:110) ~[mybatis-3.5.15.jar:3.5.15]
	at org.apache.ibatis.executor.CachingExecutor.query(CachingExecutor.java:90) ~[mybatis-3.5.15.jar:3.5.15]
	at org.apache.ibatis.session.defaults.DefaultSqlSession.selectList(DefaultSqlSession.java:154) ~[mybatis-3.5.15.jar:3.5.15]
	at org.apache.ibatis.session.defaults.DefaultSqlSession.selectList(DefaultSqlSession.java:147) ~[mybatis-3.5.15.jar:3.5.15]
	at org.apache.ibatis.session.defaults.DefaultSqlSession.selectList(DefaultSqlSession.java:142) ~[mybatis-3.5.15.jar:3.5.15]
	at java.base/jdk.internal.reflect.NativeMethodAccessorImpl.invoke0(Native Method) ~[na:na]
	at java.base/jdk.internal.reflect.NativeMethodAccessorImpl.invoke(NativeMethodAccessorImpl.java:77) ~[na:na]
	at java.base/jdk.internal.reflect.DelegatingMethodAccessorImpl.invoke(DelegatingMethodAccessorImpl.java:43) ~[na:na]
	at java.base/java.lang.reflect.Method.invoke(Method.java:568) ~[na:na]
	at org.mybatis.spring.SqlSessionTemplate$SqlSessionInterceptor.invoke(SqlSessionTemplate.java:425) ~[mybatis-spring-3.0.3.jar:3.0.3]
	at jdk.proxy2/jdk.proxy2.$Proxy79.selectList(Unknown Source) ~[na:na]
	at org.mybatis.spring.SqlSessionTemplate.selectList(SqlSessionTemplate.java:224) ~[mybatis-spring-3.0.3.jar:3.0.3]
	at com.baomidou.mybatisplus.core.override.MybatisMapperMethod.executeForMany(MybatisMapperMethod.java:164) ~[mybatis-plus-core-3.5.5.jar:3.5.5]
	at com.baomidou.mybatisplus.core.override.MybatisMapperMethod.execute(MybatisMapperMethod.java:77) ~[mybatis-plus-core-3.5.5.jar:3.5.5]
	at com.baomidou.mybatisplus.core.override.MybatisMapperProxy$PlainMethodInvoker.invoke(MybatisMapperProxy.java:152) ~[mybatis-plus-core-3.5.5.jar:3.5.5]
	at com.baomidou.mybatisplus.core.override.MybatisMapperProxy.invoke(MybatisMapperProxy.java:89) ~[mybatis-plus-core-3.5.5.jar:3.5.5]
	at jdk.proxy2/jdk.proxy2.$Proxy80.countByDate(Unknown Source) ~[na:na]
	at com.yanshi.service.impl.ArticleServiceImpl.countByDate(ArticleServiceImpl.java:99) ~[classes/:na]
	at java.base/jdk.internal.reflect.NativeMethodAccessorImpl.invoke0(Native Method) ~[na:na]
	at java.base/jdk.internal.reflect.NativeMethodAccessorImpl.invoke(NativeMethodAccessorImpl.java:77) ~[na:na]
	at java.base/jdk.internal.reflect.DelegatingMethodAccessorImpl.invoke(DelegatingMethodAccessorImpl.java:43) ~[na:na]
	at java.base/java.lang.reflect.Method.invoke(Method.java:568) ~[na:na]
	at org.springframework.aop.support.AopUtils.invokeJoinpointUsingReflection(AopUtils.java:351) ~[spring-aop-6.1.3.jar:6.1.3]
	at org.springframework.aop.framework.CglibAopProxy$DynamicAdvisedInterceptor.intercept(CglibAopProxy.java:713) ~[spring-aop-6.1.3.jar:6.1.3]
	at com.yanshi.service.impl.ArticleServiceImpl$$SpringCGLIB$$0.countByDate(<generated>) ~[classes/:na]
	at com.yanshi.controller.ArticleController.countByDate(ArticleController.java:92) ~[classes/:na]
	at java.base/jdk.internal.reflect.NativeMethodAccessorImpl.invoke0(Native Method) ~[na:na]
	at java.base/jdk.internal.reflect.NativeMethodAccessorImpl.invoke(NativeMethodAccessorImpl.java:77) ~[na:na]
	at java.base/jdk.internal.reflect.DelegatingMethodAccessorImpl.invoke(DelegatingMethodAccessorImpl.java:43) ~[na:na]
	at java.base/java.lang.reflect.Method.invoke(Method.java:568) ~[na:na]
	at org.springframework.web.method.support.InvocableHandlerMethod.doInvoke(InvocableHandlerMethod.java:261) ~[spring-web-6.1.3.jar:6.1.3]
	at org.springframework.web.method.support.InvocableHandlerMethod.invokeForRequest(InvocableHandlerMethod.java:189) ~[spring-web-6.1.3.jar:6.1.3]
	at org.springframework.web.servlet.mvc.method.annotation.ServletInvocableHandlerMethod.invokeAndHandle(ServletInvocableHandlerMethod.java:118) ~[spring-webmvc-6.1.3.jar:6.1.3]
	at org.springframework.web.servlet.mvc.method.annotation.RequestMappingHandlerAdapter.invokeHandlerMethod(RequestMappingHandlerAdapter.java:917) ~[spring-webmvc-6.1.3.jar:6.1.3]
	at org.springframework.web.servlet.mvc.method.annotation.RequestMappingHandlerAdapter.handleInternal(RequestMappingHandlerAdapter.java:829) ~[spring-webmvc-6.1.3.jar:6.1.3]
	at org.springframework.web.servlet.mvc.method.AbstractHandlerMethodAdapter.handle(AbstractHandlerMethodAdapter.java:87) ~[spring-webmvc-6.1.3.jar:6.1.3]
	at org.springframework.web.servlet.DispatcherServlet.doDispatch(DispatcherServlet.java:1089) ~[spring-webmvc-6.1.3.jar:6.1.3]
	at org.springframework.web.servlet.DispatcherServlet.doService(DispatcherServlet.java:979) ~[spring-webmvc-6.1.3.jar:6.1.3]
	at org.springframework.web.servlet.FrameworkServlet.processRequest(FrameworkServlet.java:1014) ~[spring-webmvc-6.1.3.jar:6.1.3]
	at org.springframework.web.servlet.FrameworkServlet.doGet(FrameworkServlet.java:903) ~[spring-webmvc-6.1.3.jar:6.1.3]
	at jakarta.servlet.http.HttpServlet.service(HttpServlet.java:564) ~[tomcat-embed-core-10.1.18.jar:6.0]
	at org.springframework.web.servlet.FrameworkServlet.service(FrameworkServlet.java:885) ~[spring-webmvc-6.1.3.jar:6.1.3]
	at jakarta.servlet.http.HttpServlet.service(HttpServlet.java:658) ~[tomcat-embed-core-10.1.18.jar:6.0]
	at org.apache.catalina.core.ApplicationFilterChain.internalDoFilter(ApplicationFilterChain.java:205) ~[tomcat-embed-core-10.1.18.jar:10.1.18]
	at org.apache.catalina.core.ApplicationFilterChain.doFilter(ApplicationFilterChain.java:149) ~[tomcat-embed-core-10.1.18.jar:10.1.18]
	at org.apache.tomcat.websocket.server.WsFilter.doFilter(WsFilter.java:51) ~[tomcat-embed-websocket-10.1.18.jar:10.1.18]
	at org.apache.catalina.core.ApplicationFilterChain.internalDoFilter(ApplicationFilterChain.java:174) ~[tomcat-embed-core-10.1.18.jar:10.1.18]
	at org.apache.catalina.core.ApplicationFilterChain.doFilter(ApplicationFilterChain.java:149) ~[tomcat-embed-core-10.1.18.jar:10.1.18]
	at org.springframework.web.filter.RequestContextFilter.doFilterInternal(RequestContextFilter.java:100) ~[spring-web-6.1.3.jar:6.1.3]
	at org.springframework.web.filter.OncePerRequestFilter.doFilter(OncePerRequestFilter.java:116) ~[spring-web-6.1.3.jar:6.1.3]
	at org.apache.catalina.core.ApplicationFilterChain.internalDoFilter(ApplicationFilterChain.java:174) ~[tomcat-embed-core-10.1.18.jar:10.1.18]
	at org.apache.catalina.core.ApplicationFilterChain.doFilter(ApplicationFilterChain.java:149) ~[tomcat-embed-core-10.1.18.jar:10.1.18]
	at org.springframework.web.filter.FormContentFilter.doFilterInternal(FormContentFilter.java:93) ~[spring-web-6.1.3.jar:6.1.3]
	at org.springframework.web.filter.OncePerRequestFilter.doFilter(OncePerRequestFilter.java:116) ~[spring-web-6.1.3.jar:6.1.3]
	at org.apache.catalina.core.ApplicationFilterChain.internalDoFilter(ApplicationFilterChain.java:174) ~[tomcat-embed-core-10.1.18.jar:10.1.18]
	at org.apache.catalina.core.ApplicationFilterChain.doFilter(ApplicationFilterChain.java:149) ~[tomcat-embed-core-10.1.18.jar:10.1.18]
	at org.springframework.web.filter.CharacterEncodingFilter.doFilterInternal(CharacterEncodingFilter.java:201) ~[spring-web-6.1.3.jar:6.1.3]
	at org.springframework.web.filter.OncePerRequestFilter.doFilter(OncePerRequestFilter.java:116) ~[spring-web-6.1.3.jar:6.1.3]
	at org.apache.catalina.core.ApplicationFilterChain.internalDoFilter(ApplicationFilterChain.java:174) ~[tomcat-embed-core-10.1.18.jar:10.1.18]
	at org.apache.catalina.core.ApplicationFilterChain.doFilter(ApplicationFilterChain.java:149) ~[tomcat-embed-core-10.1.18.jar:10.1.18]
	at org.apache.catalina.core.StandardWrapperValve.invoke(StandardWrapperValve.java:167) ~[tomcat-embed-core-10.1.18.jar:10.1.18]
	at org.apache.catalina.core.StandardContextValve.invoke(StandardContextValve.java:90) ~[tomcat-embed-core-10.1.18.jar:10.1.18]
	at org.apache.catalina.authenticator.AuthenticatorBase.invoke(AuthenticatorBase.java:482) ~[tomcat-embed-core-10.1.18.jar:10.1.18]
	at org.apache.catalina.core.StandardHostValve.invoke(StandardHostValve.java:115) ~[tomcat-embed-core-10.1.18.jar:10.1.18]
	at org.apache.catalina.valves.ErrorReportValve.invoke(ErrorReportValve.java:93) ~[tomcat-embed-core-10.1.18.jar:10.1.18]
	at org.apache.catalina.core.StandardEngineValve.invoke(StandardEngineValve.java:74) ~[tomcat-embed-core-10.1.18.jar:10.1.18]
	at org.apache.catalina.connector.CoyoteAdapter.service(CoyoteAdapter.java:340) ~[tomcat-embed-core-10.1.18.jar:10.1.18]
	at org.apache.coyote.http11.Http11Processor.service(Http11Processor.java:391) ~[tomcat-embed-core-10.1.18.jar:10.1.18]
	at org.apache.coyote.AbstractProcessorLight.process(AbstractProcessorLight.java:63) ~[tomcat-embed-core-10.1.18.jar:10.1.18]
	at org.apache.coyote.AbstractProtocol$ConnectionHandler.process(AbstractProtocol.java:896) ~[tomcat-embed-core-10.1.18.jar:10.1.18]
	at org.apache.tomcat.util.net.NioEndpoint$SocketProcessor.doRun(NioEndpoint.java:1744) ~[tomcat-embed-core-10.1.18.jar:10.1.18]
	at org.apache.tomcat.util.net.SocketProcessorBase.run(SocketProcessorBase.java:52) ~[tomcat-embed-core-10.1.18.jar:10.1.18]
	at org.apache.tomcat.util.threads.ThreadPoolExecutor.runWorker(ThreadPoolExecutor.java:1191) ~[tomcat-embed-core-10.1.18.jar:10.1.18]
	at org.apache.tomcat.util.threads.ThreadPoolExecutor$Worker.run(ThreadPoolExecutor.java:659) ~[tomcat-embed-core-10.1.18.jar:10.1.18]
	at org.apache.tomcat.util.threads.TaskThread$WrappingRunnable.run(TaskThread.java:61) ~[tomcat-embed-core-10.1.18.jar:10.1.18]
	at java.base/java.lang.Thread.run(Thread.java:833) ~[na:na]

2026-02-18T18:00:06.187+08:00  INFO 30676 --- [yanshi-backend] [http-nio-8080-exec-7] c.yanshi.controller.ArticleController    : 按分类统计文章
2026-02-18T18:00:06.187+08:00  INFO 30676 --- [yanshi-backend] [http-nio-8080-exec-6] c.yanshi.controller.ArticleController    : 获取文章统计信息
2026-02-18T18:00:06.187+08:00  INFO 30676 --- [yanshi-backend] [http-nio-8080-exec-3] c.yanshi.controller.ArticleController    : 按日期统计文章: startDate=null, endDate=null
2026-02-18T18:00:06.187+08:00  INFO 30676 --- [yanshi-backend] [http-nio-8080-exec-5] c.yanshi.controller.ArticleController    : 按来源统计文章
2026-02-18T18:00:06.189+08:00 ERROR 30676 --- [yanshi-backend] [http-nio-8080-exec-3] o.a.c.c.C.[.[.[.[dispatcherServlet]      : Servlet.service() for servlet [dispatcherServlet] in context with path [/api] threw exception [Request processing failed: org.springframework.jdbc.BadSqlGrammarException: 
### Error querying database.  Cause: java.sql.SQLSyntaxErrorException: Expression #1 of ORDER BY clause is not in GROUP BY clause and contains nonaggregated column 'yanshi.articles.publish_date' which is not functionally dependent on columns in GROUP BY clause; this is incompatible with sql_mode=only_full_group_by
### The error may exist in file [D:\doc\develop\yanshi\backend\target\classes\mapper\ArticleMapper.xml]
### The error may involve defaultParameterMap
### The error occurred while setting parameters
### SQL: SELECT             DATE_FORMAT(publish_date, '%Y-%m') as date,             COUNT(*) as count         FROM articles         WHERE publish_date IS NOT NULL                             GROUP BY DATE_FORMAT(publish_date, '%Y-%m')         ORDER BY publish_date DESC
### Cause: java.sql.SQLSyntaxErrorException: Expression #1 of ORDER BY clause is not in GROUP BY clause and contains nonaggregated column 'yanshi.articles.publish_date' which is not functionally dependent on columns in GROUP BY clause; this is incompatible with sql_mode=only_full_group_by
; bad SQL grammar []] with root cause

java.sql.SQLSyntaxErrorException: Expression #1 of ORDER BY clause is not in GROUP BY clause and contains nonaggregated column 'yanshi.articles.publish_date' which is not functionally dependent on columns in GROUP BY clause; this is incompatible with sql_mode=only_full_group_by
	at com.mysql.cj.jdbc.exceptions.SQLError.createSQLException(SQLError.java:121) ~[mysql-connector-j-8.3.0.jar:8.3.0]
	at com.mysql.cj.jdbc.exceptions.SQLExceptionsMapping.translateException(SQLExceptionsMapping.java:122) ~[mysql-connector-j-8.3.0.jar:8.3.0]
	at com.mysql.cj.jdbc.ClientPreparedStatement.executeInternal(ClientPreparedStatement.java:912) ~[mysql-connector-j-8.3.0.jar:8.3.0]
	at com.mysql.cj.jdbc.ClientPreparedStatement.execute(ClientPreparedStatement.java:354) ~[mysql-connector-j-8.3.0.jar:8.3.0]
	at com.zaxxer.hikari.pool.ProxyPreparedStatement.execute(ProxyPreparedStatement.java:44) ~[HikariCP-5.0.1.jar:na]
	at com.zaxxer.hikari.pool.HikariProxyPreparedStatement.execute(HikariProxyPreparedStatement.java) ~[HikariCP-5.0.1.jar:na]
	at java.base/jdk.internal.reflect.NativeMethodAccessorImpl.invoke0(Native Method) ~[na:na]
	at java.base/jdk.internal.reflect.NativeMethodAccessorImpl.invoke(NativeMethodAccessorImpl.java:77) ~[na:na]
	at java.base/jdk.internal.reflect.DelegatingMethodAccessorImpl.invoke(DelegatingMethodAccessorImpl.java:43) ~[na:na]
	at java.base/java.lang.reflect.Method.invoke(Method.java:568) ~[na:na]
	at org.apache.ibatis.logging.jdbc.PreparedStatementLogger.invoke(PreparedStatementLogger.java:58) ~[mybatis-3.5.15.jar:3.5.15]
	at jdk.proxy3/jdk.proxy3.$Proxy95.execute(Unknown Source) ~[na:na]
	at org.apache.ibatis.executor.statement.PreparedStatementHandler.query(PreparedStatementHandler.java:65) ~[mybatis-3.5.15.jar:3.5.15]
	at org.apache.ibatis.executor.statement.RoutingStatementHandler.query(RoutingStatementHandler.java:80) ~[mybatis-3.5.15.jar:3.5.15]
	at org.apache.ibatis.executor.SimpleExecutor.doQuery(SimpleExecutor.java:65) ~[mybatis-3.5.15.jar:3.5.15]
	at org.apache.ibatis.executor.BaseExecutor.queryFromDatabase(BaseExecutor.java:336) ~[mybatis-3.5.15.jar:3.5.15]
	at org.apache.ibatis.executor.BaseExecutor.query(BaseExecutor.java:158) ~[mybatis-3.5.15.jar:3.5.15]
	at org.apache.ibatis.executor.CachingExecutor.query(CachingExecutor.java:110) ~[mybatis-3.5.15.jar:3.5.15]
	at org.apache.ibatis.executor.CachingExecutor.query(CachingExecutor.java:90) ~[mybatis-3.5.15.jar:3.5.15]
	at org.apache.ibatis.session.defaults.DefaultSqlSession.selectList(DefaultSqlSession.java:154) ~[mybatis-3.5.15.jar:3.5.15]
	at org.apache.ibatis.session.defaults.DefaultSqlSession.selectList(DefaultSqlSession.java:147) ~[mybatis-3.5.15.jar:3.5.15]
	at org.apache.ibatis.session.defaults.DefaultSqlSession.selectList(DefaultSqlSession.java:142) ~[mybatis-3.5.15.jar:3.5.15]
	at java.base/jdk.internal.reflect.NativeMethodAccessorImpl.invoke0(Native Method) ~[na:na]
	at java.base/jdk.internal.reflect.NativeMethodAccessorImpl.invoke(NativeMethodAccessorImpl.java:77) ~[na:na]
	at java.base/jdk.internal.reflect.DelegatingMethodAccessorImpl.invoke(DelegatingMethodAccessorImpl.java:43) ~[na:na]
	at java.base/java.lang.reflect.Method.invoke(Method.java:568) ~[na:na]
	at org.mybatis.spring.SqlSessionTemplate$SqlSessionInterceptor.invoke(SqlSessionTemplate.java:425) ~[mybatis-spring-3.0.3.jar:3.0.3]
	at jdk.proxy2/jdk.proxy2.$Proxy79.selectList(Unknown Source) ~[na:na]
	at org.mybatis.spring.SqlSessionTemplate.selectList(SqlSessionTemplate.java:224) ~[mybatis-spring-3.0.3.jar:3.0.3]
	at com.baomidou.mybatisplus.core.override.MybatisMapperMethod.executeForMany(MybatisMapperMethod.java:164) ~[mybatis-plus-core-3.5.5.jar:3.5.5]
	at com.baomidou.mybatisplus.core.override.MybatisMapperMethod.execute(MybatisMapperMethod.java:77) ~[mybatis-plus-core-3.5.5.jar:3.5.5]
	at com.baomidou.mybatisplus.core.override.MybatisMapperProxy$PlainMethodInvoker.invoke(MybatisMapperProxy.java:152) ~[mybatis-plus-core-3.5.5.jar:3.5.5]
	at com.baomidou.mybatisplus.core.override.MybatisMapperProxy.invoke(MybatisMapperProxy.java:89) ~[mybatis-plus-core-3.5.5.jar:3.5.5]
	at jdk.proxy2/jdk.proxy2.$Proxy80.countByDate(Unknown Source) ~[na:na]
	at com.yanshi.service.impl.ArticleServiceImpl.countByDate(ArticleServiceImpl.java:99) ~[classes/:na]
	at java.base/jdk.internal.reflect.NativeMethodAccessorImpl.invoke0(Native Method) ~[na:na]
	at java.base/jdk.internal.reflect.NativeMethodAccessorImpl.invoke(NativeMethodAccessorImpl.java:77) ~[na:na]
	at java.base/jdk.internal.reflect.DelegatingMethodAccessorImpl.invoke(DelegatingMethodAccessorImpl.java:43) ~[na:na]
	at java.base/java.lang.reflect.Method.invoke(Method.java:568) ~[na:na]
	at org.springframework.aop.support.AopUtils.invokeJoinpointUsingReflection(AopUtils.java:351) ~[spring-aop-6.1.3.jar:6.1.3]
	at org.springframework.aop.framework.CglibAopProxy$DynamicAdvisedInterceptor.intercept(CglibAopProxy.java:713) ~[spring-aop-6.1.3.jar:6.1.3]
	at com.yanshi.service.impl.ArticleServiceImpl$$SpringCGLIB$$0.countByDate(<generated>) ~[classes/:na]
	at com.yanshi.controller.ArticleController.countByDate(ArticleController.java:92) ~[classes/:na]
	at java.base/jdk.internal.reflect.NativeMethodAccessorImpl.invoke0(Native Method) ~[na:na]
	at java.base/jdk.internal.reflect.NativeMethodAccessorImpl.invoke(NativeMethodAccessorImpl.java:77) ~[na:na]
	at java.base/jdk.internal.reflect.DelegatingMethodAccessorImpl.invoke(DelegatingMethodAccessorImpl.java:43) ~[na:na]
	at java.base/java.lang.reflect.Method.invoke(Method.java:568) ~[na:na]
	at org.springframework.web.method.support.InvocableHandlerMethod.doInvoke(InvocableHandlerMethod.java:261) ~[spring-web-6.1.3.jar:6.1.3]
	at org.springframework.web.method.support.InvocableHandlerMethod.invokeForRequest(InvocableHandlerMethod.java:189) ~[spring-web-6.1.3.jar:6.1.3]
	at org.springframework.web.servlet.mvc.method.annotation.ServletInvocableHandlerMethod.invokeAndHandle(ServletInvocableHandlerMethod.java:118) ~[spring-webmvc-6.1.3.jar:6.1.3]
	at org.springframework.web.servlet.mvc.method.annotation.RequestMappingHandlerAdapter.invokeHandlerMethod(RequestMappingHandlerAdapter.java:917) ~[spring-webmvc-6.1.3.jar:6.1.3]
	at org.springframework.web.servlet.mvc.method.annotation.RequestMappingHandlerAdapter.handleInternal(RequestMappingHandlerAdapter.java:829) ~[spring-webmvc-6.1.3.jar:6.1.3]
	at org.springframework.web.servlet.mvc.method.AbstractHandlerMethodAdapter.handle(AbstractHandlerMethodAdapter.java:87) ~[spring-webmvc-6.1.3.jar:6.1.3]
	at org.springframework.web.servlet.DispatcherServlet.doDispatch(DispatcherServlet.java:1089) ~[spring-webmvc-6.1.3.jar:6.1.3]
	at org.springframework.web.servlet.DispatcherServlet.doService(DispatcherServlet.java:979) ~[spring-webmvc-6.1.3.jar:6.1.3]
	at org.springframework.web.servlet.FrameworkServlet.processRequest(FrameworkServlet.java:1014) ~[spring-webmvc-6.1.3.jar:6.1.3]
	at org.springframework.web.servlet.FrameworkServlet.doGet(FrameworkServlet.java:903) ~[spring-webmvc-6.1.3.jar:6.1.3]
	at jakarta.servlet.http.HttpServlet.service(HttpServlet.java:564) ~[tomcat-embed-core-10.1.18.jar:6.0]
	at org.springframework.web.servlet.FrameworkServlet.service(FrameworkServlet.java:885) ~[spring-webmvc-6.1.3.jar:6.1.3]
	at jakarta.servlet.http.HttpServlet.service(HttpServlet.java:658) ~[tomcat-embed-core-10.1.18.jar:6.0]
	at org.apache.catalina.core.ApplicationFilterChain.internalDoFilter(ApplicationFilterChain.java:205) ~[tomcat-embed-core-10.1.18.jar:10.1.18]
	at org.apache.catalina.core.ApplicationFilterChain.doFilter(ApplicationFilterChain.java:149) ~[tomcat-embed-core-10.1.18.jar:10.1.18]
	at org.apache.tomcat.websocket.server.WsFilter.doFilter(WsFilter.java:51) ~[tomcat-embed-websocket-10.1.18.jar:10.1.18]
	at org.apache.catalina.core.ApplicationFilterChain.internalDoFilter(ApplicationFilterChain.java:174) ~[tomcat-embed-core-10.1.18.jar:10.1.18]
	at org.apache.catalina.core.ApplicationFilterChain.doFilter(ApplicationFilterChain.java:149) ~[tomcat-embed-core-10.1.18.jar:10.1.18]
	at org.springframework.web.filter.RequestContextFilter.doFilterInternal(RequestContextFilter.java:100) ~[spring-web-6.1.3.jar:6.1.3]
	at org.springframework.web.filter.OncePerRequestFilter.doFilter(OncePerRequestFilter.java:116) ~[spring-web-6.1.3.jar:6.1.3]
	at org.apache.catalina.core.ApplicationFilterChain.internalDoFilter(ApplicationFilterChain.java:174) ~[tomcat-embed-core-10.1.18.jar:10.1.18]
	at org.apache.catalina.core.ApplicationFilterChain.doFilter(ApplicationFilterChain.java:149) ~[tomcat-embed-core-10.1.18.jar:10.1.18]
	at org.springframework.web.filter.FormContentFilter.doFilterInternal(FormContentFilter.java:93) ~[spring-web-6.1.3.jar:6.1.3]
	at org.springframework.web.filter.OncePerRequestFilter.doFilter(OncePerRequestFilter.java:116) ~[spring-web-6.1.3.jar:6.1.3]
	at org.apache.catalina.core.ApplicationFilterChain.internalDoFilter(ApplicationFilterChain.java:174) ~[tomcat-embed-core-10.1.18.jar:10.1.18]
	at org.apache.catalina.core.ApplicationFilterChain.doFilter(ApplicationFilterChain.java:149) ~[tomcat-embed-core-10.1.18.jar:10.1.18]
	at org.springframework.web.filter.CharacterEncodingFilter.doFilterInternal(CharacterEncodingFilter.java:201) ~[spring-web-6.1.3.jar:6.1.3]
	at org.springframework.web.filter.OncePerRequestFilter.doFilter(OncePerRequestFilter.java:116) ~[spring-web-6.1.3.jar:6.1.3]
	at org.apache.catalina.core.ApplicationFilterChain.internalDoFilter(ApplicationFilterChain.java:174) ~[tomcat-embed-core-10.1.18.jar:10.1.18]
	at org.apache.catalina.core.ApplicationFilterChain.doFilter(ApplicationFilterChain.java:149) ~[tomcat-embed-core-10.1.18.jar:10.1.18]
	at org.apache.catalina.core.StandardWrapperValve.invoke(StandardWrapperValve.java:167) ~[tomcat-embed-core-10.1.18.jar:10.1.18]
	at org.apache.catalina.core.StandardContextValve.invoke(StandardContextValve.java:90) ~[tomcat-embed-core-10.1.18.jar:10.1.18]
	at org.apache.catalina.authenticator.AuthenticatorBase.invoke(AuthenticatorBase.java:482) ~[tomcat-embed-core-10.1.18.jar:10.1.18]
	at org.apache.catalina.core.StandardHostValve.invoke(StandardHostValve.java:115) ~[tomcat-embed-core-10.1.18.jar:10.1.18]
	at org.apache.catalina.valves.ErrorReportValve.invoke(ErrorReportValve.java:93) ~[tomcat-embed-core-10.1.18.jar:10.1.18]
	at org.apache.catalina.core.StandardEngineValve.invoke(StandardEngineValve.java:74) ~[tomcat-embed-core-10.1.18.jar:10.1.18]
	at org.apache.catalina.connector.CoyoteAdapter.service(CoyoteAdapter.java:340) ~[tomcat-embed-core-10.1.18.jar:10.1.18]
	at org.apache.coyote.http11.Http11Processor.service(Http11Processor.java:391) ~[tomcat-embed-core-10.1.18.jar:10.1.18]
	at org.apache.coyote.AbstractProcessorLight.process(AbstractProcessorLight.java:63) ~[tomcat-embed-core-10.1.18.jar:10.1.18]
	at org.apache.coyote.AbstractProtocol$ConnectionHandler.process(AbstractProtocol.java:896) ~[tomcat-embed-core-10.1.18.jar:10.1.18]
	at org.apache.tomcat.util.net.NioEndpoint$SocketProcessor.doRun(NioEndpoint.java:1744) ~[tomcat-embed-core-10.1.18.jar:10.1.18]
	at org.apache.tomcat.util.net.SocketProcessorBase.run(SocketProcessorBase.java:52) ~[tomcat-embed-core-10.1.18.jar:10.1.18]
	at org.apache.tomcat.util.threads.ThreadPoolExecutor.runWorker(ThreadPoolExecutor.java:1191) ~[tomcat-embed-core-10.1.18.jar:10.1.18]
	at org.apache.tomcat.util.threads.ThreadPoolExecutor$Worker.run(ThreadPoolExecutor.java:659) ~[tomcat-embed-core-10.1.18.jar:10.1.18]
	at org.apache.tomcat.util.threads.TaskThread$WrappingRunnable.run(TaskThread.java:61) ~[tomcat-embed-core-10.1.18.jar:10.1.18]
	at java.base/java.lang.Thread.run(Thread.java:833) ~[na:na]

2026-02-18T18:00:06.191+08:00 ERROR 30676 --- [yanshi-backend] [http-nio-8080-exec-6] o.a.c.c.C.[.[.[.[dispatcherServlet]      : Servlet.service() for servlet [dispatcherServlet] in context with path [/api] threw exception [Request processing failed: java.lang.ClassCastException: class java.sql.Date cannot be cast to class java.time.LocalDate (java.sql.Date is in module java.sql of loader 'platform'; java.time.LocalDate is in module java.base of loader 'bootstrap')] with root cause

java.lang.ClassCastException: class java.sql.Date cannot be cast to class java.time.LocalDate (java.sql.Date is in module java.sql of loader 'platform'; java.time.LocalDate is in module java.base of loader 'bootstrap')
	at com.yanshi.service.impl.ArticleServiceImpl.getStatistics(ArticleServiceImpl.java:74) ~[classes/:na]
	at java.base/jdk.internal.reflect.NativeMethodAccessorImpl.invoke0(Native Method) ~[na:na]
	at java.base/jdk.internal.reflect.NativeMethodAccessorImpl.invoke(NativeMethodAccessorImpl.java:77) ~[na:na]
	at java.base/jdk.internal.reflect.DelegatingMethodAccessorImpl.invoke(DelegatingMethodAccessorImpl.java:43) ~[na:na]
	at java.base/java.lang.reflect.Method.invoke(Method.java:568) ~[na:na]
	at org.springframework.aop.support.AopUtils.invokeJoinpointUsingReflection(AopUtils.java:351) ~[spring-aop-6.1.3.jar:6.1.3]
	at org.springframework.aop.framework.CglibAopProxy$DynamicAdvisedInterceptor.intercept(CglibAopProxy.java:713) ~[spring-aop-6.1.3.jar:6.1.3]
	at com.yanshi.service.impl.ArticleServiceImpl$$SpringCGLIB$$0.getStatistics(<generated>) ~[classes/:na]
	at com.yanshi.controller.ArticleController.getStatistics(ArticleController.java:66) ~[classes/:na]
	at java.base/jdk.internal.reflect.NativeMethodAccessorImpl.invoke0(Native Method) ~[na:na]
	at java.base/jdk.internal.reflect.NativeMethodAccessorImpl.invoke(NativeMethodAccessorImpl.java:77) ~[na:na]
	at java.base/jdk.internal.reflect.DelegatingMethodAccessorImpl.invoke(DelegatingMethodAccessorImpl.java:43) ~[na:na]
	at java.base/java.lang.reflect.Method.invoke(Method.java:568) ~[na:na]
	at org.springframework.web.method.support.InvocableHandlerMethod.doInvoke(InvocableHandlerMethod.java:261) ~[spring-web-6.1.3.jar:6.1.3]
	at org.springframework.web.method.support.InvocableHandlerMethod.invokeForRequest(InvocableHandlerMethod.java:189) ~[spring-web-6.1.3.jar:6.1.3]
	at org.springframework.web.servlet.mvc.method.annotation.ServletInvocableHandlerMethod.invokeAndHandle(ServletInvocableHandlerMethod.java:118) ~[spring-webmvc-6.1.3.jar:6.1.3]
	at org.springframework.web.servlet.mvc.method.annotation.RequestMappingHandlerAdapter.invokeHandlerMethod(RequestMappingHandlerAdapter.java:917) ~[spring-webmvc-6.1.3.jar:6.1.3]
	at org.springframework.web.servlet.mvc.method.annotation.RequestMappingHandlerAdapter.handleInternal(RequestMappingHandlerAdapter.java:829) ~[spring-webmvc-6.1.3.jar:6.1.3]
	at org.springframework.web.servlet.mvc.method.AbstractHandlerMethodAdapter.handle(AbstractHandlerMethodAdapter.java:87) ~[spring-webmvc-6.1.3.jar:6.1.3]
	at org.springframework.web.servlet.DispatcherServlet.doDispatch(DispatcherServlet.java:1089) ~[spring-webmvc-6.1.3.jar:6.1.3]
	at org.springframework.web.servlet.DispatcherServlet.doService(DispatcherServlet.java:979) ~[spring-webmvc-6.1.3.jar:6.1.3]
	at org.springframework.web.servlet.FrameworkServlet.processRequest(FrameworkServlet.java:1014) ~[spring-webmvc-6.1.3.jar:6.1.3]
	at org.springframework.web.servlet.FrameworkServlet.doGet(FrameworkServlet.java:903) ~[spring-webmvc-6.1.3.jar:6.1.3]
	at jakarta.servlet.http.HttpServlet.service(HttpServlet.java:564) ~[tomcat-embed-core-10.1.18.jar:6.0]
	at org.springframework.web.servlet.FrameworkServlet.service(FrameworkServlet.java:885) ~[spring-webmvc-6.1.3.jar:6.1.3]
	at jakarta.servlet.http.HttpServlet.service(HttpServlet.java:658) ~[tomcat-embed-core-10.1.18.jar:6.0]
	at org.apache.catalina.core.ApplicationFilterChain.internalDoFilter(ApplicationFilterChain.java:205) ~[tomcat-embed-core-10.1.18.jar:10.1.18]
	at org.apache.catalina.core.ApplicationFilterChain.doFilter(ApplicationFilterChain.java:149) ~[tomcat-embed-core-10.1.18.jar:10.1.18]
	at org.apache.tomcat.websocket.server.WsFilter.doFilter(WsFilter.java:51) ~[tomcat-embed-websocket-10.1.18.jar:10.1.18]
	at org.apache.catalina.core.ApplicationFilterChain.internalDoFilter(ApplicationFilterChain.java:174) ~[tomcat-embed-core-10.1.18.jar:10.1.18]
	at org.apache.catalina.core.ApplicationFilterChain.doFilter(ApplicationFilterChain.java:149) ~[tomcat-embed-core-10.1.18.jar:10.1.18]
	at org.springframework.web.filter.RequestContextFilter.doFilterInternal(RequestContextFilter.java:100) ~[spring-web-6.1.3.jar:6.1.3]
	at org.springframework.web.filter.OncePerRequestFilter.doFilter(OncePerRequestFilter.java:116) ~[spring-web-6.1.3.jar:6.1.3]
	at org.apache.catalina.core.ApplicationFilterChain.internalDoFilter(ApplicationFilterChain.java:174) ~[tomcat-embed-core-10.1.18.jar:10.1.18]
	at org.apache.catalina.core.ApplicationFilterChain.doFilter(ApplicationFilterChain.java:149) ~[tomcat-embed-core-10.1.18.jar:10.1.18]
	at org.springframework.web.filter.FormContentFilter.doFilterInternal(FormContentFilter.java:93) ~[spring-web-6.1.3.jar:6.1.3]
	at org.springframework.web.filter.OncePerRequestFilter.doFilter(OncePerRequestFilter.java:116) ~[spring-web-6.1.3.jar:6.1.3]
	at org.apache.catalina.core.ApplicationFilterChain.internalDoFilter(ApplicationFilterChain.java:174) ~[tomcat-embed-core-10.1.18.jar:10.1.18]
	at org.apache.catalina.core.ApplicationFilterChain.doFilter(ApplicationFilterChain.java:149) ~[tomcat-embed-core-10.1.18.jar:10.1.18]
	at org.springframework.web.filter.CharacterEncodingFilter.doFilterInternal(CharacterEncodingFilter.java:201) ~[spring-web-6.1.3.jar:6.1.3]
	at org.springframework.web.filter.OncePerRequestFilter.doFilter(OncePerRequestFilter.java:116) ~[spring-web-6.1.3.jar:6.1.3]
	at org.apache.catalina.core.ApplicationFilterChain.internalDoFilter(ApplicationFilterChain.java:174) ~[tomcat-embed-core-10.1.18.jar:10.1.18]
	at org.apache.catalina.core.ApplicationFilterChain.doFilter(ApplicationFilterChain.java:149) ~[tomcat-embed-core-10.1.18.jar:10.1.18]
	at org.apache.catalina.core.StandardWrapperValve.invoke(StandardWrapperValve.java:167) ~[tomcat-embed-core-10.1.18.jar:10.1.18]
	at org.apache.catalina.core.StandardContextValve.invoke(StandardContextValve.java:90) ~[tomcat-embed-core-10.1.18.jar:10.1.18]
	at org.apache.catalina.authenticator.AuthenticatorBase.invoke(AuthenticatorBase.java:482) ~[tomcat-embed-core-10.1.18.jar:10.1.18]
	at org.apache.catalina.core.StandardHostValve.invoke(StandardHostValve.java:115) ~[tomcat-embed-core-10.1.18.jar:10.1.18]
	at org.apache.catalina.valves.ErrorReportValve.invoke(ErrorReportValve.java:93) ~[tomcat-embed-core-10.1.18.jar:10.1.18]
	at org.apache.catalina.core.StandardEngineValve.invoke(StandardEngineValve.java:74) ~[tomcat-embed-core-10.1.18.jar:10.1.18]
	at org.apache.catalina.connector.CoyoteAdapter.service(CoyoteAdapter.java:340) ~[tomcat-embed-core-10.1.18.jar:10.1.18]
	at org.apache.coyote.http11.Http11Processor.service(Http11Processor.java:391) ~[tomcat-embed-core-10.1.18.jar:10.1.18]
	at org.apache.coyote.AbstractProcessorLight.process(AbstractProcessorLight.java:63) ~[tomcat-embed-core-10.1.18.jar:10.1.18]
	at org.apache.coyote.AbstractProtocol$ConnectionHandler.process(AbstractProtocol.java:896) ~[tomcat-embed-core-10.1.18.jar:10.1.18]
	at org.apache.tomcat.util.net.NioEndpoint$SocketProcessor.doRun(NioEndpoint.java:1744) ~[tomcat-embed-core-10.1.18.jar:10.1.18]
	at org.apache.tomcat.util.net.SocketProcessorBase.run(SocketProcessorBase.java:52) ~[tomcat-embed-core-10.1.18.jar:10.1.18]
	at org.apache.tomcat.util.threads.ThreadPoolExecutor.runWorker(ThreadPoolExecutor.java:1191) ~[tomcat-embed-core-10.1.18.jar:10.1.18]
	at org.apache.tomcat.util.threads.ThreadPoolExecutor$Worker.run(ThreadPoolExecutor.java:659) ~[tomcat-embed-core-10.1.18.jar:10.1.18]
	at org.apache.tomcat.util.threads.TaskThread$WrappingRunnable.run(TaskThread.java:61) ~[tomcat-embed-core-10.1.18.jar:10.1.18]
	at java.base/java.lang.Thread.run(Thread.java:833) ~[na:na]

2026-02-18T18:00:24.023+08:00  INFO 30676 --- [yanshi-backend] [http-nio-8080-exec-9] c.yanshi.controller.ArticleController    : 按来源统计文章
2026-02-18T18:00:24.023+08:00  INFO 30676 --- [yanshi-backend] [http-nio-8080-exec-10] c.yanshi.controller.ArticleController    : 按分类统计文章
2026-02-18T18:00:24.024+08:00  INFO 30676 --- [yanshi-backend] [http-nio-8080-exec-2] c.yanshi.controller.ArticleController    : 获取最新文章: limit=5
2026-02-18T18:00:24.028+08:00  INFO 30676 --- [yanshi-backend] [http-nio-8080-exec-8] c.yanshi.controller.ArticleController    : 查询文章列表: com.yanshi.dto.ArticleQueryDTO@398f08a2
2026-02-18T18:00:25.928+08:00  INFO 30676 --- [yanshi-backend] [http-nio-8080-exec-1] c.yanshi.controller.ArticleController    : 按分类统计文章
2026-02-18T18:00:25.928+08:00  INFO 30676 --- [yanshi-backend] [http-nio-8080-exec-4] c.y.controller.KnowledgePointController  : 获取所有知识点
2026-02-18T18:00:27.842+08:00  INFO 30676 --- [yanshi-backend] [http-nio-8080-exec-5] c.yanshi.controller.ArticleController    : 按来源统计文章
2026-02-18T18:00:27.842+08:00  INFO 30676 --- [yanshi-backend] [http-nio-8080-exec-7] c.yanshi.controller.ArticleController    : 获取文章统计信息
2026-02-18T18:00:27.842+08:00  INFO 30676 --- [yanshi-backend] [http-nio-8080-exec-3] c.yanshi.controller.ArticleController    : 按分类统计文章
2026-02-18T18:00:27.844+08:00  INFO 30676 --- [yanshi-backend] [http-nio-8080-exec-6] c.yanshi.controller.ArticleController    : 按日期统计文章: startDate=null, endDate=null
2026-02-18T18:00:27.845+08:00 ERROR 30676 --- [yanshi-backend] [http-nio-8080-exec-6] o.a.c.c.C.[.[.[.[dispatcherServlet]      : Servlet.service() for servlet [dispatcherServlet] in context with path [/api] threw exception [Request processing failed: org.springframework.jdbc.BadSqlGrammarException: 
### Error querying database.  Cause: java.sql.SQLSyntaxErrorException: Expression #1 of ORDER BY clause is not in GROUP BY clause and contains nonaggregated column 'yanshi.articles.publish_date' which is not functionally dependent on columns in GROUP BY clause; this is incompatible with sql_mode=only_full_group_by
### The error may exist in file [D:\doc\develop\yanshi\backend\target\classes\mapper\ArticleMapper.xml]
### The error may involve defaultParameterMap
### The error occurred while setting parameters
### SQL: SELECT             DATE_FORMAT(publish_date, '%Y-%m') as date,             COUNT(*) as count         FROM articles         WHERE publish_date IS NOT NULL                             GROUP BY DATE_FORMAT(publish_date, '%Y-%m')         ORDER BY publish_date DESC
### Cause: java.sql.SQLSyntaxErrorException: Expression #1 of ORDER BY clause is not in GROUP BY clause and contains nonaggregated column 'yanshi.articles.publish_date' which is not functionally dependent on columns in GROUP BY clause; this is incompatible with sql_mode=only_full_group_by
; bad SQL grammar []] with root cause

java.sql.SQLSyntaxErrorException: Expression #1 of ORDER BY clause is not in GROUP BY clause and contains nonaggregated column 'yanshi.articles.publish_date' which is not functionally dependent on columns in GROUP BY clause; this is incompatible with sql_mode=only_full_group_by
	at com.mysql.cj.jdbc.exceptions.SQLError.createSQLException(SQLError.java:121) ~[mysql-connector-j-8.3.0.jar:8.3.0]
	at com.mysql.cj.jdbc.exceptions.SQLExceptionsMapping.translateException(SQLExceptionsMapping.java:122) ~[mysql-connector-j-8.3.0.jar:8.3.0]
	at com.mysql.cj.jdbc.ClientPreparedStatement.executeInternal(ClientPreparedStatement.java:912) ~[mysql-connector-j-8.3.0.jar:8.3.0]
	at com.mysql.cj.jdbc.ClientPreparedStatement.execute(ClientPreparedStatement.java:354) ~[mysql-connector-j-8.3.0.jar:8.3.0]
	at com.zaxxer.hikari.pool.ProxyPreparedStatement.execute(ProxyPreparedStatement.java:44) ~[HikariCP-5.0.1.jar:na]
	at com.zaxxer.hikari.pool.HikariProxyPreparedStatement.execute(HikariProxyPreparedStatement.java) ~[HikariCP-5.0.1.jar:na]
	at jdk.internal.reflect.GeneratedMethodAccessor8.invoke(Unknown Source) ~[na:na]
	at java.base/jdk.internal.reflect.DelegatingMethodAccessorImpl.invoke(DelegatingMethodAccessorImpl.java:43) ~[na:na]
	at java.base/java.lang.reflect.Method.invoke(Method.java:568) ~[na:na]
	at org.apache.ibatis.logging.jdbc.PreparedStatementLogger.invoke(PreparedStatementLogger.java:58) ~[mybatis-3.5.15.jar:3.5.15]
	at jdk.proxy3/jdk.proxy3.$Proxy95.execute(Unknown Source) ~[na:na]
	at org.apache.ibatis.executor.statement.PreparedStatementHandler.query(PreparedStatementHandler.java:65) ~[mybatis-3.5.15.jar:3.5.15]
	at org.apache.ibatis.executor.statement.RoutingStatementHandler.query(RoutingStatementHandler.java:80) ~[mybatis-3.5.15.jar:3.5.15]
	at org.apache.ibatis.executor.SimpleExecutor.doQuery(SimpleExecutor.java:65) ~[mybatis-3.5.15.jar:3.5.15]
	at org.apache.ibatis.executor.BaseExecutor.queryFromDatabase(BaseExecutor.java:336) ~[mybatis-3.5.15.jar:3.5.15]
	at org.apache.ibatis.executor.BaseExecutor.query(BaseExecutor.java:158) ~[mybatis-3.5.15.jar:3.5.15]
	at org.apache.ibatis.executor.CachingExecutor.query(CachingExecutor.java:110) ~[mybatis-3.5.15.jar:3.5.15]
	at org.apache.ibatis.executor.CachingExecutor.query(CachingExecutor.java:90) ~[mybatis-3.5.15.jar:3.5.15]
	at org.apache.ibatis.session.defaults.DefaultSqlSession.selectList(DefaultSqlSession.java:154) ~[mybatis-3.5.15.jar:3.5.15]
	at org.apache.ibatis.session.defaults.DefaultSqlSession.selectList(DefaultSqlSession.java:147) ~[mybatis-3.5.15.jar:3.5.15]
	at org.apache.ibatis.session.defaults.DefaultSqlSession.selectList(DefaultSqlSession.java:142) ~[mybatis-3.5.15.jar:3.5.15]
	at java.base/jdk.internal.reflect.NativeMethodAccessorImpl.invoke0(Native Method) ~[na:na]
	at java.base/jdk.internal.reflect.NativeMethodAccessorImpl.invoke(NativeMethodAccessorImpl.java:77) ~[na:na]
	at java.base/jdk.internal.reflect.DelegatingMethodAccessorImpl.invoke(DelegatingMethodAccessorImpl.java:43) ~[na:na]
	at java.base/java.lang.reflect.Method.invoke(Method.java:568) ~[na:na]
	at org.mybatis.spring.SqlSessionTemplate$SqlSessionInterceptor.invoke(SqlSessionTemplate.java:425) ~[mybatis-spring-3.0.3.jar:3.0.3]
	at jdk.proxy2/jdk.proxy2.$Proxy79.selectList(Unknown Source) ~[na:na]
	at org.mybatis.spring.SqlSessionTemplate.selectList(SqlSessionTemplate.java:224) ~[mybatis-spring-3.0.3.jar:3.0.3]
	at com.baomidou.mybatisplus.core.override.MybatisMapperMethod.executeForMany(MybatisMapperMethod.java:164) ~[mybatis-plus-core-3.5.5.jar:3.5.5]
	at com.baomidou.mybatisplus.core.override.MybatisMapperMethod.execute(MybatisMapperMethod.java:77) ~[mybatis-plus-core-3.5.5.jar:3.5.5]
	at com.baomidou.mybatisplus.core.override.MybatisMapperProxy$PlainMethodInvoker.invoke(MybatisMapperProxy.java:152) ~[mybatis-plus-core-3.5.5.jar:3.5.5]
	at com.baomidou.mybatisplus.core.override.MybatisMapperProxy.invoke(MybatisMapperProxy.java:89) ~[mybatis-plus-core-3.5.5.jar:3.5.5]
	at jdk.proxy2/jdk.proxy2.$Proxy80.countByDate(Unknown Source) ~[na:na]
	at com.yanshi.service.impl.ArticleServiceImpl.countByDate(ArticleServiceImpl.java:99) ~[classes/:na]
	at java.base/jdk.internal.reflect.NativeMethodAccessorImpl.invoke0(Native Method) ~[na:na]
	at java.base/jdk.internal.reflect.NativeMethodAccessorImpl.invoke(NativeMethodAccessorImpl.java:77) ~[na:na]
	at java.base/jdk.internal.reflect.DelegatingMethodAccessorImpl.invoke(DelegatingMethodAccessorImpl.java:43) ~[na:na]
	at java.base/java.lang.reflect.Method.invoke(Method.java:568) ~[na:na]
	at org.springframework.aop.support.AopUtils.invokeJoinpointUsingReflection(AopUtils.java:351) ~[spring-aop-6.1.3.jar:6.1.3]
	at org.springframework.aop.framework.CglibAopProxy$DynamicAdvisedInterceptor.intercept(CglibAopProxy.java:713) ~[spring-aop-6.1.3.jar:6.1.3]
	at com.yanshi.service.impl.ArticleServiceImpl$$SpringCGLIB$$0.countByDate(<generated>) ~[classes/:na]
	at com.yanshi.controller.ArticleController.countByDate(ArticleController.java:92) ~[classes/:na]
	at java.base/jdk.internal.reflect.NativeMethodAccessorImpl.invoke0(Native Method) ~[na:na]
	at java.base/jdk.internal.reflect.NativeMethodAccessorImpl.invoke(NativeMethodAccessorImpl.java:77) ~[na:na]
	at java.base/jdk.internal.reflect.DelegatingMethodAccessorImpl.invoke(DelegatingMethodAccessorImpl.java:43) ~[na:na]
	at java.base/java.lang.reflect.Method.invoke(Method.java:568) ~[na:na]
	at org.springframework.web.method.support.InvocableHandlerMethod.doInvoke(InvocableHandlerMethod.java:261) ~[spring-web-6.1.3.jar:6.1.3]
	at org.springframework.web.method.support.InvocableHandlerMethod.invokeForRequest(InvocableHandlerMethod.java:189) ~[spring-web-6.1.3.jar:6.1.3]
	at org.springframework.web.servlet.mvc.method.annotation.ServletInvocableHandlerMethod.invokeAndHandle(ServletInvocableHandlerMethod.java:118) ~[spring-webmvc-6.1.3.jar:6.1.3]
	at org.springframework.web.servlet.mvc.method.annotation.RequestMappingHandlerAdapter.invokeHandlerMethod(RequestMappingHandlerAdapter.java:917) ~[spring-webmvc-6.1.3.jar:6.1.3]
	at org.springframework.web.servlet.mvc.method.annotation.RequestMappingHandlerAdapter.handleInternal(RequestMappingHandlerAdapter.java:829) ~[spring-webmvc-6.1.3.jar:6.1.3]
	at org.springframework.web.servlet.mvc.method.AbstractHandlerMethodAdapter.handle(AbstractHandlerMethodAdapter.java:87) ~[spring-webmvc-6.1.3.jar:6.1.3]
	at org.springframework.web.servlet.DispatcherServlet.doDispatch(DispatcherServlet.java:1089) ~[spring-webmvc-6.1.3.jar:6.1.3]
	at org.springframework.web.servlet.DispatcherServlet.doService(DispatcherServlet.java:979) ~[spring-webmvc-6.1.3.jar:6.1.3]
	at org.springframework.web.servlet.FrameworkServlet.processRequest(FrameworkServlet.java:1014) ~[spring-webmvc-6.1.3.jar:6.1.3]
	at org.springframework.web.servlet.FrameworkServlet.doGet(FrameworkServlet.java:903) ~[spring-webmvc-6.1.3.jar:6.1.3]
	at jakarta.servlet.http.HttpServlet.service(HttpServlet.java:564) ~[tomcat-embed-core-10.1.18.jar:6.0]
	at org.springframework.web.servlet.FrameworkServlet.service(FrameworkServlet.java:885) ~[spring-webmvc-6.1.3.jar:6.1.3]
	at jakarta.servlet.http.HttpServlet.service(HttpServlet.java:658) ~[tomcat-embed-core-10.1.18.jar:6.0]
	at org.apache.catalina.core.ApplicationFilterChain.internalDoFilter(ApplicationFilterChain.java:205) ~[tomcat-embed-core-10.1.18.jar:10.1.18]
	at org.apache.catalina.core.ApplicationFilterChain.doFilter(ApplicationFilterChain.java:149) ~[tomcat-embed-core-10.1.18.jar:10.1.18]
	at org.apache.tomcat.websocket.server.WsFilter.doFilter(WsFilter.java:51) ~[tomcat-embed-websocket-10.1.18.jar:10.1.18]
	at org.apache.catalina.core.ApplicationFilterChain.internalDoFilter(ApplicationFilterChain.java:174) ~[tomcat-embed-core-10.1.18.jar:10.1.18]
	at org.apache.catalina.core.ApplicationFilterChain.doFilter(ApplicationFilterChain.java:149) ~[tomcat-embed-core-10.1.18.jar:10.1.18]
	at org.springframework.web.filter.RequestContextFilter.doFilterInternal(RequestContextFilter.java:100) ~[spring-web-6.1.3.jar:6.1.3]
	at org.springframework.web.filter.OncePerRequestFilter.doFilter(OncePerRequestFilter.java:116) ~[spring-web-6.1.3.jar:6.1.3]
	at org.apache.catalina.core.ApplicationFilterChain.internalDoFilter(ApplicationFilterChain.java:174) ~[tomcat-embed-core-10.1.18.jar:10.1.18]
	at org.apache.catalina.core.ApplicationFilterChain.doFilter(ApplicationFilterChain.java:149) ~[tomcat-embed-core-10.1.18.jar:10.1.18]
	at org.springframework.web.filter.FormContentFilter.doFilterInternal(FormContentFilter.java:93) ~[spring-web-6.1.3.jar:6.1.3]
	at org.springframework.web.filter.OncePerRequestFilter.doFilter(OncePerRequestFilter.java:116) ~[spring-web-6.1.3.jar:6.1.3]
	at org.apache.catalina.core.ApplicationFilterChain.internalDoFilter(ApplicationFilterChain.java:174) ~[tomcat-embed-core-10.1.18.jar:10.1.18]
	at org.apache.catalina.core.ApplicationFilterChain.doFilter(ApplicationFilterChain.java:149) ~[tomcat-embed-core-10.1.18.jar:10.1.18]
	at org.springframework.web.filter.CharacterEncodingFilter.doFilterInternal(CharacterEncodingFilter.java:201) ~[spring-web-6.1.3.jar:6.1.3]
	at org.springframework.web.filter.OncePerRequestFilter.doFilter(OncePerRequestFilter.java:116) ~[spring-web-6.1.3.jar:6.1.3]
	at org.apache.catalina.core.ApplicationFilterChain.internalDoFilter(ApplicationFilterChain.java:174) ~[tomcat-embed-core-10.1.18.jar:10.1.18]
	at org.apache.catalina.core.ApplicationFilterChain.doFilter(ApplicationFilterChain.java:149) ~[tomcat-embed-core-10.1.18.jar:10.1.18]
	at org.apache.catalina.core.StandardWrapperValve.invoke(StandardWrapperValve.java:167) ~[tomcat-embed-core-10.1.18.jar:10.1.18]
	at org.apache.catalina.core.StandardContextValve.invoke(StandardContextValve.java:90) ~[tomcat-embed-core-10.1.18.jar:10.1.18]
	at org.apache.catalina.authenticator.AuthenticatorBase.invoke(AuthenticatorBase.java:482) ~[tomcat-embed-core-10.1.18.jar:10.1.18]
	at org.apache.catalina.core.StandardHostValve.invoke(StandardHostValve.java:115) ~[tomcat-embed-core-10.1.18.jar:10.1.18]
	at org.apache.catalina.valves.ErrorReportValve.invoke(ErrorReportValve.java:93) ~[tomcat-embed-core-10.1.18.jar:10.1.18]
	at org.apache.catalina.core.StandardEngineValve.invoke(StandardEngineValve.java:74) ~[tomcat-embed-core-10.1.18.jar:10.1.18]
	at org.apache.catalina.connector.CoyoteAdapter.service(CoyoteAdapter.java:340) ~[tomcat-embed-core-10.1.18.jar:10.1.18]
	at org.apache.coyote.http11.Http11Processor.service(Http11Processor.java:391) ~[tomcat-embed-core-10.1.18.jar:10.1.18]
	at org.apache.coyote.AbstractProcessorLight.process(AbstractProcessorLight.java:63) ~[tomcat-embed-core-10.1.18.jar:10.1.18]
	at org.apache.coyote.AbstractProtocol$ConnectionHandler.process(AbstractProtocol.java:896) ~[tomcat-embed-core-10.1.18.jar:10.1.18]
	at org.apache.tomcat.util.net.NioEndpoint$SocketProcessor.doRun(NioEndpoint.java:1744) ~[tomcat-embed-core-10.1.18.jar:10.1.18]
	at org.apache.tomcat.util.net.SocketProcessorBase.run(SocketProcessorBase.java:52) ~[tomcat-embed-core-10.1.18.jar:10.1.18]
	at org.apache.tomcat.util.threads.ThreadPoolExecutor.runWorker(ThreadPoolExecutor.java:1191) ~[tomcat-embed-core-10.1.18.jar:10.1.18]
	at org.apache.tomcat.util.threads.ThreadPoolExecutor$Worker.run(ThreadPoolExecutor.java:659) ~[tomcat-embed-core-10.1.18.jar:10.1.18]
	at org.apache.tomcat.util.threads.TaskThread$WrappingRunnable.run(TaskThread.java:61) ~[tomcat-embed-core-10.1.18.jar:10.1.18]
	at java.base/java.lang.Thread.run(Thread.java:833) ~[na:na]

2026-02-18T18:00:27.847+08:00 ERROR 30676 --- [yanshi-backend] [http-nio-8080-exec-7] o.a.c.c.C.[.[.[.[dispatcherServlet]      : Servlet.service() for servlet [dispatcherServlet] in context with path [/api] threw exception [Request processing failed: java.lang.ClassCastException: class java.sql.Date cannot be cast to class java.time.LocalDate (java.sql.Date is in module java.sql of loader 'platform'; java.time.LocalDate is in module java.base of loader 'bootstrap')] with root cause

java.lang.ClassCastException: class java.sql.Date cannot be cast to class java.time.LocalDate (java.sql.Date is in module java.sql of loader 'platform'; java.time.LocalDate is in module java.base of loader 'bootstrap')
	at com.yanshi.service.impl.ArticleServiceImpl.getStatistics(ArticleServiceImpl.java:74) ~[classes/:na]
	at java.base/jdk.internal.reflect.NativeMethodAccessorImpl.invoke0(Native Method) ~[na:na]
	at java.base/jdk.internal.reflect.NativeMethodAccessorImpl.invoke(NativeMethodAccessorImpl.java:77) ~[na:na]
	at java.base/jdk.internal.reflect.DelegatingMethodAccessorImpl.invoke(DelegatingMethodAccessorImpl.java:43) ~[na:na]
	at java.base/java.lang.reflect.Method.invoke(Method.java:568) ~[na:na]
	at org.springframework.aop.support.AopUtils.invokeJoinpointUsingReflection(AopUtils.java:351) ~[spring-aop-6.1.3.jar:6.1.3]
	at org.springframework.aop.framework.CglibAopProxy$DynamicAdvisedInterceptor.intercept(CglibAopProxy.java:713) ~[spring-aop-6.1.3.jar:6.1.3]
	at com.yanshi.service.impl.ArticleServiceImpl$$SpringCGLIB$$0.getStatistics(<generated>) ~[classes/:na]
	at com.yanshi.controller.ArticleController.getStatistics(ArticleController.java:66) ~[classes/:na]
	at java.base/jdk.internal.reflect.NativeMethodAccessorImpl.invoke0(Native Method) ~[na:na]
	at java.base/jdk.internal.reflect.NativeMethodAccessorImpl.invoke(NativeMethodAccessorImpl.java:77) ~[na:na]
	at java.base/jdk.internal.reflect.DelegatingMethodAccessorImpl.invoke(DelegatingMethodAccessorImpl.java:43) ~[na:na]
	at java.base/java.lang.reflect.Method.invoke(Method.java:568) ~[na:na]
	at org.springframework.web.method.support.InvocableHandlerMethod.doInvoke(InvocableHandlerMethod.java:261) ~[spring-web-6.1.3.jar:6.1.3]
	at org.springframework.web.method.support.InvocableHandlerMethod.invokeForRequest(InvocableHandlerMethod.java:189) ~[spring-web-6.1.3.jar:6.1.3]
	at org.springframework.web.servlet.mvc.method.annotation.ServletInvocableHandlerMethod.invokeAndHandle(ServletInvocableHandlerMethod.java:118) ~[spring-webmvc-6.1.3.jar:6.1.3]
	at org.springframework.web.servlet.mvc.method.annotation.RequestMappingHandlerAdapter.invokeHandlerMethod(RequestMappingHandlerAdapter.java:917) ~[spring-webmvc-6.1.3.jar:6.1.3]
	at org.springframework.web.servlet.mvc.method.annotation.RequestMappingHandlerAdapter.handleInternal(RequestMappingHandlerAdapter.java:829) ~[spring-webmvc-6.1.3.jar:6.1.3]
	at org.springframework.web.servlet.mvc.method.AbstractHandlerMethodAdapter.handle(AbstractHandlerMethodAdapter.java:87) ~[spring-webmvc-6.1.3.jar:6.1.3]
	at org.springframework.web.servlet.DispatcherServlet.doDispatch(DispatcherServlet.java:1089) ~[spring-webmvc-6.1.3.jar:6.1.3]
	at org.springframework.web.servlet.DispatcherServlet.doService(DispatcherServlet.java:979) ~[spring-webmvc-6.1.3.jar:6.1.3]
	at org.springframework.web.servlet.FrameworkServlet.processRequest(FrameworkServlet.java:1014) ~[spring-webmvc-6.1.3.jar:6.1.3]
	at org.springframework.web.servlet.FrameworkServlet.doGet(FrameworkServlet.java:903) ~[spring-webmvc-6.1.3.jar:6.1.3]
	at jakarta.servlet.http.HttpServlet.service(HttpServlet.java:564) ~[tomcat-embed-core-10.1.18.jar:6.0]
	at org.springframework.web.servlet.FrameworkServlet.service(FrameworkServlet.java:885) ~[spring-webmvc-6.1.3.jar:6.1.3]
	at jakarta.servlet.http.HttpServlet.service(HttpServlet.java:658) ~[tomcat-embed-core-10.1.18.jar:6.0]
	at org.apache.catalina.core.ApplicationFilterChain.internalDoFilter(ApplicationFilterChain.java:205) ~[tomcat-embed-core-10.1.18.jar:10.1.18]
	at org.apache.catalina.core.ApplicationFilterChain.doFilter(ApplicationFilterChain.java:149) ~[tomcat-embed-core-10.1.18.jar:10.1.18]
	at org.apache.tomcat.websocket.server.WsFilter.doFilter(WsFilter.java:51) ~[tomcat-embed-websocket-10.1.18.jar:10.1.18]
	at org.apache.catalina.core.ApplicationFilterChain.internalDoFilter(ApplicationFilterChain.java:174) ~[tomcat-embed-core-10.1.18.jar:10.1.18]
	at org.apache.catalina.core.ApplicationFilterChain.doFilter(ApplicationFilterChain.java:149) ~[tomcat-embed-core-10.1.18.jar:10.1.18]
	at org.springframework.web.filter.RequestContextFilter.doFilterInternal(RequestContextFilter.java:100) ~[spring-web-6.1.3.jar:6.1.3]
	at org.springframework.web.filter.OncePerRequestFilter.doFilter(OncePerRequestFilter.java:116) ~[spring-web-6.1.3.jar:6.1.3]
	at org.apache.catalina.core.ApplicationFilterChain.internalDoFilter(ApplicationFilterChain.java:174) ~[tomcat-embed-core-10.1.18.jar:10.1.18]
	at org.apache.catalina.core.ApplicationFilterChain.doFilter(ApplicationFilterChain.java:149) ~[tomcat-embed-core-10.1.18.jar:10.1.18]
	at org.springframework.web.filter.FormContentFilter.doFilterInternal(FormContentFilter.java:93) ~[spring-web-6.1.3.jar:6.1.3]
	at org.springframework.web.filter.OncePerRequestFilter.doFilter(OncePerRequestFilter.java:116) ~[spring-web-6.1.3.jar:6.1.3]
	at org.apache.catalina.core.ApplicationFilterChain.internalDoFilter(ApplicationFilterChain.java:174) ~[tomcat-embed-core-10.1.18.jar:10.1.18]
	at org.apache.catalina.core.ApplicationFilterChain.doFilter(ApplicationFilterChain.java:149) ~[tomcat-embed-core-10.1.18.jar:10.1.18]
	at org.springframework.web.filter.CharacterEncodingFilter.doFilterInternal(CharacterEncodingFilter.java:201) ~[spring-web-6.1.3.jar:6.1.3]
	at org.springframework.web.filter.OncePerRequestFilter.doFilter(OncePerRequestFilter.java:116) ~[spring-web-6.1.3.jar:6.1.3]
	at org.apache.catalina.core.ApplicationFilterChain.internalDoFilter(ApplicationFilterChain.java:174) ~[tomcat-embed-core-10.1.18.jar:10.1.18]
	at org.apache.catalina.core.ApplicationFilterChain.doFilter(ApplicationFilterChain.java:149) ~[tomcat-embed-core-10.1.18.jar:10.1.18]
	at org.apache.catalina.core.StandardWrapperValve.invoke(StandardWrapperValve.java:167) ~[tomcat-embed-core-10.1.18.jar:10.1.18]
	at org.apache.catalina.core.StandardContextValve.invoke(StandardContextValve.java:90) ~[tomcat-embed-core-10.1.18.jar:10.1.18]
	at org.apache.catalina.authenticator.AuthenticatorBase.invoke(AuthenticatorBase.java:482) ~[tomcat-embed-core-10.1.18.jar:10.1.18]
	at org.apache.catalina.core.StandardHostValve.invoke(StandardHostValve.java:115) ~[tomcat-embed-core-10.1.18.jar:10.1.18]
	at org.apache.catalina.valves.ErrorReportValve.invoke(ErrorReportValve.java:93) ~[tomcat-embed-core-10.1.18.jar:10.1.18]
	at org.apache.catalina.core.StandardEngineValve.invoke(StandardEngineValve.java:74) ~[tomcat-embed-core-10.1.18.jar:10.1.18]
	at org.apache.catalina.connector.CoyoteAdapter.service(CoyoteAdapter.java:340) ~[tomcat-embed-core-10.1.18.jar:10.1.18]
	at org.apache.coyote.http11.Http11Processor.service(Http11Processor.java:391) ~[tomcat-embed-core-10.1.18.jar:10.1.18]
	at org.apache.coyote.AbstractProcessorLight.process(AbstractProcessorLight.java:63) ~[tomcat-embed-core-10.1.18.jar:10.1.18]
	at org.apache.coyote.AbstractProtocol$ConnectionHandler.process(AbstractProtocol.java:896) ~[tomcat-embed-core-10.1.18.jar:10.1.18]
	at org.apache.tomcat.util.net.NioEndpoint$SocketProcessor.doRun(NioEndpoint.java:1744) ~[tomcat-embed-core-10.1.18.jar:10.1.18]
	at org.apache.tomcat.util.net.SocketProcessorBase.run(SocketProcessorBase.java:52) ~[tomcat-embed-core-10.1.18.jar:10.1.18]
	at org.apache.tomcat.util.threads.ThreadPoolExecutor.runWorker(ThreadPoolExecutor.java:1191) ~[tomcat-embed-core-10.1.18.jar:10.1.18]
	at org.apache.tomcat.util.threads.ThreadPoolExecutor$Worker.run(ThreadPoolExecutor.java:659) ~[tomcat-embed-core-10.1.18.jar:10.1.18]
	at org.apache.tomcat.util.threads.TaskThread$WrappingRunnable.run(TaskThread.java:61) ~[tomcat-embed-core-10.1.18.jar:10.1.18]
	at java.base/java.lang.Thread.run(Thread.java:833) ~[na:na]

2026-02-18T18:00:34.434+08:00  INFO 30676 --- [yanshi-backend] [http-nio-8080-exec-9] c.yanshi.controller.ArticleController    : 按日期统计文章: startDate=2026-01-01, endDate=2027-03-28
2026-02-18T18:00:34.440+08:00 ERROR 30676 --- [yanshi-backend] [http-nio-8080-exec-9] o.a.c.c.C.[.[.[.[dispatcherServlet]      : Servlet.service() for servlet [dispatcherServlet] in context with path [/api] threw exception [Request processing failed: org.springframework.jdbc.BadSqlGrammarException: 
### Error querying database.  Cause: java.sql.SQLSyntaxErrorException: Expression #1 of ORDER BY clause is not in GROUP BY clause and contains nonaggregated column 'yanshi.articles.publish_date' which is not functionally dependent on columns in GROUP BY clause; this is incompatible with sql_mode=only_full_group_by
### The error may exist in file [D:\doc\develop\yanshi\backend\target\classes\mapper\ArticleMapper.xml]
### The error may involve defaultParameterMap
### The error occurred while setting parameters
### SQL: SELECT             DATE_FORMAT(publish_date, '%Y-%m') as date,             COUNT(*) as count         FROM articles         WHERE publish_date IS NOT NULL                       AND publish_date >= ?                                 AND publish_date <= ?                   GROUP BY DATE_FORMAT(publish_date, '%Y-%m')         ORDER BY publish_date DESC
### Cause: java.sql.SQLSyntaxErrorException: Expression #1 of ORDER BY clause is not in GROUP BY clause and contains nonaggregated column 'yanshi.articles.publish_date' which is not functionally dependent on columns in GROUP BY clause; this is incompatible with sql_mode=only_full_group_by
; bad SQL grammar []] with root cause

java.sql.SQLSyntaxErrorException: Expression #1 of ORDER BY clause is not in GROUP BY clause and contains nonaggregated column 'yanshi.articles.publish_date' which is not functionally dependent on columns in GROUP BY clause; this is incompatible with sql_mode=only_full_group_by
	at com.mysql.cj.jdbc.exceptions.SQLError.createSQLException(SQLError.java:121) ~[mysql-connector-j-8.3.0.jar:8.3.0]
	at com.mysql.cj.jdbc.exceptions.SQLExceptionsMapping.translateException(SQLExceptionsMapping.java:122) ~[mysql-connector-j-8.3.0.jar:8.3.0]
	at com.mysql.cj.jdbc.ClientPreparedStatement.executeInternal(ClientPreparedStatement.java:912) ~[mysql-connector-j-8.3.0.jar:8.3.0]
	at com.mysql.cj.jdbc.ClientPreparedStatement.execute(ClientPreparedStatement.java:354) ~[mysql-connector-j-8.3.0.jar:8.3.0]
	at com.zaxxer.hikari.pool.ProxyPreparedStatement.execute(ProxyPreparedStatement.java:44) ~[HikariCP-5.0.1.jar:na]
	at com.zaxxer.hikari.pool.HikariProxyPreparedStatement.execute(HikariProxyPreparedStatement.java) ~[HikariCP-5.0.1.jar:na]
	at jdk.internal.reflect.GeneratedMethodAccessor8.invoke(Unknown Source) ~[na:na]
	at java.base/jdk.internal.reflect.DelegatingMethodAccessorImpl.invoke(DelegatingMethodAccessorImpl.java:43) ~[na:na]
	at java.base/java.lang.reflect.Method.invoke(Method.java:568) ~[na:na]
	at org.apache.ibatis.logging.jdbc.PreparedStatementLogger.invoke(PreparedStatementLogger.java:58) ~[mybatis-3.5.15.jar:3.5.15]
	at jdk.proxy3/jdk.proxy3.$Proxy95.execute(Unknown Source) ~[na:na]
	at org.apache.ibatis.executor.statement.PreparedStatementHandler.query(PreparedStatementHandler.java:65) ~[mybatis-3.5.15.jar:3.5.15]
	at org.apache.ibatis.executor.statement.RoutingStatementHandler.query(RoutingStatementHandler.java:80) ~[mybatis-3.5.15.jar:3.5.15]
	at org.apache.ibatis.executor.SimpleExecutor.doQuery(SimpleExecutor.java:65) ~[mybatis-3.5.15.jar:3.5.15]
	at org.apache.ibatis.executor.BaseExecutor.queryFromDatabase(BaseExecutor.java:336) ~[mybatis-3.5.15.jar:3.5.15]
	at org.apache.ibatis.executor.BaseExecutor.query(BaseExecutor.java:158) ~[mybatis-3.5.15.jar:3.5.15]
	at org.apache.ibatis.executor.CachingExecutor.query(CachingExecutor.java:110) ~[mybatis-3.5.15.jar:3.5.15]
	at org.apache.ibatis.executor.CachingExecutor.query(CachingExecutor.java:90) ~[mybatis-3.5.15.jar:3.5.15]
	at org.apache.ibatis.session.defaults.DefaultSqlSession.selectList(DefaultSqlSession.java:154) ~[mybatis-3.5.15.jar:3.5.15]
	at org.apache.ibatis.session.defaults.DefaultSqlSession.selectList(DefaultSqlSession.java:147) ~[mybatis-3.5.15.jar:3.5.15]
	at org.apache.ibatis.session.defaults.DefaultSqlSession.selectList(DefaultSqlSession.java:142) ~[mybatis-3.5.15.jar:3.5.15]
	at jdk.internal.reflect.GeneratedMethodAccessor62.invoke(Unknown Source) ~[na:na]
	at java.base/jdk.internal.reflect.DelegatingMethodAccessorImpl.invoke(DelegatingMethodAccessorImpl.java:43) ~[na:na]
	at java.base/java.lang.reflect.Method.invoke(Method.java:568) ~[na:na]
	at org.mybatis.spring.SqlSessionTemplate$SqlSessionInterceptor.invoke(SqlSessionTemplate.java:425) ~[mybatis-spring-3.0.3.jar:3.0.3]
	at jdk.proxy2/jdk.proxy2.$Proxy79.selectList(Unknown Source) ~[na:na]
	at org.mybatis.spring.SqlSessionTemplate.selectList(SqlSessionTemplate.java:224) ~[mybatis-spring-3.0.3.jar:3.0.3]
	at com.baomidou.mybatisplus.core.override.MybatisMapperMethod.executeForMany(MybatisMapperMethod.java:164) ~[mybatis-plus-core-3.5.5.jar:3.5.5]
	at com.baomidou.mybatisplus.core.override.MybatisMapperMethod.execute(MybatisMapperMethod.java:77) ~[mybatis-plus-core-3.5.5.jar:3.5.5]
	at com.baomidou.mybatisplus.core.override.MybatisMapperProxy$PlainMethodInvoker.invoke(MybatisMapperProxy.java:152) ~[mybatis-plus-core-3.5.5.jar:3.5.5]
	at com.baomidou.mybatisplus.core.override.MybatisMapperProxy.invoke(MybatisMapperProxy.java:89) ~[mybatis-plus-core-3.5.5.jar:3.5.5]
	at jdk.proxy2/jdk.proxy2.$Proxy80.countByDate(Unknown Source) ~[na:na]
	at com.yanshi.service.impl.ArticleServiceImpl.countByDate(ArticleServiceImpl.java:99) ~[classes/:na]
	at java.base/jdk.internal.reflect.NativeMethodAccessorImpl.invoke0(Native Method) ~[na:na]
	at java.base/jdk.internal.reflect.NativeMethodAccessorImpl.invoke(NativeMethodAccessorImpl.java:77) ~[na:na]
	at java.base/jdk.internal.reflect.DelegatingMethodAccessorImpl.invoke(DelegatingMethodAccessorImpl.java:43) ~[na:na]
	at java.base/java.lang.reflect.Method.invoke(Method.java:568) ~[na:na]
	at org.springframework.aop.support.AopUtils.invokeJoinpointUsingReflection(AopUtils.java:351) ~[spring-aop-6.1.3.jar:6.1.3]
	at org.springframework.aop.framework.CglibAopProxy$DynamicAdvisedInterceptor.intercept(CglibAopProxy.java:713) ~[spring-aop-6.1.3.jar:6.1.3]
	at com.yanshi.service.impl.ArticleServiceImpl$$SpringCGLIB$$0.countByDate(<generated>) ~[classes/:na]
	at com.yanshi.controller.ArticleController.countByDate(ArticleController.java:92) ~[classes/:na]
	at java.base/jdk.internal.reflect.NativeMethodAccessorImpl.invoke0(Native Method) ~[na:na]
	at java.base/jdk.internal.reflect.NativeMethodAccessorImpl.invoke(NativeMethodAccessorImpl.java:77) ~[na:na]
	at java.base/jdk.internal.reflect.DelegatingMethodAccessorImpl.invoke(DelegatingMethodAccessorImpl.java:43) ~[na:na]
	at java.base/java.lang.reflect.Method.invoke(Method.java:568) ~[na:na]
	at org.springframework.web.method.support.InvocableHandlerMethod.doInvoke(InvocableHandlerMethod.java:261) ~[spring-web-6.1.3.jar:6.1.3]
	at org.springframework.web.method.support.InvocableHandlerMethod.invokeForRequest(InvocableHandlerMethod.java:189) ~[spring-web-6.1.3.jar:6.1.3]
	at org.springframework.web.servlet.mvc.method.annotation.ServletInvocableHandlerMethod.invokeAndHandle(ServletInvocableHandlerMethod.java:118) ~[spring-webmvc-6.1.3.jar:6.1.3]
	at org.springframework.web.servlet.mvc.method.annotation.RequestMappingHandlerAdapter.invokeHandlerMethod(RequestMappingHandlerAdapter.java:917) ~[spring-webmvc-6.1.3.jar:6.1.3]
	at org.springframework.web.servlet.mvc.method.annotation.RequestMappingHandlerAdapter.handleInternal(RequestMappingHandlerAdapter.java:829) ~[spring-webmvc-6.1.3.jar:6.1.3]
	at org.springframework.web.servlet.mvc.method.AbstractHandlerMethodAdapter.handle(AbstractHandlerMethodAdapter.java:87) ~[spring-webmvc-6.1.3.jar:6.1.3]
	at org.springframework.web.servlet.DispatcherServlet.doDispatch(DispatcherServlet.java:1089) ~[spring-webmvc-6.1.3.jar:6.1.3]
	at org.springframework.web.servlet.DispatcherServlet.doService(DispatcherServlet.java:979) ~[spring-webmvc-6.1.3.jar:6.1.3]
	at org.springframework.web.servlet.FrameworkServlet.processRequest(FrameworkServlet.java:1014) ~[spring-webmvc-6.1.3.jar:6.1.3]
	at org.springframework.web.servlet.FrameworkServlet.doGet(FrameworkServlet.java:903) ~[spring-webmvc-6.1.3.jar:6.1.3]
	at jakarta.servlet.http.HttpServlet.service(HttpServlet.java:564) ~[tomcat-embed-core-10.1.18.jar:6.0]
	at org.springframework.web.servlet.FrameworkServlet.service(FrameworkServlet.java:885) ~[spring-webmvc-6.1.3.jar:6.1.3]
	at jakarta.servlet.http.HttpServlet.service(HttpServlet.java:658) ~[tomcat-embed-core-10.1.18.jar:6.0]
	at org.apache.catalina.core.ApplicationFilterChain.internalDoFilter(ApplicationFilterChain.java:205) ~[tomcat-embed-core-10.1.18.jar:10.1.18]
	at org.apache.catalina.core.ApplicationFilterChain.doFilter(ApplicationFilterChain.java:149) ~[tomcat-embed-core-10.1.18.jar:10.1.18]
	at org.apache.tomcat.websocket.server.WsFilter.doFilter(WsFilter.java:51) ~[tomcat-embed-websocket-10.1.18.jar:10.1.18]
	at org.apache.catalina.core.ApplicationFilterChain.internalDoFilter(ApplicationFilterChain.java:174) ~[tomcat-embed-core-10.1.18.jar:10.1.18]
	at org.apache.catalina.core.ApplicationFilterChain.doFilter(ApplicationFilterChain.java:149) ~[tomcat-embed-core-10.1.18.jar:10.1.18]
	at org.springframework.web.filter.RequestContextFilter.doFilterInternal(RequestContextFilter.java:100) ~[spring-web-6.1.3.jar:6.1.3]
	at org.springframework.web.filter.OncePerRequestFilter.doFilter(OncePerRequestFilter.java:116) ~[spring-web-6.1.3.jar:6.1.3]
	at org.apache.catalina.core.ApplicationFilterChain.internalDoFilter(ApplicationFilterChain.java:174) ~[tomcat-embed-core-10.1.18.jar:10.1.18]
	at org.apache.catalina.core.ApplicationFilterChain.doFilter(ApplicationFilterChain.java:149) ~[tomcat-embed-core-10.1.18.jar:10.1.18]
	at org.springframework.web.filter.FormContentFilter.doFilterInternal(FormContentFilter.java:93) ~[spring-web-6.1.3.jar:6.1.3]
	at org.springframework.web.filter.OncePerRequestFilter.doFilter(OncePerRequestFilter.java:116) ~[spring-web-6.1.3.jar:6.1.3]
	at org.apache.catalina.core.ApplicationFilterChain.internalDoFilter(ApplicationFilterChain.java:174) ~[tomcat-embed-core-10.1.18.jar:10.1.18]
	at org.apache.catalina.core.ApplicationFilterChain.doFilter(ApplicationFilterChain.java:149) ~[tomcat-embed-core-10.1.18.jar:10.1.18]
	at org.springframework.web.filter.CharacterEncodingFilter.doFilterInternal(CharacterEncodingFilter.java:201) ~[spring-web-6.1.3.jar:6.1.3]
	at org.springframework.web.filter.OncePerRequestFilter.doFilter(OncePerRequestFilter.java:116) ~[spring-web-6.1.3.jar:6.1.3]
	at org.apache.catalina.core.ApplicationFilterChain.internalDoFilter(ApplicationFilterChain.java:174) ~[tomcat-embed-core-10.1.18.jar:10.1.18]
	at org.apache.catalina.core.ApplicationFilterChain.doFilter(ApplicationFilterChain.java:149) ~[tomcat-embed-core-10.1.18.jar:10.1.18]
	at org.apache.catalina.core.StandardWrapperValve.invoke(StandardWrapperValve.java:167) ~[tomcat-embed-core-10.1.18.jar:10.1.18]
	at org.apache.catalina.core.StandardContextValve.invoke(StandardContextValve.java:90) ~[tomcat-embed-core-10.1.18.jar:10.1.18]
	at org.apache.catalina.authenticator.AuthenticatorBase.invoke(AuthenticatorBase.java:482) ~[tomcat-embed-core-10.1.18.jar:10.1.18]
	at org.apache.catalina.core.StandardHostValve.invoke(StandardHostValve.java:115) ~[tomcat-embed-core-10.1.18.jar:10.1.18]
	at org.apache.catalina.valves.ErrorReportValve.invoke(ErrorReportValve.java:93) ~[tomcat-embed-core-10.1.18.jar:10.1.18]
	at org.apache.catalina.core.StandardEngineValve.invoke(StandardEngineValve.java:74) ~[tomcat-embed-core-10.1.18.jar:10.1.18]
	at org.apache.catalina.connector.CoyoteAdapter.service(CoyoteAdapter.java:340) ~[tomcat-embed-core-10.1.18.jar:10.1.18]
	at org.apache.coyote.http11.Http11Processor.service(Http11Processor.java:391) ~[tomcat-embed-core-10.1.18.jar:10.1.18]
	at org.apache.coyote.AbstractProcessorLight.process(AbstractProcessorLight.java:63) ~[tomcat-embed-core-10.1.18.jar:10.1.18]
	at org.apache.coyote.AbstractProtocol$ConnectionHandler.process(AbstractProtocol.java:896) ~[tomcat-embed-core-10.1.18.jar:10.1.18]
	at org.apache.tomcat.util.net.NioEndpoint$SocketProcessor.doRun(NioEndpoint.java:1744) ~[tomcat-embed-core-10.1.18.jar:10.1.18]
	at org.apache.tomcat.util.net.SocketProcessorBase.run(SocketProcessorBase.java:52) ~[tomcat-embed-core-10.1.18.jar:10.1.18]
	at org.apache.tomcat.util.threads.ThreadPoolExecutor.runWorker(ThreadPoolExecutor.java:1191) ~[tomcat-embed-core-10.1.18.jar:10.1.18]
	at org.apache.tomcat.util.threads.ThreadPoolExecutor$Worker.run(ThreadPoolExecutor.java:659) ~[tomcat-embed-core-10.1.18.jar:10.1.18]
	at org.apache.tomcat.util.threads.TaskThread$WrappingRunnable.run(TaskThread.java:61) ~[tomcat-embed-core-10.1.18.jar:10.1.18]
	at java.base/java.lang.Thread.run(Thread.java:833) ~[na:na]

2026-02-18T18:00:42.959+08:00  INFO 30676 --- [yanshi-backend] [http-nio-8080-exec-8] c.yanshi.controller.ArticleController    : 按分类统计文章
2026-02-18T18:00:42.959+08:00  INFO 30676 --- [yanshi-backend] [http-nio-8080-exec-2] c.yanshi.controller.ArticleController    : 按来源统计文章
2026-02-18T18:00:42.959+08:00  INFO 30676 --- [yanshi-backend] [http-nio-8080-exec-1] c.yanshi.controller.ArticleController    : 按日期统计文章: startDate=2026-01-01, endDate=2027-03-28
2026-02-18T18:00:42.959+08:00  INFO 30676 --- [yanshi-backend] [http-nio-8080-exec-10] c.yanshi.controller.ArticleController    : 获取文章统计信息
2026-02-18T18:00:42.962+08:00 ERROR 30676 --- [yanshi-backend] [http-nio-8080-exec-10] o.a.c.c.C.[.[.[.[dispatcherServlet]      : Servlet.service() for servlet [dispatcherServlet] in context with path [/api] threw exception [Request processing failed: java.lang.ClassCastException: class java.sql.Date cannot be cast to class java.time.LocalDate (java.sql.Date is in module java.sql of loader 'platform'; java.time.LocalDate is in module java.base of loader 'bootstrap')] with root cause

java.lang.ClassCastException: class java.sql.Date cannot be cast to class java.time.LocalDate (java.sql.Date is in module java.sql of loader 'platform'; java.time.LocalDate is in module java.base of loader 'bootstrap')
	at com.yanshi.service.impl.ArticleServiceImpl.getStatistics(ArticleServiceImpl.java:74) ~[classes/:na]
	at java.base/jdk.internal.reflect.NativeMethodAccessorImpl.invoke0(Native Method) ~[na:na]
	at java.base/jdk.internal.reflect.NativeMethodAccessorImpl.invoke(NativeMethodAccessorImpl.java:77) ~[na:na]
	at java.base/jdk.internal.reflect.DelegatingMethodAccessorImpl.invoke(DelegatingMethodAccessorImpl.java:43) ~[na:na]
	at java.base/java.lang.reflect.Method.invoke(Method.java:568) ~[na:na]
	at org.springframework.aop.support.AopUtils.invokeJoinpointUsingReflection(AopUtils.java:351) ~[spring-aop-6.1.3.jar:6.1.3]
	at org.springframework.aop.framework.CglibAopProxy$DynamicAdvisedInterceptor.intercept(CglibAopProxy.java:713) ~[spring-aop-6.1.3.jar:6.1.3]
	at com.yanshi.service.impl.ArticleServiceImpl$$SpringCGLIB$$0.getStatistics(<generated>) ~[classes/:na]
	at com.yanshi.controller.ArticleController.getStatistics(ArticleController.java:66) ~[classes/:na]
	at java.base/jdk.internal.reflect.NativeMethodAccessorImpl.invoke0(Native Method) ~[na:na]
	at java.base/jdk.internal.reflect.NativeMethodAccessorImpl.invoke(NativeMethodAccessorImpl.java:77) ~[na:na]
	at java.base/jdk.internal.reflect.DelegatingMethodAccessorImpl.invoke(DelegatingMethodAccessorImpl.java:43) ~[na:na]
	at java.base/java.lang.reflect.Method.invoke(Method.java:568) ~[na:na]
	at org.springframework.web.method.support.InvocableHandlerMethod.doInvoke(InvocableHandlerMethod.java:261) ~[spring-web-6.1.3.jar:6.1.3]
	at org.springframework.web.method.support.InvocableHandlerMethod.invokeForRequest(InvocableHandlerMethod.java:189) ~[spring-web-6.1.3.jar:6.1.3]
	at org.springframework.web.servlet.mvc.method.annotation.ServletInvocableHandlerMethod.invokeAndHandle(ServletInvocableHandlerMethod.java:118) ~[spring-webmvc-6.1.3.jar:6.1.3]
	at org.springframework.web.servlet.mvc.method.annotation.RequestMappingHandlerAdapter.invokeHandlerMethod(RequestMappingHandlerAdapter.java:917) ~[spring-webmvc-6.1.3.jar:6.1.3]
	at org.springframework.web.servlet.mvc.method.annotation.RequestMappingHandlerAdapter.handleInternal(RequestMappingHandlerAdapter.java:829) ~[spring-webmvc-6.1.3.jar:6.1.3]
	at org.springframework.web.servlet.mvc.method.AbstractHandlerMethodAdapter.handle(AbstractHandlerMethodAdapter.java:87) ~[spring-webmvc-6.1.3.jar:6.1.3]
	at org.springframework.web.servlet.DispatcherServlet.doDispatch(DispatcherServlet.java:1089) ~[spring-webmvc-6.1.3.jar:6.1.3]
	at org.springframework.web.servlet.DispatcherServlet.doService(DispatcherServlet.java:979) ~[spring-webmvc-6.1.3.jar:6.1.3]
	at org.springframework.web.servlet.FrameworkServlet.processRequest(FrameworkServlet.java:1014) ~[spring-webmvc-6.1.3.jar:6.1.3]
	at org.springframework.web.servlet.FrameworkServlet.doGet(FrameworkServlet.java:903) ~[spring-webmvc-6.1.3.jar:6.1.3]
	at jakarta.servlet.http.HttpServlet.service(HttpServlet.java:564) ~[tomcat-embed-core-10.1.18.jar:6.0]
	at org.springframework.web.servlet.FrameworkServlet.service(FrameworkServlet.java:885) ~[spring-webmvc-6.1.3.jar:6.1.3]
	at jakarta.servlet.http.HttpServlet.service(HttpServlet.java:658) ~[tomcat-embed-core-10.1.18.jar:6.0]
	at org.apache.catalina.core.ApplicationFilterChain.internalDoFilter(ApplicationFilterChain.java:205) ~[tomcat-embed-core-10.1.18.jar:10.1.18]
	at org.apache.catalina.core.ApplicationFilterChain.doFilter(ApplicationFilterChain.java:149) ~[tomcat-embed-core-10.1.18.jar:10.1.18]
	at org.apache.tomcat.websocket.server.WsFilter.doFilter(WsFilter.java:51) ~[tomcat-embed-websocket-10.1.18.jar:10.1.18]
	at org.apache.catalina.core.ApplicationFilterChain.internalDoFilter(ApplicationFilterChain.java:174) ~[tomcat-embed-core-10.1.18.jar:10.1.18]
	at org.apache.catalina.core.ApplicationFilterChain.doFilter(ApplicationFilterChain.java:149) ~[tomcat-embed-core-10.1.18.jar:10.1.18]
	at org.springframework.web.filter.RequestContextFilter.doFilterInternal(RequestContextFilter.java:100) ~[spring-web-6.1.3.jar:6.1.3]
	at org.springframework.web.filter.OncePerRequestFilter.doFilter(OncePerRequestFilter.java:116) ~[spring-web-6.1.3.jar:6.1.3]
	at org.apache.catalina.core.ApplicationFilterChain.internalDoFilter(ApplicationFilterChain.java:174) ~[tomcat-embed-core-10.1.18.jar:10.1.18]
	at org.apache.catalina.core.ApplicationFilterChain.doFilter(ApplicationFilterChain.java:149) ~[tomcat-embed-core-10.1.18.jar:10.1.18]
	at org.springframework.web.filter.FormContentFilter.doFilterInternal(FormContentFilter.java:93) ~[spring-web-6.1.3.jar:6.1.3]
	at org.springframework.web.filter.OncePerRequestFilter.doFilter(OncePerRequestFilter.java:116) ~[spring-web-6.1.3.jar:6.1.3]
	at org.apache.catalina.core.ApplicationFilterChain.internalDoFilter(ApplicationFilterChain.java:174) ~[tomcat-embed-core-10.1.18.jar:10.1.18]
	at org.apache.catalina.core.ApplicationFilterChain.doFilter(ApplicationFilterChain.java:149) ~[tomcat-embed-core-10.1.18.jar:10.1.18]
	at org.springframework.web.filter.CharacterEncodingFilter.doFilterInternal(CharacterEncodingFilter.java:201) ~[spring-web-6.1.3.jar:6.1.3]
	at org.springframework.web.filter.OncePerRequestFilter.doFilter(OncePerRequestFilter.java:116) ~[spring-web-6.1.3.jar:6.1.3]
	at org.apache.catalina.core.ApplicationFilterChain.internalDoFilter(ApplicationFilterChain.java:174) ~[tomcat-embed-core-10.1.18.jar:10.1.18]
	at org.apache.catalina.core.ApplicationFilterChain.doFilter(ApplicationFilterChain.java:149) ~[tomcat-embed-core-10.1.18.jar:10.1.18]
	at org.apache.catalina.core.StandardWrapperValve.invoke(StandardWrapperValve.java:167) ~[tomcat-embed-core-10.1.18.jar:10.1.18]
	at org.apache.catalina.core.StandardContextValve.invoke(StandardContextValve.java:90) ~[tomcat-embed-core-10.1.18.jar:10.1.18]
	at org.apache.catalina.authenticator.AuthenticatorBase.invoke(AuthenticatorBase.java:482) ~[tomcat-embed-core-10.1.18.jar:10.1.18]
	at org.apache.catalina.core.StandardHostValve.invoke(StandardHostValve.java:115) ~[tomcat-embed-core-10.1.18.jar:10.1.18]
	at org.apache.catalina.valves.ErrorReportValve.invoke(ErrorReportValve.java:93) ~[tomcat-embed-core-10.1.18.jar:10.1.18]
	at org.apache.catalina.core.StandardEngineValve.invoke(StandardEngineValve.java:74) ~[tomcat-embed-core-10.1.18.jar:10.1.18]
	at org.apache.catalina.connector.CoyoteAdapter.service(CoyoteAdapter.java:340) ~[tomcat-embed-core-10.1.18.jar:10.1.18]
	at org.apache.coyote.http11.Http11Processor.service(Http11Processor.java:391) ~[tomcat-embed-core-10.1.18.jar:10.1.18]
	at org.apache.coyote.AbstractProcessorLight.process(AbstractProcessorLight.java:63) ~[tomcat-embed-core-10.1.18.jar:10.1.18]
	at org.apache.coyote.AbstractProtocol$ConnectionHandler.process(AbstractProtocol.java:896) ~[tomcat-embed-core-10.1.18.jar:10.1.18]
	at org.apache.tomcat.util.net.NioEndpoint$SocketProcessor.doRun(NioEndpoint.java:1744) ~[tomcat-embed-core-10.1.18.jar:10.1.18]
	at org.apache.tomcat.util.net.SocketProcessorBase.run(SocketProcessorBase.java:52) ~[tomcat-embed-core-10.1.18.jar:10.1.18]
	at org.apache.tomcat.util.threads.ThreadPoolExecutor.runWorker(ThreadPoolExecutor.java:1191) ~[tomcat-embed-core-10.1.18.jar:10.1.18]
	at org.apache.tomcat.util.threads.ThreadPoolExecutor$Worker.run(ThreadPoolExecutor.java:659) ~[tomcat-embed-core-10.1.18.jar:10.1.18]
	at org.apache.tomcat.util.threads.TaskThread$WrappingRunnable.run(TaskThread.java:61) ~[tomcat-embed-core-10.1.18.jar:10.1.18]
	at java.base/java.lang.Thread.run(Thread.java:833) ~[na:na]

2026-02-18T18:00:42.960+08:00 ERROR 30676 --- [yanshi-backend] [http-nio-8080-exec-1] o.a.c.c.C.[.[.[.[dispatcherServlet]      : Servlet.service() for servlet [dispatcherServlet] in context with path [/api] threw exception [Request processing failed: org.springframework.jdbc.BadSqlGrammarException: 
### Error querying database.  Cause: java.sql.SQLSyntaxErrorException: Expression #1 of ORDER BY clause is not in GROUP BY clause and contains nonaggregated column 'yanshi.articles.publish_date' which is not functionally dependent on columns in GROUP BY clause; this is incompatible with sql_mode=only_full_group_by
### The error may exist in file [D:\doc\develop\yanshi\backend\target\classes\mapper\ArticleMapper.xml]
### The error may involve defaultParameterMap
### The error occurred while setting parameters
### SQL: SELECT             DATE_FORMAT(publish_date, '%Y-%m') as date,             COUNT(*) as count         FROM articles         WHERE publish_date IS NOT NULL                       AND publish_date >= ?                                 AND publish_date <= ?                   GROUP BY DATE_FORMAT(publish_date, '%Y-%m')         ORDER BY publish_date DESC
### Cause: java.sql.SQLSyntaxErrorException: Expression #1 of ORDER BY clause is not in GROUP BY clause and contains nonaggregated column 'yanshi.articles.publish_date' which is not functionally dependent on columns in GROUP BY clause; this is incompatible with sql_mode=only_full_group_by
; bad SQL grammar []] with root cause

java.sql.SQLSyntaxErrorException: Expression #1 of ORDER BY clause is not in GROUP BY clause and contains nonaggregated column 'yanshi.articles.publish_date' which is not functionally dependent on columns in GROUP BY clause; this is incompatible with sql_mode=only_full_group_by
	at com.mysql.cj.jdbc.exceptions.SQLError.createSQLException(SQLError.java:121) ~[mysql-connector-j-8.3.0.jar:8.3.0]
	at com.mysql.cj.jdbc.exceptions.SQLExceptionsMapping.translateException(SQLExceptionsMapping.java:122) ~[mysql-connector-j-8.3.0.jar:8.3.0]
	at com.mysql.cj.jdbc.ClientPreparedStatement.executeInternal(ClientPreparedStatement.java:912) ~[mysql-connector-j-8.3.0.jar:8.3.0]
	at com.mysql.cj.jdbc.ClientPreparedStatement.execute(ClientPreparedStatement.java:354) ~[mysql-connector-j-8.3.0.jar:8.3.0]
	at com.zaxxer.hikari.pool.ProxyPreparedStatement.execute(ProxyPreparedStatement.java:44) ~[HikariCP-5.0.1.jar:na]
	at com.zaxxer.hikari.pool.HikariProxyPreparedStatement.execute(HikariProxyPreparedStatement.java) ~[HikariCP-5.0.1.jar:na]
	at jdk.internal.reflect.GeneratedMethodAccessor8.invoke(Unknown Source) ~[na:na]
	at java.base/jdk.internal.reflect.DelegatingMethodAccessorImpl.invoke(DelegatingMethodAccessorImpl.java:43) ~[na:na]
	at java.base/java.lang.reflect.Method.invoke(Method.java:568) ~[na:na]
	at org.apache.ibatis.logging.jdbc.PreparedStatementLogger.invoke(PreparedStatementLogger.java:58) ~[mybatis-3.5.15.jar:3.5.15]
	at jdk.proxy3/jdk.proxy3.$Proxy95.execute(Unknown Source) ~[na:na]
	at org.apache.ibatis.executor.statement.PreparedStatementHandler.query(PreparedStatementHandler.java:65) ~[mybatis-3.5.15.jar:3.5.15]
	at org.apache.ibatis.executor.statement.RoutingStatementHandler.query(RoutingStatementHandler.java:80) ~[mybatis-3.5.15.jar:3.5.15]
	at org.apache.ibatis.executor.SimpleExecutor.doQuery(SimpleExecutor.java:65) ~[mybatis-3.5.15.jar:3.5.15]
	at org.apache.ibatis.executor.BaseExecutor.queryFromDatabase(BaseExecutor.java:336) ~[mybatis-3.5.15.jar:3.5.15]
	at org.apache.ibatis.executor.BaseExecutor.query(BaseExecutor.java:158) ~[mybatis-3.5.15.jar:3.5.15]
	at org.apache.ibatis.executor.CachingExecutor.query(CachingExecutor.java:110) ~[mybatis-3.5.15.jar:3.5.15]
	at org.apache.ibatis.executor.CachingExecutor.query(CachingExecutor.java:90) ~[mybatis-3.5.15.jar:3.5.15]
	at org.apache.ibatis.session.defaults.DefaultSqlSession.selectList(DefaultSqlSession.java:154) ~[mybatis-3.5.15.jar:3.5.15]
	at org.apache.ibatis.session.defaults.DefaultSqlSession.selectList(DefaultSqlSession.java:147) ~[mybatis-3.5.15.jar:3.5.15]
	at org.apache.ibatis.session.defaults.DefaultSqlSession.selectList(DefaultSqlSession.java:142) ~[mybatis-3.5.15.jar:3.5.15]
	at jdk.internal.reflect.GeneratedMethodAccessor62.invoke(Unknown Source) ~[na:na]
	at java.base/jdk.internal.reflect.DelegatingMethodAccessorImpl.invoke(DelegatingMethodAccessorImpl.java:43) ~[na:na]
	at java.base/java.lang.reflect.Method.invoke(Method.java:568) ~[na:na]
	at org.mybatis.spring.SqlSessionTemplate$SqlSessionInterceptor.invoke(SqlSessionTemplate.java:425) ~[mybatis-spring-3.0.3.jar:3.0.3]
	at jdk.proxy2/jdk.proxy2.$Proxy79.selectList(Unknown Source) ~[na:na]
	at org.mybatis.spring.SqlSessionTemplate.selectList(SqlSessionTemplate.java:224) ~[mybatis-spring-3.0.3.jar:3.0.3]
	at com.baomidou.mybatisplus.core.override.MybatisMapperMethod.executeForMany(MybatisMapperMethod.java:164) ~[mybatis-plus-core-3.5.5.jar:3.5.5]
	at com.baomidou.mybatisplus.core.override.MybatisMapperMethod.execute(MybatisMapperMethod.java:77) ~[mybatis-plus-core-3.5.5.jar:3.5.5]
	at com.baomidou.mybatisplus.core.override.MybatisMapperProxy$PlainMethodInvoker.invoke(MybatisMapperProxy.java:152) ~[mybatis-plus-core-3.5.5.jar:3.5.5]
	at com.baomidou.mybatisplus.core.override.MybatisMapperProxy.invoke(MybatisMapperProxy.java:89) ~[mybatis-plus-core-3.5.5.jar:3.5.5]
	at jdk.proxy2/jdk.proxy2.$Proxy80.countByDate(Unknown Source) ~[na:na]
	at com.yanshi.service.impl.ArticleServiceImpl.countByDate(ArticleServiceImpl.java:99) ~[classes/:na]
	at java.base/jdk.internal.reflect.NativeMethodAccessorImpl.invoke0(Native Method) ~[na:na]
	at java.base/jdk.internal.reflect.NativeMethodAccessorImpl.invoke(NativeMethodAccessorImpl.java:77) ~[na:na]
	at java.base/jdk.internal.reflect.DelegatingMethodAccessorImpl.invoke(DelegatingMethodAccessorImpl.java:43) ~[na:na]
	at java.base/java.lang.reflect.Method.invoke(Method.java:568) ~[na:na]
	at org.springframework.aop.support.AopUtils.invokeJoinpointUsingReflection(AopUtils.java:351) ~[spring-aop-6.1.3.jar:6.1.3]
	at org.springframework.aop.framework.CglibAopProxy$DynamicAdvisedInterceptor.intercept(CglibAopProxy.java:713) ~[spring-aop-6.1.3.jar:6.1.3]
	at com.yanshi.service.impl.ArticleServiceImpl$$SpringCGLIB$$0.countByDate(<generated>) ~[classes/:na]
	at com.yanshi.controller.ArticleController.countByDate(ArticleController.java:92) ~[classes/:na]
	at java.base/jdk.internal.reflect.NativeMethodAccessorImpl.invoke0(Native Method) ~[na:na]
	at java.base/jdk.internal.reflect.NativeMethodAccessorImpl.invoke(NativeMethodAccessorImpl.java:77) ~[na:na]
	at java.base/jdk.internal.reflect.DelegatingMethodAccessorImpl.invoke(DelegatingMethodAccessorImpl.java:43) ~[na:na]
	at java.base/java.lang.reflect.Method.invoke(Method.java:568) ~[na:na]
	at org.springframework.web.method.support.InvocableHandlerMethod.doInvoke(InvocableHandlerMethod.java:261) ~[spring-web-6.1.3.jar:6.1.3]
	at org.springframework.web.method.support.InvocableHandlerMethod.invokeForRequest(InvocableHandlerMethod.java:189) ~[spring-web-6.1.3.jar:6.1.3]
	at org.springframework.web.servlet.mvc.method.annotation.ServletInvocableHandlerMethod.invokeAndHandle(ServletInvocableHandlerMethod.java:118) ~[spring-webmvc-6.1.3.jar:6.1.3]
	at org.springframework.web.servlet.mvc.method.annotation.RequestMappingHandlerAdapter.invokeHandlerMethod(RequestMappingHandlerAdapter.java:917) ~[spring-webmvc-6.1.3.jar:6.1.3]
	at org.springframework.web.servlet.mvc.method.annotation.RequestMappingHandlerAdapter.handleInternal(RequestMappingHandlerAdapter.java:829) ~[spring-webmvc-6.1.3.jar:6.1.3]
	at org.springframework.web.servlet.mvc.method.AbstractHandlerMethodAdapter.handle(AbstractHandlerMethodAdapter.java:87) ~[spring-webmvc-6.1.3.jar:6.1.3]
	at org.springframework.web.servlet.DispatcherServlet.doDispatch(DispatcherServlet.java:1089) ~[spring-webmvc-6.1.3.jar:6.1.3]
	at org.springframework.web.servlet.DispatcherServlet.doService(DispatcherServlet.java:979) ~[spring-webmvc-6.1.3.jar:6.1.3]
	at org.springframework.web.servlet.FrameworkServlet.processRequest(FrameworkServlet.java:1014) ~[spring-webmvc-6.1.3.jar:6.1.3]
	at org.springframework.web.servlet.FrameworkServlet.doGet(FrameworkServlet.java:903) ~[spring-webmvc-6.1.3.jar:6.1.3]
	at jakarta.servlet.http.HttpServlet.service(HttpServlet.java:564) ~[tomcat-embed-core-10.1.18.jar:6.0]
	at org.springframework.web.servlet.FrameworkServlet.service(FrameworkServlet.java:885) ~[spring-webmvc-6.1.3.jar:6.1.3]
	at jakarta.servlet.http.HttpServlet.service(HttpServlet.java:658) ~[tomcat-embed-core-10.1.18.jar:6.0]
	at org.apache.catalina.core.ApplicationFilterChain.internalDoFilter(ApplicationFilterChain.java:205) ~[tomcat-embed-core-10.1.18.jar:10.1.18]
	at org.apache.catalina.core.ApplicationFilterChain.doFilter(ApplicationFilterChain.java:149) ~[tomcat-embed-core-10.1.18.jar:10.1.18]
	at org.apache.tomcat.websocket.server.WsFilter.doFilter(WsFilter.java:51) ~[tomcat-embed-websocket-10.1.18.jar:10.1.18]
	at org.apache.catalina.core.ApplicationFilterChain.internalDoFilter(ApplicationFilterChain.java:174) ~[tomcat-embed-core-10.1.18.jar:10.1.18]
	at org.apache.catalina.core.ApplicationFilterChain.doFilter(ApplicationFilterChain.java:149) ~[tomcat-embed-core-10.1.18.jar:10.1.18]
	at org.springframework.web.filter.RequestContextFilter.doFilterInternal(RequestContextFilter.java:100) ~[spring-web-6.1.3.jar:6.1.3]
	at org.springframework.web.filter.OncePerRequestFilter.doFilter(OncePerRequestFilter.java:116) ~[spring-web-6.1.3.jar:6.1.3]
	at org.apache.catalina.core.ApplicationFilterChain.internalDoFilter(ApplicationFilterChain.java:174) ~[tomcat-embed-core-10.1.18.jar:10.1.18]
	at org.apache.catalina.core.ApplicationFilterChain.doFilter(ApplicationFilterChain.java:149) ~[tomcat-embed-core-10.1.18.jar:10.1.18]
	at org.springframework.web.filter.FormContentFilter.doFilterInternal(FormContentFilter.java:93) ~[spring-web-6.1.3.jar:6.1.3]
	at org.springframework.web.filter.OncePerRequestFilter.doFilter(OncePerRequestFilter.java:116) ~[spring-web-6.1.3.jar:6.1.3]
	at org.apache.catalina.core.ApplicationFilterChain.internalDoFilter(ApplicationFilterChain.java:174) ~[tomcat-embed-core-10.1.18.jar:10.1.18]
	at org.apache.catalina.core.ApplicationFilterChain.doFilter(ApplicationFilterChain.java:149) ~[tomcat-embed-core-10.1.18.jar:10.1.18]
	at org.springframework.web.filter.CharacterEncodingFilter.doFilterInternal(CharacterEncodingFilter.java:201) ~[spring-web-6.1.3.jar:6.1.3]
	at org.springframework.web.filter.OncePerRequestFilter.doFilter(OncePerRequestFilter.java:116) ~[spring-web-6.1.3.jar:6.1.3]
	at org.apache.catalina.core.ApplicationFilterChain.internalDoFilter(ApplicationFilterChain.java:174) ~[tomcat-embed-core-10.1.18.jar:10.1.18]
	at org.apache.catalina.core.ApplicationFilterChain.doFilter(ApplicationFilterChain.java:149) ~[tomcat-embed-core-10.1.18.jar:10.1.18]
	at org.apache.catalina.core.StandardWrapperValve.invoke(StandardWrapperValve.java:167) ~[tomcat-embed-core-10.1.18.jar:10.1.18]
	at org.apache.catalina.core.StandardContextValve.invoke(StandardContextValve.java:90) ~[tomcat-embed-core-10.1.18.jar:10.1.18]
	at org.apache.catalina.authenticator.AuthenticatorBase.invoke(AuthenticatorBase.java:482) ~[tomcat-embed-core-10.1.18.jar:10.1.18]
	at org.apache.catalina.core.StandardHostValve.invoke(StandardHostValve.java:115) ~[tomcat-embed-core-10.1.18.jar:10.1.18]
	at org.apache.catalina.valves.ErrorReportValve.invoke(ErrorReportValve.java:93) ~[tomcat-embed-core-10.1.18.jar:10.1.18]
	at org.apache.catalina.core.StandardEngineValve.invoke(StandardEngineValve.java:74) ~[tomcat-embed-core-10.1.18.jar:10.1.18]
	at org.apache.catalina.connector.CoyoteAdapter.service(CoyoteAdapter.java:340) ~[tomcat-embed-core-10.1.18.jar:10.1.18]
	at org.apache.coyote.http11.Http11Processor.service(Http11Processor.java:391) ~[tomcat-embed-core-10.1.18.jar:10.1.18]
	at org.apache.coyote.AbstractProcessorLight.process(AbstractProcessorLight.java:63) ~[tomcat-embed-core-10.1.18.jar:10.1.18]
	at org.apache.coyote.AbstractProtocol$ConnectionHandler.process(AbstractProtocol.java:896) ~[tomcat-embed-core-10.1.18.jar:10.1.18]
	at org.apache.tomcat.util.net.NioEndpoint$SocketProcessor.doRun(NioEndpoint.java:1744) ~[tomcat-embed-core-10.1.18.jar:10.1.18]
	at org.apache.tomcat.util.net.SocketProcessorBase.run(SocketProcessorBase.java:52) ~[tomcat-embed-core-10.1.18.jar:10.1.18]
	at org.apache.tomcat.util.threads.ThreadPoolExecutor.runWorker(ThreadPoolExecutor.java:1191) ~[tomcat-embed-core-10.1.18.jar:10.1.18]
	at org.apache.tomcat.util.threads.ThreadPoolExecutor$Worker.run(ThreadPoolExecutor.java:659) ~[tomcat-embed-core-10.1.18.jar:10.1.18]
	at org.apache.tomcat.util.threads.TaskThread$WrappingRunnable.run(TaskThread.java:61) ~[tomcat-embed-core-10.1.18.jar:10.1.18]
	at java.base/java.lang.Thread.run(Thread.java:833) ~[na:na]

2026-02-18T18:00:47.734+08:00  INFO 30676 --- [yanshi-backend] [http-nio-8080-exec-4] c.yanshi.controller.ArticleController    : 按日期统计文章: startDate=2026-01-01, endDate=2026-01-28
2026-02-18T18:00:47.737+08:00 ERROR 30676 --- [yanshi-backend] [http-nio-8080-exec-4] o.a.c.c.C.[.[.[.[dispatcherServlet]      : Servlet.service() for servlet [dispatcherServlet] in context with path [/api] threw exception [Request processing failed: org.springframework.jdbc.BadSqlGrammarException: 
### Error querying database.  Cause: java.sql.SQLSyntaxErrorException: Expression #1 of ORDER BY clause is not in GROUP BY clause and contains nonaggregated column 'yanshi.articles.publish_date' which is not functionally dependent on columns in GROUP BY clause; this is incompatible with sql_mode=only_full_group_by
### The error may exist in file [D:\doc\develop\yanshi\backend\target\classes\mapper\ArticleMapper.xml]
### The error may involve defaultParameterMap
### The error occurred while setting parameters
### SQL: SELECT             DATE_FORMAT(publish_date, '%Y-%m') as date,             COUNT(*) as count         FROM articles         WHERE publish_date IS NOT NULL                       AND publish_date >= ?                                 AND publish_date <= ?                   GROUP BY DATE_FORMAT(publish_date, '%Y-%m')         ORDER BY publish_date DESC
### Cause: java.sql.SQLSyntaxErrorException: Expression #1 of ORDER BY clause is not in GROUP BY clause and contains nonaggregated column 'yanshi.articles.publish_date' which is not functionally dependent on columns in GROUP BY clause; this is incompatible with sql_mode=only_full_group_by
; bad SQL grammar []] with root cause

java.sql.SQLSyntaxErrorException: Expression #1 of ORDER BY clause is not in GROUP BY clause and contains nonaggregated column 'yanshi.articles.publish_date' which is not functionally dependent on columns in GROUP BY clause; this is incompatible with sql_mode=only_full_group_by
	at com.mysql.cj.jdbc.exceptions.SQLError.createSQLException(SQLError.java:121) ~[mysql-connector-j-8.3.0.jar:8.3.0]
	at com.mysql.cj.jdbc.exceptions.SQLExceptionsMapping.translateException(SQLExceptionsMapping.java:122) ~[mysql-connector-j-8.3.0.jar:8.3.0]
	at com.mysql.cj.jdbc.ClientPreparedStatement.executeInternal(ClientPreparedStatement.java:912) ~[mysql-connector-j-8.3.0.jar:8.3.0]
	at com.mysql.cj.jdbc.ClientPreparedStatement.execute(ClientPreparedStatement.java:354) ~[mysql-connector-j-8.3.0.jar:8.3.0]
	at com.zaxxer.hikari.pool.ProxyPreparedStatement.execute(ProxyPreparedStatement.java:44) ~[HikariCP-5.0.1.jar:na]
	at com.zaxxer.hikari.pool.HikariProxyPreparedStatement.execute(HikariProxyPreparedStatement.java) ~[HikariCP-5.0.1.jar:na]
	at jdk.internal.reflect.GeneratedMethodAccessor8.invoke(Unknown Source) ~[na:na]
	at java.base/jdk.internal.reflect.DelegatingMethodAccessorImpl.invoke(DelegatingMethodAccessorImpl.java:43) ~[na:na]
	at java.base/java.lang.reflect.Method.invoke(Method.java:568) ~[na:na]
	at org.apache.ibatis.logging.jdbc.PreparedStatementLogger.invoke(PreparedStatementLogger.java:58) ~[mybatis-3.5.15.jar:3.5.15]
	at jdk.proxy3/jdk.proxy3.$Proxy95.execute(Unknown Source) ~[na:na]
	at org.apache.ibatis.executor.statement.PreparedStatementHandler.query(PreparedStatementHandler.java:65) ~[mybatis-3.5.15.jar:3.5.15]
	at org.apache.ibatis.executor.statement.RoutingStatementHandler.query(RoutingStatementHandler.java:80) ~[mybatis-3.5.15.jar:3.5.15]
	at org.apache.ibatis.executor.SimpleExecutor.doQuery(SimpleExecutor.java:65) ~[mybatis-3.5.15.jar:3.5.15]
	at org.apache.ibatis.executor.BaseExecutor.queryFromDatabase(BaseExecutor.java:336) ~[mybatis-3.5.15.jar:3.5.15]
	at org.apache.ibatis.executor.BaseExecutor.query(BaseExecutor.java:158) ~[mybatis-3.5.15.jar:3.5.15]
	at org.apache.ibatis.executor.CachingExecutor.query(CachingExecutor.java:110) ~[mybatis-3.5.15.jar:3.5.15]
	at org.apache.ibatis.executor.CachingExecutor.query(CachingExecutor.java:90) ~[mybatis-3.5.15.jar:3.5.15]
	at org.apache.ibatis.session.defaults.DefaultSqlSession.selectList(DefaultSqlSession.java:154) ~[mybatis-3.5.15.jar:3.5.15]
	at org.apache.ibatis.session.defaults.DefaultSqlSession.selectList(DefaultSqlSession.java:147) ~[mybatis-3.5.15.jar:3.5.15]
	at org.apache.ibatis.session.defaults.DefaultSqlSession.selectList(DefaultSqlSession.java:142) ~[mybatis-3.5.15.jar:3.5.15]
	at jdk.internal.reflect.GeneratedMethodAccessor62.invoke(Unknown Source) ~[na:na]
	at java.base/jdk.internal.reflect.DelegatingMethodAccessorImpl.invoke(DelegatingMethodAccessorImpl.java:43) ~[na:na]
	at java.base/java.lang.reflect.Method.invoke(Method.java:568) ~[na:na]
	at org.mybatis.spring.SqlSessionTemplate$SqlSessionInterceptor.invoke(SqlSessionTemplate.java:425) ~[mybatis-spring-3.0.3.jar:3.0.3]
	at jdk.proxy2/jdk.proxy2.$Proxy79.selectList(Unknown Source) ~[na:na]
	at org.mybatis.spring.SqlSessionTemplate.selectList(SqlSessionTemplate.java:224) ~[mybatis-spring-3.0.3.jar:3.0.3]
	at com.baomidou.mybatisplus.core.override.MybatisMapperMethod.executeForMany(MybatisMapperMethod.java:164) ~[mybatis-plus-core-3.5.5.jar:3.5.5]
	at com.baomidou.mybatisplus.core.override.MybatisMapperMethod.execute(MybatisMapperMethod.java:77) ~[mybatis-plus-core-3.5.5.jar:3.5.5]
	at com.baomidou.mybatisplus.core.override.MybatisMapperProxy$PlainMethodInvoker.invoke(MybatisMapperProxy.java:152) ~[mybatis-plus-core-3.5.5.jar:3.5.5]
	at com.baomidou.mybatisplus.core.override.MybatisMapperProxy.invoke(MybatisMapperProxy.java:89) ~[mybatis-plus-core-3.5.5.jar:3.5.5]
	at jdk.proxy2/jdk.proxy2.$Proxy80.countByDate(Unknown Source) ~[na:na]
	at com.yanshi.service.impl.ArticleServiceImpl.countByDate(ArticleServiceImpl.java:99) ~[classes/:na]
	at java.base/jdk.internal.reflect.NativeMethodAccessorImpl.invoke0(Native Method) ~[na:na]
	at java.base/jdk.internal.reflect.NativeMethodAccessorImpl.invoke(NativeMethodAccessorImpl.java:77) ~[na:na]
	at java.base/jdk.internal.reflect.DelegatingMethodAccessorImpl.invoke(DelegatingMethodAccessorImpl.java:43) ~[na:na]
	at java.base/java.lang.reflect.Method.invoke(Method.java:568) ~[na:na]
	at org.springframework.aop.support.AopUtils.invokeJoinpointUsingReflection(AopUtils.java:351) ~[spring-aop-6.1.3.jar:6.1.3]
	at org.springframework.aop.framework.CglibAopProxy$DynamicAdvisedInterceptor.intercept(CglibAopProxy.java:713) ~[spring-aop-6.1.3.jar:6.1.3]
	at com.yanshi.service.impl.ArticleServiceImpl$$SpringCGLIB$$0.countByDate(<generated>) ~[classes/:na]
	at com.yanshi.controller.ArticleController.countByDate(ArticleController.java:92) ~[classes/:na]
	at java.base/jdk.internal.reflect.NativeMethodAccessorImpl.invoke0(Native Method) ~[na:na]
	at java.base/jdk.internal.reflect.NativeMethodAccessorImpl.invoke(NativeMethodAccessorImpl.java:77) ~[na:na]
	at java.base/jdk.internal.reflect.DelegatingMethodAccessorImpl.invoke(DelegatingMethodAccessorImpl.java:43) ~[na:na]
	at java.base/java.lang.reflect.Method.invoke(Method.java:568) ~[na:na]
	at org.springframework.web.method.support.InvocableHandlerMethod.doInvoke(InvocableHandlerMethod.java:261) ~[spring-web-6.1.3.jar:6.1.3]
	at org.springframework.web.method.support.InvocableHandlerMethod.invokeForRequest(InvocableHandlerMethod.java:189) ~[spring-web-6.1.3.jar:6.1.3]
	at org.springframework.web.servlet.mvc.method.annotation.ServletInvocableHandlerMethod.invokeAndHandle(ServletInvocableHandlerMethod.java:118) ~[spring-webmvc-6.1.3.jar:6.1.3]
	at org.springframework.web.servlet.mvc.method.annotation.RequestMappingHandlerAdapter.invokeHandlerMethod(RequestMappingHandlerAdapter.java:917) ~[spring-webmvc-6.1.3.jar:6.1.3]
	at org.springframework.web.servlet.mvc.method.annotation.RequestMappingHandlerAdapter.handleInternal(RequestMappingHandlerAdapter.java:829) ~[spring-webmvc-6.1.3.jar:6.1.3]
	at org.springframework.web.servlet.mvc.method.AbstractHandlerMethodAdapter.handle(AbstractHandlerMethodAdapter.java:87) ~[spring-webmvc-6.1.3.jar:6.1.3]
	at org.springframework.web.servlet.DispatcherServlet.doDispatch(DispatcherServlet.java:1089) ~[spring-webmvc-6.1.3.jar:6.1.3]
	at org.springframework.web.servlet.DispatcherServlet.doService(DispatcherServlet.java:979) ~[spring-webmvc-6.1.3.jar:6.1.3]
	at org.springframework.web.servlet.FrameworkServlet.processRequest(FrameworkServlet.java:1014) ~[spring-webmvc-6.1.3.jar:6.1.3]
	at org.springframework.web.servlet.FrameworkServlet.doGet(FrameworkServlet.java:903) ~[spring-webmvc-6.1.3.jar:6.1.3]
	at jakarta.servlet.http.HttpServlet.service(HttpServlet.java:564) ~[tomcat-embed-core-10.1.18.jar:6.0]
	at org.springframework.web.servlet.FrameworkServlet.service(FrameworkServlet.java:885) ~[spring-webmvc-6.1.3.jar:6.1.3]
	at jakarta.servlet.http.HttpServlet.service(HttpServlet.java:658) ~[tomcat-embed-core-10.1.18.jar:6.0]
	at org.apache.catalina.core.ApplicationFilterChain.internalDoFilter(ApplicationFilterChain.java:205) ~[tomcat-embed-core-10.1.18.jar:10.1.18]
	at org.apache.catalina.core.ApplicationFilterChain.doFilter(ApplicationFilterChain.java:149) ~[tomcat-embed-core-10.1.18.jar:10.1.18]
	at org.apache.tomcat.websocket.server.WsFilter.doFilter(WsFilter.java:51) ~[tomcat-embed-websocket-10.1.18.jar:10.1.18]
	at org.apache.catalina.core.ApplicationFilterChain.internalDoFilter(ApplicationFilterChain.java:174) ~[tomcat-embed-core-10.1.18.jar:10.1.18]
	at org.apache.catalina.core.ApplicationFilterChain.doFilter(ApplicationFilterChain.java:149) ~[tomcat-embed-core-10.1.18.jar:10.1.18]
	at org.springframework.web.filter.RequestContextFilter.doFilterInternal(RequestContextFilter.java:100) ~[spring-web-6.1.3.jar:6.1.3]
	at org.springframework.web.filter.OncePerRequestFilter.doFilter(OncePerRequestFilter.java:116) ~[spring-web-6.1.3.jar:6.1.3]
	at org.apache.catalina.core.ApplicationFilterChain.internalDoFilter(ApplicationFilterChain.java:174) ~[tomcat-embed-core-10.1.18.jar:10.1.18]
	at org.apache.catalina.core.ApplicationFilterChain.doFilter(ApplicationFilterChain.java:149) ~[tomcat-embed-core-10.1.18.jar:10.1.18]
	at org.springframework.web.filter.FormContentFilter.doFilterInternal(FormContentFilter.java:93) ~[spring-web-6.1.3.jar:6.1.3]
	at org.springframework.web.filter.OncePerRequestFilter.doFilter(OncePerRequestFilter.java:116) ~[spring-web-6.1.3.jar:6.1.3]
	at org.apache.catalina.core.ApplicationFilterChain.internalDoFilter(ApplicationFilterChain.java:174) ~[tomcat-embed-core-10.1.18.jar:10.1.18]
	at org.apache.catalina.core.ApplicationFilterChain.doFilter(ApplicationFilterChain.java:149) ~[tomcat-embed-core-10.1.18.jar:10.1.18]
	at org.springframework.web.filter.CharacterEncodingFilter.doFilterInternal(CharacterEncodingFilter.java:201) ~[spring-web-6.1.3.jar:6.1.3]
	at org.springframework.web.filter.OncePerRequestFilter.doFilter(OncePerRequestFilter.java:116) ~[spring-web-6.1.3.jar:6.1.3]
	at org.apache.catalina.core.ApplicationFilterChain.internalDoFilter(ApplicationFilterChain.java:174) ~[tomcat-embed-core-10.1.18.jar:10.1.18]
	at org.apache.catalina.core.ApplicationFilterChain.doFilter(ApplicationFilterChain.java:149) ~[tomcat-embed-core-10.1.18.jar:10.1.18]
	at org.apache.catalina.core.StandardWrapperValve.invoke(StandardWrapperValve.java:167) ~[tomcat-embed-core-10.1.18.jar:10.1.18]
	at org.apache.catalina.core.StandardContextValve.invoke(StandardContextValve.java:90) ~[tomcat-embed-core-10.1.18.jar:10.1.18]
	at org.apache.catalina.authenticator.AuthenticatorBase.invoke(AuthenticatorBase.java:482) ~[tomcat-embed-core-10.1.18.jar:10.1.18]
	at org.apache.catalina.core.StandardHostValve.invoke(StandardHostValve.java:115) ~[tomcat-embed-core-10.1.18.jar:10.1.18]
	at org.apache.catalina.valves.ErrorReportValve.invoke(ErrorReportValve.java:93) ~[tomcat-embed-core-10.1.18.jar:10.1.18]
	at org.apache.catalina.core.StandardEngineValve.invoke(StandardEngineValve.java:74) ~[tomcat-embed-core-10.1.18.jar:10.1.18]
	at org.apache.catalina.connector.CoyoteAdapter.service(CoyoteAdapter.java:340) ~[tomcat-embed-core-10.1.18.jar:10.1.18]
	at org.apache.coyote.http11.Http11Processor.service(Http11Processor.java:391) ~[tomcat-embed-core-10.1.18.jar:10.1.18]
	at org.apache.coyote.AbstractProcessorLight.process(AbstractProcessorLight.java:63) ~[tomcat-embed-core-10.1.18.jar:10.1.18]
	at org.apache.coyote.AbstractProtocol$ConnectionHandler.process(AbstractProtocol.java:896) ~[tomcat-embed-core-10.1.18.jar:10.1.18]
	at org.apache.tomcat.util.net.NioEndpoint$SocketProcessor.doRun(NioEndpoint.java:1744) ~[tomcat-embed-core-10.1.18.jar:10.1.18]
	at org.apache.tomcat.util.net.SocketProcessorBase.run(SocketProcessorBase.java:52) ~[tomcat-embed-core-10.1.18.jar:10.1.18]
	at org.apache.tomcat.util.threads.ThreadPoolExecutor.runWorker(ThreadPoolExecutor.java:1191) ~[tomcat-embed-core-10.1.18.jar:10.1.18]
	at org.apache.tomcat.util.threads.ThreadPoolExecutor$Worker.run(ThreadPoolExecutor.java:659) ~[tomcat-embed-core-10.1.18.jar:10.1.18]
	at org.apache.tomcat.util.threads.TaskThread$WrappingRunnable.run(TaskThread.java:61) ~[tomcat-embed-core-10.1.18.jar:10.1.18]
	at java.base/java.lang.Thread.run(Thread.java:833) ~[na:na]

2026-02-18T18:01:01.958+08:00  INFO 30676 --- [yanshi-backend] [SpringApplicationShutdownHook] com.zaxxer.hikari.HikariDataSource       : HikariPool-1 - Shutdown initiated...
2026-02-18T18:01:01.962+08:00  INFO 30676 --- [yanshi-backend] [SpringApplicationShutdownHook] com.zaxxer.hikari.HikariDataSource       : HikariPool-1 - Shutdown completed.
2026-02-18T18:01:04.920+08:00  INFO 28120 --- [yanshi-backend] [main] com.yanshi.YanshiBackendApplication      : Starting YanshiBackendApplication using Java 17.0.1 with PID 28120 (D:\doc\develop\yanshi\backend\target\classes started by Lin in D:\doc\develop\yanshi\backend)
2026-02-18T18:01:04.921+08:00  INFO 28120 --- [yanshi-backend] [main] com.yanshi.YanshiBackendApplication      : No active profile set, falling back to 1 default profile: "default"
2026-02-18T18:01:05.474+08:00  INFO 28120 --- [yanshi-backend] [main] o.s.b.w.embedded.tomcat.TomcatWebServer  : Tomcat initialized with port 8080 (http)
2026-02-18T18:01:05.479+08:00  INFO 28120 --- [yanshi-backend] [main] o.apache.catalina.core.StandardService   : Starting service [Tomcat]
2026-02-18T18:01:05.479+08:00  INFO 28120 --- [yanshi-backend] [main] o.apache.catalina.core.StandardEngine    : Starting Servlet engine: [Apache Tomcat/10.1.18]
2026-02-18T18:01:05.518+08:00  INFO 28120 --- [yanshi-backend] [main] o.a.c.c.C.[Tomcat].[localhost].[/api]    : Initializing Spring embedded WebApplicationContext
2026-02-18T18:01:05.519+08:00  INFO 28120 --- [yanshi-backend] [main] w.s.c.ServletWebServerApplicationContext : Root WebApplicationContext: initialization completed in 573 ms
2026-02-18T18:01:06.028+08:00  INFO 28120 --- [yanshi-backend] [main] o.s.b.w.embedded.tomcat.TomcatWebServer  : Tomcat started on port 8080 (http) with context path '/api'
2026-02-18T18:01:06.033+08:00  INFO 28120 --- [yanshi-backend] [main] com.yanshi.YanshiBackendApplication      : Started YanshiBackendApplication in 1.339 seconds (process running for 1.686)
2026-02-18T18:01:09.029+08:00  INFO 28120 --- [yanshi-backend] [http-nio-8080-exec-1] o.a.c.c.C.[Tomcat].[localhost].[/api]    : Initializing Spring DispatcherServlet 'dispatcherServlet'
2026-02-18T18:01:09.029+08:00  INFO 28120 --- [yanshi-backend] [http-nio-8080-exec-1] o.s.web.servlet.DispatcherServlet        : Initializing Servlet 'dispatcherServlet'
2026-02-18T18:01:09.031+08:00  INFO 28120 --- [yanshi-backend] [http-nio-8080-exec-1] o.s.web.servlet.DispatcherServlet        : Completed initialization in 0 ms
2026-02-18T18:01:09.047+08:00  INFO 28120 --- [yanshi-backend] [http-nio-8080-exec-2] c.yanshi.controller.ArticleController    : 按分类统计文章
2026-02-18T18:01:09.047+08:00  INFO 28120 --- [yanshi-backend] [http-nio-8080-exec-9] c.yanshi.controller.ArticleController    : 获取文章统计信息
2026-02-18T18:01:09.047+08:00  INFO 28120 --- [yanshi-backend] [http-nio-8080-exec-1] c.yanshi.controller.ArticleController    : 按来源统计文章
2026-02-18T18:01:09.055+08:00  INFO 28120 --- [yanshi-backend] [http-nio-8080-exec-5] c.yanshi.controller.ArticleController    : 按日期统计文章: startDate=null, endDate=null
2026-02-18T18:01:09.062+08:00  INFO 28120 --- [yanshi-backend] [http-nio-8080-exec-1] com.zaxxer.hikari.HikariDataSource       : HikariPool-1 - Starting...
2026-02-18T18:01:09.141+08:00  INFO 28120 --- [yanshi-backend] [http-nio-8080-exec-1] com.zaxxer.hikari.pool.HikariPool        : HikariPool-1 - Added connection com.mysql.cj.jdbc.ConnectionImpl@35616015
2026-02-18T18:01:09.142+08:00  INFO 28120 --- [yanshi-backend] [http-nio-8080-exec-1] com.zaxxer.hikari.HikariDataSource       : HikariPool-1 - Start completed.
2026-02-18T18:01:09.180+08:00 ERROR 28120 --- [yanshi-backend] [http-nio-8080-exec-9] c.y.service.impl.ArticleServiceImpl      : 获取日期范围失败

java.lang.ClassCastException: class java.sql.Date cannot be cast to class java.time.LocalDate (java.sql.Date is in module java.sql of loader 'platform'; java.time.LocalDate is in module java.base of loader 'bootstrap')
	at com.yanshi.service.impl.ArticleServiceImpl.getStatistics(ArticleServiceImpl.java:75) ~[classes/:na]
	at java.base/jdk.internal.reflect.NativeMethodAccessorImpl.invoke0(Native Method) ~[na:na]
	at java.base/jdk.internal.reflect.NativeMethodAccessorImpl.invoke(NativeMethodAccessorImpl.java:77) ~[na:na]
	at java.base/jdk.internal.reflect.DelegatingMethodAccessorImpl.invoke(DelegatingMethodAccessorImpl.java:43) ~[na:na]
	at java.base/java.lang.reflect.Method.invoke(Method.java:568) ~[na:na]
	at org.springframework.aop.support.AopUtils.invokeJoinpointUsingReflection(AopUtils.java:351) ~[spring-aop-6.1.3.jar:6.1.3]
	at org.springframework.aop.framework.CglibAopProxy$DynamicAdvisedInterceptor.intercept(CglibAopProxy.java:713) ~[spring-aop-6.1.3.jar:6.1.3]
	at com.yanshi.service.impl.ArticleServiceImpl$$SpringCGLIB$$0.getStatistics(<generated>) ~[classes/:na]
	at com.yanshi.controller.ArticleController.getStatistics(ArticleController.java:66) ~[classes/:na]
	at java.base/jdk.internal.reflect.NativeMethodAccessorImpl.invoke0(Native Method) ~[na:na]
	at java.base/jdk.internal.reflect.NativeMethodAccessorImpl.invoke(NativeMethodAccessorImpl.java:77) ~[na:na]
	at java.base/jdk.internal.reflect.DelegatingMethodAccessorImpl.invoke(DelegatingMethodAccessorImpl.java:43) ~[na:na]
	at java.base/java.lang.reflect.Method.invoke(Method.java:568) ~[na:na]
	at org.springframework.web.method.support.InvocableHandlerMethod.doInvoke(InvocableHandlerMethod.java:261) ~[spring-web-6.1.3.jar:6.1.3]
	at org.springframework.web.method.support.InvocableHandlerMethod.invokeForRequest(InvocableHandlerMethod.java:189) ~[spring-web-6.1.3.jar:6.1.3]
	at org.springframework.web.servlet.mvc.method.annotation.ServletInvocableHandlerMethod.invokeAndHandle(ServletInvocableHandlerMethod.java:118) ~[spring-webmvc-6.1.3.jar:6.1.3]
	at org.springframework.web.servlet.mvc.method.annotation.RequestMappingHandlerAdapter.invokeHandlerMethod(RequestMappingHandlerAdapter.java:917) ~[spring-webmvc-6.1.3.jar:6.1.3]
	at org.springframework.web.servlet.mvc.method.annotation.RequestMappingHandlerAdapter.handleInternal(RequestMappingHandlerAdapter.java:829) ~[spring-webmvc-6.1.3.jar:6.1.3]
	at org.springframework.web.servlet.mvc.method.AbstractHandlerMethodAdapter.handle(AbstractHandlerMethodAdapter.java:87) ~[spring-webmvc-6.1.3.jar:6.1.3]
	at org.springframework.web.servlet.DispatcherServlet.doDispatch(DispatcherServlet.java:1089) ~[spring-webmvc-6.1.3.jar:6.1.3]
	at org.springframework.web.servlet.DispatcherServlet.doService(DispatcherServlet.java:979) ~[spring-webmvc-6.1.3.jar:6.1.3]
	at org.springframework.web.servlet.FrameworkServlet.processRequest(FrameworkServlet.java:1014) ~[spring-webmvc-6.1.3.jar:6.1.3]
	at org.springframework.web.servlet.FrameworkServlet.doGet(FrameworkServlet.java:903) ~[spring-webmvc-6.1.3.jar:6.1.3]
	at jakarta.servlet.http.HttpServlet.service(HttpServlet.java:564) ~[tomcat-embed-core-10.1.18.jar:6.0]
	at org.springframework.web.servlet.FrameworkServlet.service(FrameworkServlet.java:885) ~[spring-webmvc-6.1.3.jar:6.1.3]
	at jakarta.servlet.http.HttpServlet.service(HttpServlet.java:658) ~[tomcat-embed-core-10.1.18.jar:6.0]
	at org.apache.catalina.core.ApplicationFilterChain.internalDoFilter(ApplicationFilterChain.java:205) ~[tomcat-embed-core-10.1.18.jar:10.1.18]
	at org.apache.catalina.core.ApplicationFilterChain.doFilter(ApplicationFilterChain.java:149) ~[tomcat-embed-core-10.1.18.jar:10.1.18]
	at org.apache.tomcat.websocket.server.WsFilter.doFilter(WsFilter.java:51) ~[tomcat-embed-websocket-10.1.18.jar:10.1.18]
	at org.apache.catalina.core.ApplicationFilterChain.internalDoFilter(ApplicationFilterChain.java:174) ~[tomcat-embed-core-10.1.18.jar:10.1.18]
	at org.apache.catalina.core.ApplicationFilterChain.doFilter(ApplicationFilterChain.java:149) ~[tomcat-embed-core-10.1.18.jar:10.1.18]
	at org.springframework.web.filter.RequestContextFilter.doFilterInternal(RequestContextFilter.java:100) ~[spring-web-6.1.3.jar:6.1.3]
	at org.springframework.web.filter.OncePerRequestFilter.doFilter(OncePerRequestFilter.java:116) ~[spring-web-6.1.3.jar:6.1.3]
	at org.apache.catalina.core.ApplicationFilterChain.internalDoFilter(ApplicationFilterChain.java:174) ~[tomcat-embed-core-10.1.18.jar:10.1.18]
	at org.apache.catalina.core.ApplicationFilterChain.doFilter(ApplicationFilterChain.java:149) ~[tomcat-embed-core-10.1.18.jar:10.1.18]
	at org.springframework.web.filter.FormContentFilter.doFilterInternal(FormContentFilter.java:93) ~[spring-web-6.1.3.jar:6.1.3]
	at org.springframework.web.filter.OncePerRequestFilter.doFilter(OncePerRequestFilter.java:116) ~[spring-web-6.1.3.jar:6.1.3]
	at org.apache.catalina.core.ApplicationFilterChain.internalDoFilter(ApplicationFilterChain.java:174) ~[tomcat-embed-core-10.1.18.jar:10.1.18]
	at org.apache.catalina.core.ApplicationFilterChain.doFilter(ApplicationFilterChain.java:149) ~[tomcat-embed-core-10.1.18.jar:10.1.18]
	at org.springframework.web.filter.CharacterEncodingFilter.doFilterInternal(CharacterEncodingFilter.java:201) ~[spring-web-6.1.3.jar:6.1.3]
	at org.springframework.web.filter.OncePerRequestFilter.doFilter(OncePerRequestFilter.java:116) ~[spring-web-6.1.3.jar:6.1.3]
	at org.apache.catalina.core.ApplicationFilterChain.internalDoFilter(ApplicationFilterChain.java:174) ~[tomcat-embed-core-10.1.18.jar:10.1.18]
	at org.apache.catalina.core.ApplicationFilterChain.doFilter(ApplicationFilterChain.java:149) ~[tomcat-embed-core-10.1.18.jar:10.1.18]
	at org.apache.catalina.core.StandardWrapperValve.invoke(StandardWrapperValve.java:167) ~[tomcat-embed-core-10.1.18.jar:10.1.18]
	at org.apache.catalina.core.StandardContextValve.invoke(StandardContextValve.java:90) ~[tomcat-embed-core-10.1.18.jar:10.1.18]
	at org.apache.catalina.authenticator.AuthenticatorBase.invoke(AuthenticatorBase.java:482) ~[tomcat-embed-core-10.1.18.jar:10.1.18]
	at org.apache.catalina.core.StandardHostValve.invoke(StandardHostValve.java:115) ~[tomcat-embed-core-10.1.18.jar:10.1.18]
	at org.apache.catalina.valves.ErrorReportValve.invoke(ErrorReportValve.java:93) ~[tomcat-embed-core-10.1.18.jar:10.1.18]
	at org.apache.catalina.core.StandardEngineValve.invoke(StandardEngineValve.java:74) ~[tomcat-embed-core-10.1.18.jar:10.1.18]
	at org.apache.catalina.connector.CoyoteAdapter.service(CoyoteAdapter.java:340) ~[tomcat-embed-core-10.1.18.jar:10.1.18]
	at org.apache.coyote.http11.Http11Processor.service(Http11Processor.java:391) ~[tomcat-embed-core-10.1.18.jar:10.1.18]
	at org.apache.coyote.AbstractProcessorLight.process(AbstractProcessorLight.java:63) ~[tomcat-embed-core-10.1.18.jar:10.1.18]
	at org.apache.coyote.AbstractProtocol$ConnectionHandler.process(AbstractProtocol.java:896) ~[tomcat-embed-core-10.1.18.jar:10.1.18]
	at org.apache.tomcat.util.net.NioEndpoint$SocketProcessor.doRun(NioEndpoint.java:1744) ~[tomcat-embed-core-10.1.18.jar:10.1.18]
	at org.apache.tomcat.util.net.SocketProcessorBase.run(SocketProcessorBase.java:52) ~[tomcat-embed-core-10.1.18.jar:10.1.18]
	at org.apache.tomcat.util.threads.ThreadPoolExecutor.runWorker(ThreadPoolExecutor.java:1191) ~[tomcat-embed-core-10.1.18.jar:10.1.18]
	at org.apache.tomcat.util.threads.ThreadPoolExecutor$Worker.run(ThreadPoolExecutor.java:659) ~[tomcat-embed-core-10.1.18.jar:10.1.18]
	at org.apache.tomcat.util.threads.TaskThread$WrappingRunnable.run(TaskThread.java:61) ~[tomcat-embed-core-10.1.18.jar:10.1.18]
	at java.base/java.lang.Thread.run(Thread.java:833) ~[na:na]

2026-02-18T18:01:15.147+08:00  INFO 28120 --- [yanshi-backend] [http-nio-8080-exec-6] c.yanshi.controller.ArticleController    : 按来源统计文章
2026-02-18T18:01:15.147+08:00  INFO 28120 --- [yanshi-backend] [http-nio-8080-exec-7] c.yanshi.controller.ArticleController    : 按分类统计文章
2026-02-18T18:01:15.147+08:00  INFO 28120 --- [yanshi-backend] [http-nio-8080-exec-3] c.yanshi.controller.ArticleController    : 获取文章统计信息
2026-02-18T18:01:15.148+08:00  INFO 28120 --- [yanshi-backend] [http-nio-8080-exec-8] c.yanshi.controller.ArticleController    : 按日期统计文章: startDate=null, endDate=null
2026-02-18T18:01:15.152+08:00 ERROR 28120 --- [yanshi-backend] [http-nio-8080-exec-3] c.y.service.impl.ArticleServiceImpl      : 获取日期范围失败

java.lang.ClassCastException: class java.sql.Date cannot be cast to class java.time.LocalDate (java.sql.Date is in module java.sql of loader 'platform'; java.time.LocalDate is in module java.base of loader 'bootstrap')
	at com.yanshi.service.impl.ArticleServiceImpl.getStatistics(ArticleServiceImpl.java:75) ~[classes/:na]
	at java.base/jdk.internal.reflect.NativeMethodAccessorImpl.invoke0(Native Method) ~[na:na]
	at java.base/jdk.internal.reflect.NativeMethodAccessorImpl.invoke(NativeMethodAccessorImpl.java:77) ~[na:na]
	at java.base/jdk.internal.reflect.DelegatingMethodAccessorImpl.invoke(DelegatingMethodAccessorImpl.java:43) ~[na:na]
	at java.base/java.lang.reflect.Method.invoke(Method.java:568) ~[na:na]
	at org.springframework.aop.support.AopUtils.invokeJoinpointUsingReflection(AopUtils.java:351) ~[spring-aop-6.1.3.jar:6.1.3]
	at org.springframework.aop.framework.CglibAopProxy$DynamicAdvisedInterceptor.intercept(CglibAopProxy.java:713) ~[spring-aop-6.1.3.jar:6.1.3]
	at com.yanshi.service.impl.ArticleServiceImpl$$SpringCGLIB$$0.getStatistics(<generated>) ~[classes/:na]
	at com.yanshi.controller.ArticleController.getStatistics(ArticleController.java:66) ~[classes/:na]
	at java.base/jdk.internal.reflect.NativeMethodAccessorImpl.invoke0(Native Method) ~[na:na]
	at java.base/jdk.internal.reflect.NativeMethodAccessorImpl.invoke(NativeMethodAccessorImpl.java:77) ~[na:na]
	at java.base/jdk.internal.reflect.DelegatingMethodAccessorImpl.invoke(DelegatingMethodAccessorImpl.java:43) ~[na:na]
	at java.base/java.lang.reflect.Method.invoke(Method.java:568) ~[na:na]
	at org.springframework.web.method.support.InvocableHandlerMethod.doInvoke(InvocableHandlerMethod.java:261) ~[spring-web-6.1.3.jar:6.1.3]
	at org.springframework.web.method.support.InvocableHandlerMethod.invokeForRequest(InvocableHandlerMethod.java:189) ~[spring-web-6.1.3.jar:6.1.3]
	at org.springframework.web.servlet.mvc.method.annotation.ServletInvocableHandlerMethod.invokeAndHandle(ServletInvocableHandlerMethod.java:118) ~[spring-webmvc-6.1.3.jar:6.1.3]
	at org.springframework.web.servlet.mvc.method.annotation.RequestMappingHandlerAdapter.invokeHandlerMethod(RequestMappingHandlerAdapter.java:917) ~[spring-webmvc-6.1.3.jar:6.1.3]
	at org.springframework.web.servlet.mvc.method.annotation.RequestMappingHandlerAdapter.handleInternal(RequestMappingHandlerAdapter.java:829) ~[spring-webmvc-6.1.3.jar:6.1.3]
	at org.springframework.web.servlet.mvc.method.AbstractHandlerMethodAdapter.handle(AbstractHandlerMethodAdapter.java:87) ~[spring-webmvc-6.1.3.jar:6.1.3]
	at org.springframework.web.servlet.DispatcherServlet.doDispatch(DispatcherServlet.java:1089) ~[spring-webmvc-6.1.3.jar:6.1.3]
	at org.springframework.web.servlet.DispatcherServlet.doService(DispatcherServlet.java:979) ~[spring-webmvc-6.1.3.jar:6.1.3]
	at org.springframework.web.servlet.FrameworkServlet.processRequest(FrameworkServlet.java:1014) ~[spring-webmvc-6.1.3.jar:6.1.3]
	at org.springframework.web.servlet.FrameworkServlet.doGet(FrameworkServlet.java:903) ~[spring-webmvc-6.1.3.jar:6.1.3]
	at jakarta.servlet.http.HttpServlet.service(HttpServlet.java:564) ~[tomcat-embed-core-10.1.18.jar:6.0]
	at org.springframework.web.servlet.FrameworkServlet.service(FrameworkServlet.java:885) ~[spring-webmvc-6.1.3.jar:6.1.3]
	at jakarta.servlet.http.HttpServlet.service(HttpServlet.java:658) ~[tomcat-embed-core-10.1.18.jar:6.0]
	at org.apache.catalina.core.ApplicationFilterChain.internalDoFilter(ApplicationFilterChain.java:205) ~[tomcat-embed-core-10.1.18.jar:10.1.18]
	at org.apache.catalina.core.ApplicationFilterChain.doFilter(ApplicationFilterChain.java:149) ~[tomcat-embed-core-10.1.18.jar:10.1.18]
	at org.apache.tomcat.websocket.server.WsFilter.doFilter(WsFilter.java:51) ~[tomcat-embed-websocket-10.1.18.jar:10.1.18]
	at org.apache.catalina.core.ApplicationFilterChain.internalDoFilter(ApplicationFilterChain.java:174) ~[tomcat-embed-core-10.1.18.jar:10.1.18]
	at org.apache.catalina.core.ApplicationFilterChain.doFilter(ApplicationFilterChain.java:149) ~[tomcat-embed-core-10.1.18.jar:10.1.18]
	at org.springframework.web.filter.RequestContextFilter.doFilterInternal(RequestContextFilter.java:100) ~[spring-web-6.1.3.jar:6.1.3]
	at org.springframework.web.filter.OncePerRequestFilter.doFilter(OncePerRequestFilter.java:116) ~[spring-web-6.1.3.jar:6.1.3]
	at org.apache.catalina.core.ApplicationFilterChain.internalDoFilter(ApplicationFilterChain.java:174) ~[tomcat-embed-core-10.1.18.jar:10.1.18]
	at org.apache.catalina.core.ApplicationFilterChain.doFilter(ApplicationFilterChain.java:149) ~[tomcat-embed-core-10.1.18.jar:10.1.18]
	at org.springframework.web.filter.FormContentFilter.doFilterInternal(FormContentFilter.java:93) ~[spring-web-6.1.3.jar:6.1.3]
	at org.springframework.web.filter.OncePerRequestFilter.doFilter(OncePerRequestFilter.java:116) ~[spring-web-6.1.3.jar:6.1.3]
	at org.apache.catalina.core.ApplicationFilterChain.internalDoFilter(ApplicationFilterChain.java:174) ~[tomcat-embed-core-10.1.18.jar:10.1.18]
	at org.apache.catalina.core.ApplicationFilterChain.doFilter(ApplicationFilterChain.java:149) ~[tomcat-embed-core-10.1.18.jar:10.1.18]
	at org.springframework.web.filter.CharacterEncodingFilter.doFilterInternal(CharacterEncodingFilter.java:201) ~[spring-web-6.1.3.jar:6.1.3]
	at org.springframework.web.filter.OncePerRequestFilter.doFilter(OncePerRequestFilter.java:116) ~[spring-web-6.1.3.jar:6.1.3]
	at org.apache.catalina.core.ApplicationFilterChain.internalDoFilter(ApplicationFilterChain.java:174) ~[tomcat-embed-core-10.1.18.jar:10.1.18]
	at org.apache.catalina.core.ApplicationFilterChain.doFilter(ApplicationFilterChain.java:149) ~[tomcat-embed-core-10.1.18.jar:10.1.18]
	at org.apache.catalina.core.StandardWrapperValve.invoke(StandardWrapperValve.java:167) ~[tomcat-embed-core-10.1.18.jar:10.1.18]
	at org.apache.catalina.core.StandardContextValve.invoke(StandardContextValve.java:90) ~[tomcat-embed-core-10.1.18.jar:10.1.18]
	at org.apache.catalina.authenticator.AuthenticatorBase.invoke(AuthenticatorBase.java:482) ~[tomcat-embed-core-10.1.18.jar:10.1.18]
	at org.apache.catalina.core.StandardHostValve.invoke(StandardHostValve.java:115) ~[tomcat-embed-core-10.1.18.jar:10.1.18]
	at org.apache.catalina.valves.ErrorReportValve.invoke(ErrorReportValve.java:93) ~[tomcat-embed-core-10.1.18.jar:10.1.18]
	at org.apache.catalina.core.StandardEngineValve.invoke(StandardEngineValve.java:74) ~[tomcat-embed-core-10.1.18.jar:10.1.18]
	at org.apache.catalina.connector.CoyoteAdapter.service(CoyoteAdapter.java:340) ~[tomcat-embed-core-10.1.18.jar:10.1.18]
	at org.apache.coyote.http11.Http11Processor.service(Http11Processor.java:391) ~[tomcat-embed-core-10.1.18.jar:10.1.18]
	at org.apache.coyote.AbstractProcessorLight.process(AbstractProcessorLight.java:63) ~[tomcat-embed-core-10.1.18.jar:10.1.18]
	at org.apache.coyote.AbstractProtocol$ConnectionHandler.process(AbstractProtocol.java:896) ~[tomcat-embed-core-10.1.18.jar:10.1.18]
	at org.apache.tomcat.util.net.NioEndpoint$SocketProcessor.doRun(NioEndpoint.java:1744) ~[tomcat-embed-core-10.1.18.jar:10.1.18]
	at org.apache.tomcat.util.net.SocketProcessorBase.run(SocketProcessorBase.java:52) ~[tomcat-embed-core-10.1.18.jar:10.1.18]
	at org.apache.tomcat.util.threads.ThreadPoolExecutor.runWorker(ThreadPoolExecutor.java:1191) ~[tomcat-embed-core-10.1.18.jar:10.1.18]
	at org.apache.tomcat.util.threads.ThreadPoolExecutor$Worker.run(ThreadPoolExecutor.java:659) ~[tomcat-embed-core-10.1.18.jar:10.1.18]
	at org.apache.tomcat.util.threads.TaskThread$WrappingRunnable.run(TaskThread.java:61) ~[tomcat-embed-core-10.1.18.jar:10.1.18]
	at java.base/java.lang.Thread.run(Thread.java:833) ~[na:na]

2026-02-18T18:01:16.045+08:00  INFO 28120 --- [yanshi-backend] [http-nio-8080-exec-10] c.yanshi.controller.ArticleController    : 获取文章统计信息
2026-02-18T18:01:16.045+08:00  INFO 28120 --- [yanshi-backend] [http-nio-8080-exec-4] c.yanshi.controller.ArticleController    : 按分类统计文章
2026-02-18T18:01:16.045+08:00  INFO 28120 --- [yanshi-backend] [http-nio-8080-exec-9] c.yanshi.controller.ArticleController    : 按来源统计文章
2026-02-18T18:01:16.045+08:00  INFO 28120 --- [yanshi-backend] [http-nio-8080-exec-5] c.yanshi.controller.ArticleController    : 按日期统计文章: startDate=null, endDate=null
2026-02-18T18:01:16.049+08:00 ERROR 28120 --- [yanshi-backend] [http-nio-8080-exec-10] c.y.service.impl.ArticleServiceImpl      : 获取日期范围失败

java.lang.ClassCastException: class java.sql.Date cannot be cast to class java.time.LocalDate (java.sql.Date is in module java.sql of loader 'platform'; java.time.LocalDate is in module java.base of loader 'bootstrap')
	at com.yanshi.service.impl.ArticleServiceImpl.getStatistics(ArticleServiceImpl.java:75) ~[classes/:na]
	at java.base/jdk.internal.reflect.NativeMethodAccessorImpl.invoke0(Native Method) ~[na:na]
	at java.base/jdk.internal.reflect.NativeMethodAccessorImpl.invoke(NativeMethodAccessorImpl.java:77) ~[na:na]
	at java.base/jdk.internal.reflect.DelegatingMethodAccessorImpl.invoke(DelegatingMethodAccessorImpl.java:43) ~[na:na]
	at java.base/java.lang.reflect.Method.invoke(Method.java:568) ~[na:na]
	at org.springframework.aop.support.AopUtils.invokeJoinpointUsingReflection(AopUtils.java:351) ~[spring-aop-6.1.3.jar:6.1.3]
	at org.springframework.aop.framework.CglibAopProxy$DynamicAdvisedInterceptor.intercept(CglibAopProxy.java:713) ~[spring-aop-6.1.3.jar:6.1.3]
	at com.yanshi.service.impl.ArticleServiceImpl$$SpringCGLIB$$0.getStatistics(<generated>) ~[classes/:na]
	at com.yanshi.controller.ArticleController.getStatistics(ArticleController.java:66) ~[classes/:na]
	at java.base/jdk.internal.reflect.NativeMethodAccessorImpl.invoke0(Native Method) ~[na:na]
	at java.base/jdk.internal.reflect.NativeMethodAccessorImpl.invoke(NativeMethodAccessorImpl.java:77) ~[na:na]
	at java.base/jdk.internal.reflect.DelegatingMethodAccessorImpl.invoke(DelegatingMethodAccessorImpl.java:43) ~[na:na]
	at java.base/java.lang.reflect.Method.invoke(Method.java:568) ~[na:na]
	at org.springframework.web.method.support.InvocableHandlerMethod.doInvoke(InvocableHandlerMethod.java:261) ~[spring-web-6.1.3.jar:6.1.3]
	at org.springframework.web.method.support.InvocableHandlerMethod.invokeForRequest(InvocableHandlerMethod.java:189) ~[spring-web-6.1.3.jar:6.1.3]
	at org.springframework.web.servlet.mvc.method.annotation.ServletInvocableHandlerMethod.invokeAndHandle(ServletInvocableHandlerMethod.java:118) ~[spring-webmvc-6.1.3.jar:6.1.3]
	at org.springframework.web.servlet.mvc.method.annotation.RequestMappingHandlerAdapter.invokeHandlerMethod(RequestMappingHandlerAdapter.java:917) ~[spring-webmvc-6.1.3.jar:6.1.3]
	at org.springframework.web.servlet.mvc.method.annotation.RequestMappingHandlerAdapter.handleInternal(RequestMappingHandlerAdapter.java:829) ~[spring-webmvc-6.1.3.jar:6.1.3]
	at org.springframework.web.servlet.mvc.method.AbstractHandlerMethodAdapter.handle(AbstractHandlerMethodAdapter.java:87) ~[spring-webmvc-6.1.3.jar:6.1.3]
	at org.springframework.web.servlet.DispatcherServlet.doDispatch(DispatcherServlet.java:1089) ~[spring-webmvc-6.1.3.jar:6.1.3]
	at org.springframework.web.servlet.DispatcherServlet.doService(DispatcherServlet.java:979) ~[spring-webmvc-6.1.3.jar:6.1.3]
	at org.springframework.web.servlet.FrameworkServlet.processRequest(FrameworkServlet.java:1014) ~[spring-webmvc-6.1.3.jar:6.1.3]
	at org.springframework.web.servlet.FrameworkServlet.doGet(FrameworkServlet.java:903) ~[spring-webmvc-6.1.3.jar:6.1.3]
	at jakarta.servlet.http.HttpServlet.service(HttpServlet.java:564) ~[tomcat-embed-core-10.1.18.jar:6.0]
	at org.springframework.web.servlet.FrameworkServlet.service(FrameworkServlet.java:885) ~[spring-webmvc-6.1.3.jar:6.1.3]
	at jakarta.servlet.http.HttpServlet.service(HttpServlet.java:658) ~[tomcat-embed-core-10.1.18.jar:6.0]
	at org.apache.catalina.core.ApplicationFilterChain.internalDoFilter(ApplicationFilterChain.java:205) ~[tomcat-embed-core-10.1.18.jar:10.1.18]
	at org.apache.catalina.core.ApplicationFilterChain.doFilter(ApplicationFilterChain.java:149) ~[tomcat-embed-core-10.1.18.jar:10.1.18]
	at org.apache.tomcat.websocket.server.WsFilter.doFilter(WsFilter.java:51) ~[tomcat-embed-websocket-10.1.18.jar:10.1.18]
	at org.apache.catalina.core.ApplicationFilterChain.internalDoFilter(ApplicationFilterChain.java:174) ~[tomcat-embed-core-10.1.18.jar:10.1.18]
	at org.apache.catalina.core.ApplicationFilterChain.doFilter(ApplicationFilterChain.java:149) ~[tomcat-embed-core-10.1.18.jar:10.1.18]
	at org.springframework.web.filter.RequestContextFilter.doFilterInternal(RequestContextFilter.java:100) ~[spring-web-6.1.3.jar:6.1.3]
	at org.springframework.web.filter.OncePerRequestFilter.doFilter(OncePerRequestFilter.java:116) ~[spring-web-6.1.3.jar:6.1.3]
	at org.apache.catalina.core.ApplicationFilterChain.internalDoFilter(ApplicationFilterChain.java:174) ~[tomcat-embed-core-10.1.18.jar:10.1.18]
	at org.apache.catalina.core.ApplicationFilterChain.doFilter(ApplicationFilterChain.java:149) ~[tomcat-embed-core-10.1.18.jar:10.1.18]
	at org.springframework.web.filter.FormContentFilter.doFilterInternal(FormContentFilter.java:93) ~[spring-web-6.1.3.jar:6.1.3]
	at org.springframework.web.filter.OncePerRequestFilter.doFilter(OncePerRequestFilter.java:116) ~[spring-web-6.1.3.jar:6.1.3]
	at org.apache.catalina.core.ApplicationFilterChain.internalDoFilter(ApplicationFilterChain.java:174) ~[tomcat-embed-core-10.1.18.jar:10.1.18]
	at org.apache.catalina.core.ApplicationFilterChain.doFilter(ApplicationFilterChain.java:149) ~[tomcat-embed-core-10.1.18.jar:10.1.18]
	at org.springframework.web.filter.CharacterEncodingFilter.doFilterInternal(CharacterEncodingFilter.java:201) ~[spring-web-6.1.3.jar:6.1.3]
	at org.springframework.web.filter.OncePerRequestFilter.doFilter(OncePerRequestFilter.java:116) ~[spring-web-6.1.3.jar:6.1.3]
	at org.apache.catalina.core.ApplicationFilterChain.internalDoFilter(ApplicationFilterChain.java:174) ~[tomcat-embed-core-10.1.18.jar:10.1.18]
	at org.apache.catalina.core.ApplicationFilterChain.doFilter(ApplicationFilterChain.java:149) ~[tomcat-embed-core-10.1.18.jar:10.1.18]
	at org.apache.catalina.core.StandardWrapperValve.invoke(StandardWrapperValve.java:167) ~[tomcat-embed-core-10.1.18.jar:10.1.18]
	at org.apache.catalina.core.StandardContextValve.invoke(StandardContextValve.java:90) ~[tomcat-embed-core-10.1.18.jar:10.1.18]
	at org.apache.catalina.authenticator.AuthenticatorBase.invoke(AuthenticatorBase.java:482) ~[tomcat-embed-core-10.1.18.jar:10.1.18]
	at org.apache.catalina.core.StandardHostValve.invoke(StandardHostValve.java:115) ~[tomcat-embed-core-10.1.18.jar:10.1.18]
	at org.apache.catalina.valves.ErrorReportValve.invoke(ErrorReportValve.java:93) ~[tomcat-embed-core-10.1.18.jar:10.1.18]
	at org.apache.catalina.core.StandardEngineValve.invoke(StandardEngineValve.java:74) ~[tomcat-embed-core-10.1.18.jar:10.1.18]
	at org.apache.catalina.connector.CoyoteAdapter.service(CoyoteAdapter.java:340) ~[tomcat-embed-core-10.1.18.jar:10.1.18]
	at org.apache.coyote.http11.Http11Processor.service(Http11Processor.java:391) ~[tomcat-embed-core-10.1.18.jar:10.1.18]
	at org.apache.coyote.AbstractProcessorLight.process(AbstractProcessorLight.java:63) ~[tomcat-embed-core-10.1.18.jar:10.1.18]
	at org.apache.coyote.AbstractProtocol$ConnectionHandler.process(AbstractProtocol.java:896) ~[tomcat-embed-core-10.1.18.jar:10.1.18]
	at org.apache.tomcat.util.net.NioEndpoint$SocketProcessor.doRun(NioEndpoint.java:1744) ~[tomcat-embed-core-10.1.18.jar:10.1.18]
	at org.apache.tomcat.util.net.SocketProcessorBase.run(SocketProcessorBase.java:52) ~[tomcat-embed-core-10.1.18.jar:10.1.18]
	at org.apache.tomcat.util.threads.ThreadPoolExecutor.runWorker(ThreadPoolExecutor.java:1191) ~[tomcat-embed-core-10.1.18.jar:10.1.18]
	at org.apache.tomcat.util.threads.ThreadPoolExecutor$Worker.run(ThreadPoolExecutor.java:659) ~[tomcat-embed-core-10.1.18.jar:10.1.18]
	at org.apache.tomcat.util.threads.TaskThread$WrappingRunnable.run(TaskThread.java:61) ~[tomcat-embed-core-10.1.18.jar:10.1.18]
	at java.base/java.lang.Thread.run(Thread.java:833) ~[na:na]

2026-02-18T18:01:16.190+08:00  INFO 28120 --- [yanshi-backend] [http-nio-8080-exec-2] c.yanshi.controller.ArticleController    : 按分类统计文章
2026-02-18T18:01:16.190+08:00  INFO 28120 --- [yanshi-backend] [http-nio-8080-exec-7] c.yanshi.controller.ArticleController    : 按日期统计文章: startDate=null, endDate=null
2026-02-18T18:01:16.190+08:00  INFO 28120 --- [yanshi-backend] [http-nio-8080-exec-1] c.yanshi.controller.ArticleController    : 获取文章统计信息
2026-02-18T18:01:16.190+08:00  INFO 28120 --- [yanshi-backend] [http-nio-8080-exec-6] c.yanshi.controller.ArticleController    : 按来源统计文章
2026-02-18T18:01:16.194+08:00 ERROR 28120 --- [yanshi-backend] [http-nio-8080-exec-1] c.y.service.impl.ArticleServiceImpl      : 获取日期范围失败

java.lang.ClassCastException: class java.sql.Date cannot be cast to class java.time.LocalDate (java.sql.Date is in module java.sql of loader 'platform'; java.time.LocalDate is in module java.base of loader 'bootstrap')
	at com.yanshi.service.impl.ArticleServiceImpl.getStatistics(ArticleServiceImpl.java:75) ~[classes/:na]
	at java.base/jdk.internal.reflect.NativeMethodAccessorImpl.invoke0(Native Method) ~[na:na]
	at java.base/jdk.internal.reflect.NativeMethodAccessorImpl.invoke(NativeMethodAccessorImpl.java:77) ~[na:na]
	at java.base/jdk.internal.reflect.DelegatingMethodAccessorImpl.invoke(DelegatingMethodAccessorImpl.java:43) ~[na:na]
	at java.base/java.lang.reflect.Method.invoke(Method.java:568) ~[na:na]
	at org.springframework.aop.support.AopUtils.invokeJoinpointUsingReflection(AopUtils.java:351) ~[spring-aop-6.1.3.jar:6.1.3]
	at org.springframework.aop.framework.CglibAopProxy$DynamicAdvisedInterceptor.intercept(CglibAopProxy.java:713) ~[spring-aop-6.1.3.jar:6.1.3]
	at com.yanshi.service.impl.ArticleServiceImpl$$SpringCGLIB$$0.getStatistics(<generated>) ~[classes/:na]
	at com.yanshi.controller.ArticleController.getStatistics(ArticleController.java:66) ~[classes/:na]
	at java.base/jdk.internal.reflect.NativeMethodAccessorImpl.invoke0(Native Method) ~[na:na]
	at java.base/jdk.internal.reflect.NativeMethodAccessorImpl.invoke(NativeMethodAccessorImpl.java:77) ~[na:na]
	at java.base/jdk.internal.reflect.DelegatingMethodAccessorImpl.invoke(DelegatingMethodAccessorImpl.java:43) ~[na:na]
	at java.base/java.lang.reflect.Method.invoke(Method.java:568) ~[na:na]
	at org.springframework.web.method.support.InvocableHandlerMethod.doInvoke(InvocableHandlerMethod.java:261) ~[spring-web-6.1.3.jar:6.1.3]
	at org.springframework.web.method.support.InvocableHandlerMethod.invokeForRequest(InvocableHandlerMethod.java:189) ~[spring-web-6.1.3.jar:6.1.3]
	at org.springframework.web.servlet.mvc.method.annotation.ServletInvocableHandlerMethod.invokeAndHandle(ServletInvocableHandlerMethod.java:118) ~[spring-webmvc-6.1.3.jar:6.1.3]
	at org.springframework.web.servlet.mvc.method.annotation.RequestMappingHandlerAdapter.invokeHandlerMethod(RequestMappingHandlerAdapter.java:917) ~[spring-webmvc-6.1.3.jar:6.1.3]
	at org.springframework.web.servlet.mvc.method.annotation.RequestMappingHandlerAdapter.handleInternal(RequestMappingHandlerAdapter.java:829) ~[spring-webmvc-6.1.3.jar:6.1.3]
	at org.springframework.web.servlet.mvc.method.AbstractHandlerMethodAdapter.handle(AbstractHandlerMethodAdapter.java:87) ~[spring-webmvc-6.1.3.jar:6.1.3]
	at org.springframework.web.servlet.DispatcherServlet.doDispatch(DispatcherServlet.java:1089) ~[spring-webmvc-6.1.3.jar:6.1.3]
	at org.springframework.web.servlet.DispatcherServlet.doService(DispatcherServlet.java:979) ~[spring-webmvc-6.1.3.jar:6.1.3]
	at org.springframework.web.servlet.FrameworkServlet.processRequest(FrameworkServlet.java:1014) ~[spring-webmvc-6.1.3.jar:6.1.3]
	at org.springframework.web.servlet.FrameworkServlet.doGet(FrameworkServlet.java:903) ~[spring-webmvc-6.1.3.jar:6.1.3]
	at jakarta.servlet.http.HttpServlet.service(HttpServlet.java:564) ~[tomcat-embed-core-10.1.18.jar:6.0]
	at org.springframework.web.servlet.FrameworkServlet.service(FrameworkServlet.java:885) ~[spring-webmvc-6.1.3.jar:6.1.3]
	at jakarta.servlet.http.HttpServlet.service(HttpServlet.java:658) ~[tomcat-embed-core-10.1.18.jar:6.0]
	at org.apache.catalina.core.ApplicationFilterChain.internalDoFilter(ApplicationFilterChain.java:205) ~[tomcat-embed-core-10.1.18.jar:10.1.18]
	at org.apache.catalina.core.ApplicationFilterChain.doFilter(ApplicationFilterChain.java:149) ~[tomcat-embed-core-10.1.18.jar:10.1.18]
	at org.apache.tomcat.websocket.server.WsFilter.doFilter(WsFilter.java:51) ~[tomcat-embed-websocket-10.1.18.jar:10.1.18]
	at org.apache.catalina.core.ApplicationFilterChain.internalDoFilter(ApplicationFilterChain.java:174) ~[tomcat-embed-core-10.1.18.jar:10.1.18]
	at org.apache.catalina.core.ApplicationFilterChain.doFilter(ApplicationFilterChain.java:149) ~[tomcat-embed-core-10.1.18.jar:10.1.18]
	at org.springframework.web.filter.RequestContextFilter.doFilterInternal(RequestContextFilter.java:100) ~[spring-web-6.1.3.jar:6.1.3]
	at org.springframework.web.filter.OncePerRequestFilter.doFilter(OncePerRequestFilter.java:116) ~[spring-web-6.1.3.jar:6.1.3]
	at org.apache.catalina.core.ApplicationFilterChain.internalDoFilter(ApplicationFilterChain.java:174) ~[tomcat-embed-core-10.1.18.jar:10.1.18]
	at org.apache.catalina.core.ApplicationFilterChain.doFilter(ApplicationFilterChain.java:149) ~[tomcat-embed-core-10.1.18.jar:10.1.18]
	at org.springframework.web.filter.FormContentFilter.doFilterInternal(FormContentFilter.java:93) ~[spring-web-6.1.3.jar:6.1.3]
	at org.springframework.web.filter.OncePerRequestFilter.doFilter(OncePerRequestFilter.java:116) ~[spring-web-6.1.3.jar:6.1.3]
	at org.apache.catalina.core.ApplicationFilterChain.internalDoFilter(ApplicationFilterChain.java:174) ~[tomcat-embed-core-10.1.18.jar:10.1.18]
	at org.apache.catalina.core.ApplicationFilterChain.doFilter(ApplicationFilterChain.java:149) ~[tomcat-embed-core-10.1.18.jar:10.1.18]
	at org.springframework.web.filter.CharacterEncodingFilter.doFilterInternal(CharacterEncodingFilter.java:201) ~[spring-web-6.1.3.jar:6.1.3]
	at org.springframework.web.filter.OncePerRequestFilter.doFilter(OncePerRequestFilter.java:116) ~[spring-web-6.1.3.jar:6.1.3]
	at org.apache.catalina.core.ApplicationFilterChain.internalDoFilter(ApplicationFilterChain.java:174) ~[tomcat-embed-core-10.1.18.jar:10.1.18]
	at org.apache.catalina.core.ApplicationFilterChain.doFilter(ApplicationFilterChain.java:149) ~[tomcat-embed-core-10.1.18.jar:10.1.18]
	at org.apache.catalina.core.StandardWrapperValve.invoke(StandardWrapperValve.java:167) ~[tomcat-embed-core-10.1.18.jar:10.1.18]
	at org.apache.catalina.core.StandardContextValve.invoke(StandardContextValve.java:90) ~[tomcat-embed-core-10.1.18.jar:10.1.18]
	at org.apache.catalina.authenticator.AuthenticatorBase.invoke(AuthenticatorBase.java:482) ~[tomcat-embed-core-10.1.18.jar:10.1.18]
	at org.apache.catalina.core.StandardHostValve.invoke(StandardHostValve.java:115) ~[tomcat-embed-core-10.1.18.jar:10.1.18]
	at org.apache.catalina.valves.ErrorReportValve.invoke(ErrorReportValve.java:93) ~[tomcat-embed-core-10.1.18.jar:10.1.18]
	at org.apache.catalina.core.StandardEngineValve.invoke(StandardEngineValve.java:74) ~[tomcat-embed-core-10.1.18.jar:10.1.18]
	at org.apache.catalina.connector.CoyoteAdapter.service(CoyoteAdapter.java:340) ~[tomcat-embed-core-10.1.18.jar:10.1.18]
	at org.apache.coyote.http11.Http11Processor.service(Http11Processor.java:391) ~[tomcat-embed-core-10.1.18.jar:10.1.18]
	at org.apache.coyote.AbstractProcessorLight.process(AbstractProcessorLight.java:63) ~[tomcat-embed-core-10.1.18.jar:10.1.18]
	at org.apache.coyote.AbstractProtocol$ConnectionHandler.process(AbstractProtocol.java:896) ~[tomcat-embed-core-10.1.18.jar:10.1.18]
	at org.apache.tomcat.util.net.NioEndpoint$SocketProcessor.doRun(NioEndpoint.java:1744) ~[tomcat-embed-core-10.1.18.jar:10.1.18]
	at org.apache.tomcat.util.net.SocketProcessorBase.run(SocketProcessorBase.java:52) ~[tomcat-embed-core-10.1.18.jar:10.1.18]
	at org.apache.tomcat.util.threads.ThreadPoolExecutor.runWorker(ThreadPoolExecutor.java:1191) ~[tomcat-embed-core-10.1.18.jar:10.1.18]
	at org.apache.tomcat.util.threads.ThreadPoolExecutor$Worker.run(ThreadPoolExecutor.java:659) ~[tomcat-embed-core-10.1.18.jar:10.1.18]
	at org.apache.tomcat.util.threads.TaskThread$WrappingRunnable.run(TaskThread.java:61) ~[tomcat-embed-core-10.1.18.jar:10.1.18]
	at java.base/java.lang.Thread.run(Thread.java:833) ~[na:na]

2026-02-18T18:01:18.993+08:00  INFO 28120 --- [yanshi-backend] [http-nio-8080-exec-8] c.yanshi.controller.ArticleController    : 按分类统计文章
2026-02-18T18:01:18.995+08:00  INFO 28120 --- [yanshi-backend] [http-nio-8080-exec-3] c.y.controller.KnowledgePointController  : 获取所有知识点
2026-02-18T18:01:20.823+08:00  INFO 28120 --- [yanshi-backend] [http-nio-8080-exec-4] c.yanshi.controller.ArticleController    : 按来源统计文章
2026-02-18T18:01:20.823+08:00  INFO 28120 --- [yanshi-backend] [http-nio-8080-exec-9] c.yanshi.controller.ArticleController    : 按分类统计文章
2026-02-18T18:01:20.826+08:00  INFO 28120 --- [yanshi-backend] [http-nio-8080-exec-10] c.yanshi.controller.ArticleController    : 获取最新文章: limit=5
2026-02-18T18:01:20.830+08:00  INFO 28120 --- [yanshi-backend] [http-nio-8080-exec-5] c.yanshi.controller.ArticleController    : 查询文章列表: com.yanshi.dto.ArticleQueryDTO@ca2fb63
2026-02-18T18:01:22.218+08:00  INFO 28120 --- [yanshi-backend] [http-nio-8080-exec-6] c.yanshi.controller.ArticleController    : 获取文章统计信息
2026-02-18T18:01:22.218+08:00  INFO 28120 --- [yanshi-backend] [http-nio-8080-exec-7] c.yanshi.controller.ArticleController    : 按分类统计文章
2026-02-18T18:01:22.218+08:00  INFO 28120 --- [yanshi-backend] [http-nio-8080-exec-1] c.yanshi.controller.ArticleController    : 按日期统计文章: startDate=null, endDate=null
2026-02-18T18:01:22.218+08:00  INFO 28120 --- [yanshi-backend] [http-nio-8080-exec-2] c.yanshi.controller.ArticleController    : 按来源统计文章
2026-02-18T18:01:22.221+08:00 ERROR 28120 --- [yanshi-backend] [http-nio-8080-exec-6] c.y.service.impl.ArticleServiceImpl      : 获取日期范围失败

java.lang.ClassCastException: class java.sql.Date cannot be cast to class java.time.LocalDate (java.sql.Date is in module java.sql of loader 'platform'; java.time.LocalDate is in module java.base of loader 'bootstrap')
	at com.yanshi.service.impl.ArticleServiceImpl.getStatistics(ArticleServiceImpl.java:75) ~[classes/:na]
	at java.base/jdk.internal.reflect.NativeMethodAccessorImpl.invoke0(Native Method) ~[na:na]
	at java.base/jdk.internal.reflect.NativeMethodAccessorImpl.invoke(NativeMethodAccessorImpl.java:77) ~[na:na]
	at java.base/jdk.internal.reflect.DelegatingMethodAccessorImpl.invoke(DelegatingMethodAccessorImpl.java:43) ~[na:na]
	at java.base/java.lang.reflect.Method.invoke(Method.java:568) ~[na:na]
	at org.springframework.aop.support.AopUtils.invokeJoinpointUsingReflection(AopUtils.java:351) ~[spring-aop-6.1.3.jar:6.1.3]
	at org.springframework.aop.framework.CglibAopProxy$DynamicAdvisedInterceptor.intercept(CglibAopProxy.java:713) ~[spring-aop-6.1.3.jar:6.1.3]
	at com.yanshi.service.impl.ArticleServiceImpl$$SpringCGLIB$$0.getStatistics(<generated>) ~[classes/:na]
	at com.yanshi.controller.ArticleController.getStatistics(ArticleController.java:66) ~[classes/:na]
	at java.base/jdk.internal.reflect.NativeMethodAccessorImpl.invoke0(Native Method) ~[na:na]
	at java.base/jdk.internal.reflect.NativeMethodAccessorImpl.invoke(NativeMethodAccessorImpl.java:77) ~[na:na]
	at java.base/jdk.internal.reflect.DelegatingMethodAccessorImpl.invoke(DelegatingMethodAccessorImpl.java:43) ~[na:na]
	at java.base/java.lang.reflect.Method.invoke(Method.java:568) ~[na:na]
	at org.springframework.web.method.support.InvocableHandlerMethod.doInvoke(InvocableHandlerMethod.java:261) ~[spring-web-6.1.3.jar:6.1.3]
	at org.springframework.web.method.support.InvocableHandlerMethod.invokeForRequest(InvocableHandlerMethod.java:189) ~[spring-web-6.1.3.jar:6.1.3]
	at org.springframework.web.servlet.mvc.method.annotation.ServletInvocableHandlerMethod.invokeAndHandle(ServletInvocableHandlerMethod.java:118) ~[spring-webmvc-6.1.3.jar:6.1.3]
	at org.springframework.web.servlet.mvc.method.annotation.RequestMappingHandlerAdapter.invokeHandlerMethod(RequestMappingHandlerAdapter.java:917) ~[spring-webmvc-6.1.3.jar:6.1.3]
	at org.springframework.web.servlet.mvc.method.annotation.RequestMappingHandlerAdapter.handleInternal(RequestMappingHandlerAdapter.java:829) ~[spring-webmvc-6.1.3.jar:6.1.3]
	at org.springframework.web.servlet.mvc.method.AbstractHandlerMethodAdapter.handle(AbstractHandlerMethodAdapter.java:87) ~[spring-webmvc-6.1.3.jar:6.1.3]
	at org.springframework.web.servlet.DispatcherServlet.doDispatch(DispatcherServlet.java:1089) ~[spring-webmvc-6.1.3.jar:6.1.3]
	at org.springframework.web.servlet.DispatcherServlet.doService(DispatcherServlet.java:979) ~[spring-webmvc-6.1.3.jar:6.1.3]
	at org.springframework.web.servlet.FrameworkServlet.processRequest(FrameworkServlet.java:1014) ~[spring-webmvc-6.1.3.jar:6.1.3]
	at org.springframework.web.servlet.FrameworkServlet.doGet(FrameworkServlet.java:903) ~[spring-webmvc-6.1.3.jar:6.1.3]
	at jakarta.servlet.http.HttpServlet.service(HttpServlet.java:564) ~[tomcat-embed-core-10.1.18.jar:6.0]
	at org.springframework.web.servlet.FrameworkServlet.service(FrameworkServlet.java:885) ~[spring-webmvc-6.1.3.jar:6.1.3]
	at jakarta.servlet.http.HttpServlet.service(HttpServlet.java:658) ~[tomcat-embed-core-10.1.18.jar:6.0]
	at org.apache.catalina.core.ApplicationFilterChain.internalDoFilter(ApplicationFilterChain.java:205) ~[tomcat-embed-core-10.1.18.jar:10.1.18]
	at org.apache.catalina.core.ApplicationFilterChain.doFilter(ApplicationFilterChain.java:149) ~[tomcat-embed-core-10.1.18.jar:10.1.18]
	at org.apache.tomcat.websocket.server.WsFilter.doFilter(WsFilter.java:51) ~[tomcat-embed-websocket-10.1.18.jar:10.1.18]
	at org.apache.catalina.core.ApplicationFilterChain.internalDoFilter(ApplicationFilterChain.java:174) ~[tomcat-embed-core-10.1.18.jar:10.1.18]
	at org.apache.catalina.core.ApplicationFilterChain.doFilter(ApplicationFilterChain.java:149) ~[tomcat-embed-core-10.1.18.jar:10.1.18]
	at org.springframework.web.filter.RequestContextFilter.doFilterInternal(RequestContextFilter.java:100) ~[spring-web-6.1.3.jar:6.1.3]
	at org.springframework.web.filter.OncePerRequestFilter.doFilter(OncePerRequestFilter.java:116) ~[spring-web-6.1.3.jar:6.1.3]
	at org.apache.catalina.core.ApplicationFilterChain.internalDoFilter(ApplicationFilterChain.java:174) ~[tomcat-embed-core-10.1.18.jar:10.1.18]
	at org.apache.catalina.core.ApplicationFilterChain.doFilter(ApplicationFilterChain.java:149) ~[tomcat-embed-core-10.1.18.jar:10.1.18]
	at org.springframework.web.filter.FormContentFilter.doFilterInternal(FormContentFilter.java:93) ~[spring-web-6.1.3.jar:6.1.3]
	at org.springframework.web.filter.OncePerRequestFilter.doFilter(OncePerRequestFilter.java:116) ~[spring-web-6.1.3.jar:6.1.3]
	at org.apache.catalina.core.ApplicationFilterChain.internalDoFilter(ApplicationFilterChain.java:174) ~[tomcat-embed-core-10.1.18.jar:10.1.18]
	at org.apache.catalina.core.ApplicationFilterChain.doFilter(ApplicationFilterChain.java:149) ~[tomcat-embed-core-10.1.18.jar:10.1.18]
	at org.springframework.web.filter.CharacterEncodingFilter.doFilterInternal(CharacterEncodingFilter.java:201) ~[spring-web-6.1.3.jar:6.1.3]
	at org.springframework.web.filter.OncePerRequestFilter.doFilter(OncePerRequestFilter.java:116) ~[spring-web-6.1.3.jar:6.1.3]
	at org.apache.catalina.core.ApplicationFilterChain.internalDoFilter(ApplicationFilterChain.java:174) ~[tomcat-embed-core-10.1.18.jar:10.1.18]
	at org.apache.catalina.core.ApplicationFilterChain.doFilter(ApplicationFilterChain.java:149) ~[tomcat-embed-core-10.1.18.jar:10.1.18]
	at org.apache.catalina.core.StandardWrapperValve.invoke(StandardWrapperValve.java:167) ~[tomcat-embed-core-10.1.18.jar:10.1.18]
	at org.apache.catalina.core.StandardContextValve.invoke(StandardContextValve.java:90) ~[tomcat-embed-core-10.1.18.jar:10.1.18]
	at org.apache.catalina.authenticator.AuthenticatorBase.invoke(AuthenticatorBase.java:482) ~[tomcat-embed-core-10.1.18.jar:10.1.18]
	at org.apache.catalina.core.StandardHostValve.invoke(StandardHostValve.java:115) ~[tomcat-embed-core-10.1.18.jar:10.1.18]
	at org.apache.catalina.valves.ErrorReportValve.invoke(ErrorReportValve.java:93) ~[tomcat-embed-core-10.1.18.jar:10.1.18]
	at org.apache.catalina.core.StandardEngineValve.invoke(StandardEngineValve.java:74) ~[tomcat-embed-core-10.1.18.jar:10.1.18]
	at org.apache.catalina.connector.CoyoteAdapter.service(CoyoteAdapter.java:340) ~[tomcat-embed-core-10.1.18.jar:10.1.18]
	at org.apache.coyote.http11.Http11Processor.service(Http11Processor.java:391) ~[tomcat-embed-core-10.1.18.jar:10.1.18]
	at org.apache.coyote.AbstractProcessorLight.process(AbstractProcessorLight.java:63) ~[tomcat-embed-core-10.1.18.jar:10.1.18]
	at org.apache.coyote.AbstractProtocol$ConnectionHandler.process(AbstractProtocol.java:896) ~[tomcat-embed-core-10.1.18.jar:10.1.18]
	at org.apache.tomcat.util.net.NioEndpoint$SocketProcessor.doRun(NioEndpoint.java:1744) ~[tomcat-embed-core-10.1.18.jar:10.1.18]
	at org.apache.tomcat.util.net.SocketProcessorBase.run(SocketProcessorBase.java:52) ~[tomcat-embed-core-10.1.18.jar:10.1.18]
	at org.apache.tomcat.util.threads.ThreadPoolExecutor.runWorker(ThreadPoolExecutor.java:1191) ~[tomcat-embed-core-10.1.18.jar:10.1.18]
	at org.apache.tomcat.util.threads.ThreadPoolExecutor$Worker.run(ThreadPoolExecutor.java:659) ~[tomcat-embed-core-10.1.18.jar:10.1.18]
	at org.apache.tomcat.util.threads.TaskThread$WrappingRunnable.run(TaskThread.java:61) ~[tomcat-embed-core-10.1.18.jar:10.1.18]
	at java.base/java.lang.Thread.run(Thread.java:833) ~[na:na]

2026-02-18T18:01:28.845+08:00  INFO 28120 --- [yanshi-backend] [http-nio-8080-exec-3] c.yanshi.controller.ArticleController    : 按分类统计文章
2026-02-18T18:01:28.845+08:00  INFO 28120 --- [yanshi-backend] [http-nio-8080-exec-8] c.yanshi.controller.ArticleController    : 按来源统计文章
2026-02-18T18:01:28.845+08:00  INFO 28120 --- [yanshi-backend] [http-nio-8080-exec-4] c.yanshi.controller.ArticleController    : 查询文章列表: com.yanshi.dto.ArticleQueryDTO@67ce4127
2026-02-18T18:01:28.845+08:00  INFO 28120 --- [yanshi-backend] [http-nio-8080-exec-9] c.yanshi.controller.ArticleController    : 获取最新文章: limit=5
2026-02-18T18:01:30.165+08:00  INFO 28120 --- [yanshi-backend] [http-nio-8080-exec-10] c.yanshi.controller.ArticleController    : 按分类统计文章
2026-02-18T18:01:30.165+08:00  INFO 28120 --- [yanshi-backend] [http-nio-8080-exec-5] c.y.controller.KnowledgePointController  : 获取所有知识点
2026-02-18T18:01:30.296+08:00  INFO 28120 --- [yanshi-backend] [http-nio-8080-exec-6] c.yanshi.controller.ArticleController    : 按分类统计文章
2026-02-18T18:01:30.296+08:00  INFO 28120 --- [yanshi-backend] [http-nio-8080-exec-2] c.yanshi.controller.ArticleController    : 按来源统计文章
2026-02-18T18:01:30.296+08:00  INFO 28120 --- [yanshi-backend] [http-nio-8080-exec-1] c.yanshi.controller.ArticleController    : 获取文章统计信息
2026-02-18T18:01:30.296+08:00  INFO 28120 --- [yanshi-backend] [http-nio-8080-exec-7] c.yanshi.controller.ArticleController    : 按日期统计文章: startDate=null, endDate=null
2026-02-18T18:01:30.298+08:00 ERROR 28120 --- [yanshi-backend] [http-nio-8080-exec-1] c.y.service.impl.ArticleServiceImpl      : 获取日期范围失败

java.lang.ClassCastException: class java.sql.Date cannot be cast to class java.time.LocalDate (java.sql.Date is in module java.sql of loader 'platform'; java.time.LocalDate is in module java.base of loader 'bootstrap')
	at com.yanshi.service.impl.ArticleServiceImpl.getStatistics(ArticleServiceImpl.java:75) ~[classes/:na]
	at java.base/jdk.internal.reflect.NativeMethodAccessorImpl.invoke0(Native Method) ~[na:na]
	at java.base/jdk.internal.reflect.NativeMethodAccessorImpl.invoke(NativeMethodAccessorImpl.java:77) ~[na:na]
	at java.base/jdk.internal.reflect.DelegatingMethodAccessorImpl.invoke(DelegatingMethodAccessorImpl.java:43) ~[na:na]
	at java.base/java.lang.reflect.Method.invoke(Method.java:568) ~[na:na]
	at org.springframework.aop.support.AopUtils.invokeJoinpointUsingReflection(AopUtils.java:351) ~[spring-aop-6.1.3.jar:6.1.3]
	at org.springframework.aop.framework.CglibAopProxy$DynamicAdvisedInterceptor.intercept(CglibAopProxy.java:713) ~[spring-aop-6.1.3.jar:6.1.3]
	at com.yanshi.service.impl.ArticleServiceImpl$$SpringCGLIB$$0.getStatistics(<generated>) ~[classes/:na]
	at com.yanshi.controller.ArticleController.getStatistics(ArticleController.java:66) ~[classes/:na]
	at java.base/jdk.internal.reflect.NativeMethodAccessorImpl.invoke0(Native Method) ~[na:na]
	at java.base/jdk.internal.reflect.NativeMethodAccessorImpl.invoke(NativeMethodAccessorImpl.java:77) ~[na:na]
	at java.base/jdk.internal.reflect.DelegatingMethodAccessorImpl.invoke(DelegatingMethodAccessorImpl.java:43) ~[na:na]
	at java.base/java.lang.reflect.Method.invoke(Method.java:568) ~[na:na]
	at org.springframework.web.method.support.InvocableHandlerMethod.doInvoke(InvocableHandlerMethod.java:261) ~[spring-web-6.1.3.jar:6.1.3]
	at org.springframework.web.method.support.InvocableHandlerMethod.invokeForRequest(InvocableHandlerMethod.java:189) ~[spring-web-6.1.3.jar:6.1.3]
	at org.springframework.web.servlet.mvc.method.annotation.ServletInvocableHandlerMethod.invokeAndHandle(ServletInvocableHandlerMethod.java:118) ~[spring-webmvc-6.1.3.jar:6.1.3]
	at org.springframework.web.servlet.mvc.method.annotation.RequestMappingHandlerAdapter.invokeHandlerMethod(RequestMappingHandlerAdapter.java:917) ~[spring-webmvc-6.1.3.jar:6.1.3]
	at org.springframework.web.servlet.mvc.method.annotation.RequestMappingHandlerAdapter.handleInternal(RequestMappingHandlerAdapter.java:829) ~[spring-webmvc-6.1.3.jar:6.1.3]
	at org.springframework.web.servlet.mvc.method.AbstractHandlerMethodAdapter.handle(AbstractHandlerMethodAdapter.java:87) ~[spring-webmvc-6.1.3.jar:6.1.3]
	at org.springframework.web.servlet.DispatcherServlet.doDispatch(DispatcherServlet.java:1089) ~[spring-webmvc-6.1.3.jar:6.1.3]
	at org.springframework.web.servlet.DispatcherServlet.doService(DispatcherServlet.java:979) ~[spring-webmvc-6.1.3.jar:6.1.3]
	at org.springframework.web.servlet.FrameworkServlet.processRequest(FrameworkServlet.java:1014) ~[spring-webmvc-6.1.3.jar:6.1.3]
	at org.springframework.web.servlet.FrameworkServlet.doGet(FrameworkServlet.java:903) ~[spring-webmvc-6.1.3.jar:6.1.3]
	at jakarta.servlet.http.HttpServlet.service(HttpServlet.java:564) ~[tomcat-embed-core-10.1.18.jar:6.0]
	at org.springframework.web.servlet.FrameworkServlet.service(FrameworkServlet.java:885) ~[spring-webmvc-6.1.3.jar:6.1.3]
	at jakarta.servlet.http.HttpServlet.service(HttpServlet.java:658) ~[tomcat-embed-core-10.1.18.jar:6.0]
	at org.apache.catalina.core.ApplicationFilterChain.internalDoFilter(ApplicationFilterChain.java:205) ~[tomcat-embed-core-10.1.18.jar:10.1.18]
	at org.apache.catalina.core.ApplicationFilterChain.doFilter(ApplicationFilterChain.java:149) ~[tomcat-embed-core-10.1.18.jar:10.1.18]
	at org.apache.tomcat.websocket.server.WsFilter.doFilter(WsFilter.java:51) ~[tomcat-embed-websocket-10.1.18.jar:10.1.18]
	at org.apache.catalina.core.ApplicationFilterChain.internalDoFilter(ApplicationFilterChain.java:174) ~[tomcat-embed-core-10.1.18.jar:10.1.18]
	at org.apache.catalina.core.ApplicationFilterChain.doFilter(ApplicationFilterChain.java:149) ~[tomcat-embed-core-10.1.18.jar:10.1.18]
	at org.springframework.web.filter.RequestContextFilter.doFilterInternal(RequestContextFilter.java:100) ~[spring-web-6.1.3.jar:6.1.3]
	at org.springframework.web.filter.OncePerRequestFilter.doFilter(OncePerRequestFilter.java:116) ~[spring-web-6.1.3.jar:6.1.3]
	at org.apache.catalina.core.ApplicationFilterChain.internalDoFilter(ApplicationFilterChain.java:174) ~[tomcat-embed-core-10.1.18.jar:10.1.18]
	at org.apache.catalina.core.ApplicationFilterChain.doFilter(ApplicationFilterChain.java:149) ~[tomcat-embed-core-10.1.18.jar:10.1.18]
	at org.springframework.web.filter.FormContentFilter.doFilterInternal(FormContentFilter.java:93) ~[spring-web-6.1.3.jar:6.1.3]
	at org.springframework.web.filter.OncePerRequestFilter.doFilter(OncePerRequestFilter.java:116) ~[spring-web-6.1.3.jar:6.1.3]
	at org.apache.catalina.core.ApplicationFilterChain.internalDoFilter(ApplicationFilterChain.java:174) ~[tomcat-embed-core-10.1.18.jar:10.1.18]
	at org.apache.catalina.core.ApplicationFilterChain.doFilter(ApplicationFilterChain.java:149) ~[tomcat-embed-core-10.1.18.jar:10.1.18]
	at org.springframework.web.filter.CharacterEncodingFilter.doFilterInternal(CharacterEncodingFilter.java:201) ~[spring-web-6.1.3.jar:6.1.3]
	at org.springframework.web.filter.OncePerRequestFilter.doFilter(OncePerRequestFilter.java:116) ~[spring-web-6.1.3.jar:6.1.3]
	at org.apache.catalina.core.ApplicationFilterChain.internalDoFilter(ApplicationFilterChain.java:174) ~[tomcat-embed-core-10.1.18.jar:10.1.18]
	at org.apache.catalina.core.ApplicationFilterChain.doFilter(ApplicationFilterChain.java:149) ~[tomcat-embed-core-10.1.18.jar:10.1.18]
	at org.apache.catalina.core.StandardWrapperValve.invoke(StandardWrapperValve.java:167) ~[tomcat-embed-core-10.1.18.jar:10.1.18]
	at org.apache.catalina.core.StandardContextValve.invoke(StandardContextValve.java:90) ~[tomcat-embed-core-10.1.18.jar:10.1.18]
	at org.apache.catalina.authenticator.AuthenticatorBase.invoke(AuthenticatorBase.java:482) ~[tomcat-embed-core-10.1.18.jar:10.1.18]
	at org.apache.catalina.core.StandardHostValve.invoke(StandardHostValve.java:115) ~[tomcat-embed-core-10.1.18.jar:10.1.18]
	at org.apache.catalina.valves.ErrorReportValve.invoke(ErrorReportValve.java:93) ~[tomcat-embed-core-10.1.18.jar:10.1.18]
	at org.apache.catalina.core.StandardEngineValve.invoke(StandardEngineValve.java:74) ~[tomcat-embed-core-10.1.18.jar:10.1.18]
	at org.apache.catalina.connector.CoyoteAdapter.service(CoyoteAdapter.java:340) ~[tomcat-embed-core-10.1.18.jar:10.1.18]
	at org.apache.coyote.http11.Http11Processor.service(Http11Processor.java:391) ~[tomcat-embed-core-10.1.18.jar:10.1.18]
	at org.apache.coyote.AbstractProcessorLight.process(AbstractProcessorLight.java:63) ~[tomcat-embed-core-10.1.18.jar:10.1.18]
	at org.apache.coyote.AbstractProtocol$ConnectionHandler.process(AbstractProtocol.java:896) ~[tomcat-embed-core-10.1.18.jar:10.1.18]
	at org.apache.tomcat.util.net.NioEndpoint$SocketProcessor.doRun(NioEndpoint.java:1744) ~[tomcat-embed-core-10.1.18.jar:10.1.18]
	at org.apache.tomcat.util.net.SocketProcessorBase.run(SocketProcessorBase.java:52) ~[tomcat-embed-core-10.1.18.jar:10.1.18]
	at org.apache.tomcat.util.threads.ThreadPoolExecutor.runWorker(ThreadPoolExecutor.java:1191) ~[tomcat-embed-core-10.1.18.jar:10.1.18]
	at org.apache.tomcat.util.threads.ThreadPoolExecutor$Worker.run(ThreadPoolExecutor.java:659) ~[tomcat-embed-core-10.1.18.jar:10.1.18]
	at org.apache.tomcat.util.threads.TaskThread$WrappingRunnable.run(TaskThread.java:61) ~[tomcat-embed-core-10.1.18.jar:10.1.18]
	at java.base/java.lang.Thread.run(Thread.java:833) ~[na:na]

2026-02-18T18:01:31.601+08:00  INFO 28120 --- [yanshi-backend] [http-nio-8080-exec-8] c.yanshi.controller.ArticleController    : 按分类统计文章
2026-02-18T18:01:31.601+08:00  INFO 28120 --- [yanshi-backend] [http-nio-8080-exec-3] c.yanshi.controller.ArticleController    : 按来源统计文章
2026-02-18T18:01:31.601+08:00  INFO 28120 --- [yanshi-backend] [http-nio-8080-exec-9] c.yanshi.controller.ArticleController    : 查询文章列表: com.yanshi.dto.ArticleQueryDTO@72b4353e
2026-02-18T18:01:31.601+08:00  INFO 28120 --- [yanshi-backend] [http-nio-8080-exec-4] c.yanshi.controller.ArticleController    : 获取最新文章: limit=5
2026-02-18T18:01:33.875+08:00  INFO 28120 --- [yanshi-backend] [http-nio-8080-exec-10] c.y.controller.KnowledgePointController  : 获取所有知识点
2026-02-18T18:01:33.875+08:00  INFO 28120 --- [yanshi-backend] [http-nio-8080-exec-5] c.yanshi.controller.ArticleController    : 按分类统计文章
2026-02-18T18:01:36.191+08:00  INFO 28120 --- [yanshi-backend] [http-nio-8080-exec-1] c.yanshi.controller.ArticleController    : 按日期统计文章: startDate=null, endDate=null
2026-02-18T18:01:36.191+08:00  INFO 28120 --- [yanshi-backend] [http-nio-8080-exec-2] c.yanshi.controller.ArticleController    : 按来源统计文章
2026-02-18T18:01:36.191+08:00  INFO 28120 --- [yanshi-backend] [http-nio-8080-exec-7] c.yanshi.controller.ArticleController    : 按分类统计文章
2026-02-18T18:01:36.191+08:00  INFO 28120 --- [yanshi-backend] [http-nio-8080-exec-6] c.yanshi.controller.ArticleController    : 获取文章统计信息
2026-02-18T18:01:36.195+08:00 ERROR 28120 --- [yanshi-backend] [http-nio-8080-exec-6] c.y.service.impl.ArticleServiceImpl      : 获取日期范围失败

java.lang.ClassCastException: class java.sql.Date cannot be cast to class java.time.LocalDate (java.sql.Date is in module java.sql of loader 'platform'; java.time.LocalDate is in module java.base of loader 'bootstrap')
	at com.yanshi.service.impl.ArticleServiceImpl.getStatistics(ArticleServiceImpl.java:75) ~[classes/:na]
	at java.base/jdk.internal.reflect.NativeMethodAccessorImpl.invoke0(Native Method) ~[na:na]
	at java.base/jdk.internal.reflect.NativeMethodAccessorImpl.invoke(NativeMethodAccessorImpl.java:77) ~[na:na]
	at java.base/jdk.internal.reflect.DelegatingMethodAccessorImpl.invoke(DelegatingMethodAccessorImpl.java:43) ~[na:na]
	at java.base/java.lang.reflect.Method.invoke(Method.java:568) ~[na:na]
	at org.springframework.aop.support.AopUtils.invokeJoinpointUsingReflection(AopUtils.java:351) ~[spring-aop-6.1.3.jar:6.1.3]
	at org.springframework.aop.framework.CglibAopProxy$DynamicAdvisedInterceptor.intercept(CglibAopProxy.java:713) ~[spring-aop-6.1.3.jar:6.1.3]
	at com.yanshi.service.impl.ArticleServiceImpl$$SpringCGLIB$$0.getStatistics(<generated>) ~[classes/:na]
	at com.yanshi.controller.ArticleController.getStatistics(ArticleController.java:66) ~[classes/:na]
	at java.base/jdk.internal.reflect.NativeMethodAccessorImpl.invoke0(Native Method) ~[na:na]
	at java.base/jdk.internal.reflect.NativeMethodAccessorImpl.invoke(NativeMethodAccessorImpl.java:77) ~[na:na]
	at java.base/jdk.internal.reflect.DelegatingMethodAccessorImpl.invoke(DelegatingMethodAccessorImpl.java:43) ~[na:na]
	at java.base/java.lang.reflect.Method.invoke(Method.java:568) ~[na:na]
	at org.springframework.web.method.support.InvocableHandlerMethod.doInvoke(InvocableHandlerMethod.java:261) ~[spring-web-6.1.3.jar:6.1.3]
	at org.springframework.web.method.support.InvocableHandlerMethod.invokeForRequest(InvocableHandlerMethod.java:189) ~[spring-web-6.1.3.jar:6.1.3]
	at org.springframework.web.servlet.mvc.method.annotation.ServletInvocableHandlerMethod.invokeAndHandle(ServletInvocableHandlerMethod.java:118) ~[spring-webmvc-6.1.3.jar:6.1.3]
	at org.springframework.web.servlet.mvc.method.annotation.RequestMappingHandlerAdapter.invokeHandlerMethod(RequestMappingHandlerAdapter.java:917) ~[spring-webmvc-6.1.3.jar:6.1.3]
	at org.springframework.web.servlet.mvc.method.annotation.RequestMappingHandlerAdapter.handleInternal(RequestMappingHandlerAdapter.java:829) ~[spring-webmvc-6.1.3.jar:6.1.3]
	at org.springframework.web.servlet.mvc.method.AbstractHandlerMethodAdapter.handle(AbstractHandlerMethodAdapter.java:87) ~[spring-webmvc-6.1.3.jar:6.1.3]
	at org.springframework.web.servlet.DispatcherServlet.doDispatch(DispatcherServlet.java:1089) ~[spring-webmvc-6.1.3.jar:6.1.3]
	at org.springframework.web.servlet.DispatcherServlet.doService(DispatcherServlet.java:979) ~[spring-webmvc-6.1.3.jar:6.1.3]
	at org.springframework.web.servlet.FrameworkServlet.processRequest(FrameworkServlet.java:1014) ~[spring-webmvc-6.1.3.jar:6.1.3]
	at org.springframework.web.servlet.FrameworkServlet.doGet(FrameworkServlet.java:903) ~[spring-webmvc-6.1.3.jar:6.1.3]
	at jakarta.servlet.http.HttpServlet.service(HttpServlet.java:564) ~[tomcat-embed-core-10.1.18.jar:6.0]
	at org.springframework.web.servlet.FrameworkServlet.service(FrameworkServlet.java:885) ~[spring-webmvc-6.1.3.jar:6.1.3]
	at jakarta.servlet.http.HttpServlet.service(HttpServlet.java:658) ~[tomcat-embed-core-10.1.18.jar:6.0]
	at org.apache.catalina.core.ApplicationFilterChain.internalDoFilter(ApplicationFilterChain.java:205) ~[tomcat-embed-core-10.1.18.jar:10.1.18]
	at org.apache.catalina.core.ApplicationFilterChain.doFilter(ApplicationFilterChain.java:149) ~[tomcat-embed-core-10.1.18.jar:10.1.18]
	at org.apache.tomcat.websocket.server.WsFilter.doFilter(WsFilter.java:51) ~[tomcat-embed-websocket-10.1.18.jar:10.1.18]
	at org.apache.catalina.core.ApplicationFilterChain.internalDoFilter(ApplicationFilterChain.java:174) ~[tomcat-embed-core-10.1.18.jar:10.1.18]
	at org.apache.catalina.core.ApplicationFilterChain.doFilter(ApplicationFilterChain.java:149) ~[tomcat-embed-core-10.1.18.jar:10.1.18]
	at org.springframework.web.filter.RequestContextFilter.doFilterInternal(RequestContextFilter.java:100) ~[spring-web-6.1.3.jar:6.1.3]
	at org.springframework.web.filter.OncePerRequestFilter.doFilter(OncePerRequestFilter.java:116) ~[spring-web-6.1.3.jar:6.1.3]
	at org.apache.catalina.core.ApplicationFilterChain.internalDoFilter(ApplicationFilterChain.java:174) ~[tomcat-embed-core-10.1.18.jar:10.1.18]
	at org.apache.catalina.core.ApplicationFilterChain.doFilter(ApplicationFilterChain.java:149) ~[tomcat-embed-core-10.1.18.jar:10.1.18]
	at org.springframework.web.filter.FormContentFilter.doFilterInternal(FormContentFilter.java:93) ~[spring-web-6.1.3.jar:6.1.3]
	at org.springframework.web.filter.OncePerRequestFilter.doFilter(OncePerRequestFilter.java:116) ~[spring-web-6.1.3.jar:6.1.3]
	at org.apache.catalina.core.ApplicationFilterChain.internalDoFilter(ApplicationFilterChain.java:174) ~[tomcat-embed-core-10.1.18.jar:10.1.18]
	at org.apache.catalina.core.ApplicationFilterChain.doFilter(ApplicationFilterChain.java:149) ~[tomcat-embed-core-10.1.18.jar:10.1.18]
	at org.springframework.web.filter.CharacterEncodingFilter.doFilterInternal(CharacterEncodingFilter.java:201) ~[spring-web-6.1.3.jar:6.1.3]
	at org.springframework.web.filter.OncePerRequestFilter.doFilter(OncePerRequestFilter.java:116) ~[spring-web-6.1.3.jar:6.1.3]
	at org.apache.catalina.core.ApplicationFilterChain.internalDoFilter(ApplicationFilterChain.java:174) ~[tomcat-embed-core-10.1.18.jar:10.1.18]
	at org.apache.catalina.core.ApplicationFilterChain.doFilter(ApplicationFilterChain.java:149) ~[tomcat-embed-core-10.1.18.jar:10.1.18]
	at org.apache.catalina.core.StandardWrapperValve.invoke(StandardWrapperValve.java:167) ~[tomcat-embed-core-10.1.18.jar:10.1.18]
	at org.apache.catalina.core.StandardContextValve.invoke(StandardContextValve.java:90) ~[tomcat-embed-core-10.1.18.jar:10.1.18]
	at org.apache.catalina.authenticator.AuthenticatorBase.invoke(AuthenticatorBase.java:482) ~[tomcat-embed-core-10.1.18.jar:10.1.18]
	at org.apache.catalina.core.StandardHostValve.invoke(StandardHostValve.java:115) ~[tomcat-embed-core-10.1.18.jar:10.1.18]
	at org.apache.catalina.valves.ErrorReportValve.invoke(ErrorReportValve.java:93) ~[tomcat-embed-core-10.1.18.jar:10.1.18]
	at org.apache.catalina.core.StandardEngineValve.invoke(StandardEngineValve.java:74) ~[tomcat-embed-core-10.1.18.jar:10.1.18]
	at org.apache.catalina.connector.CoyoteAdapter.service(CoyoteAdapter.java:340) ~[tomcat-embed-core-10.1.18.jar:10.1.18]
	at org.apache.coyote.http11.Http11Processor.service(Http11Processor.java:391) ~[tomcat-embed-core-10.1.18.jar:10.1.18]
	at org.apache.coyote.AbstractProcessorLight.process(AbstractProcessorLight.java:63) ~[tomcat-embed-core-10.1.18.jar:10.1.18]
	at org.apache.coyote.AbstractProtocol$ConnectionHandler.process(AbstractProtocol.java:896) ~[tomcat-embed-core-10.1.18.jar:10.1.18]
	at org.apache.tomcat.util.net.NioEndpoint$SocketProcessor.doRun(NioEndpoint.java:1744) ~[tomcat-embed-core-10.1.18.jar:10.1.18]
	at org.apache.tomcat.util.net.SocketProcessorBase.run(SocketProcessorBase.java:52) ~[tomcat-embed-core-10.1.18.jar:10.1.18]
	at org.apache.tomcat.util.threads.ThreadPoolExecutor.runWorker(ThreadPoolExecutor.java:1191) ~[tomcat-embed-core-10.1.18.jar:10.1.18]
	at org.apache.tomcat.util.threads.ThreadPoolExecutor$Worker.run(ThreadPoolExecutor.java:659) ~[tomcat-embed-core-10.1.18.jar:10.1.18]
	at org.apache.tomcat.util.threads.TaskThread$WrappingRunnable.run(TaskThread.java:61) ~[tomcat-embed-core-10.1.18.jar:10.1.18]
	at java.base/java.lang.Thread.run(Thread.java:833) ~[na:na]

2026-02-18T18:01:53.625+08:00  INFO 28120 --- [yanshi-backend] [http-nio-8080-exec-8] c.yanshi.controller.ArticleController    : 按日期统计文章: startDate=2026-01-01, endDate=2026-03-28
2026-02-18T18:01:57.398+08:00  INFO 28120 --- [yanshi-backend] [http-nio-8080-exec-5] c.yanshi.controller.ArticleController    : 获取最新文章: limit=5
2026-02-18T18:01:57.398+08:00  INFO 28120 --- [yanshi-backend] [http-nio-8080-exec-9] c.yanshi.controller.ArticleController    : 查询文章列表: com.yanshi.dto.ArticleQueryDTO@46f1093e
2026-02-18T18:01:57.398+08:00  INFO 28120 --- [yanshi-backend] [http-nio-8080-exec-3] c.yanshi.controller.ArticleController    : 按来源统计文章
2026-02-18T18:01:57.398+08:00  INFO 28120 --- [yanshi-backend] [http-nio-8080-exec-4] c.yanshi.controller.ArticleController    : 按分类统计文章
2026-02-18T18:02:15.278+08:00  INFO 28120 --- [yanshi-backend] [http-nio-8080-exec-10] c.yanshi.controller.ArticleController    : 查询文章列表: com.yanshi.dto.ArticleQueryDTO@56fc1be0
2026-02-18T18:02:29.145+08:00  INFO 28120 --- [yanshi-backend] [http-nio-8080-exec-7] c.yanshi.controller.ArticleController    : 查询文章详情: id=499
2026-02-18T18:02:32.338+08:00  INFO 28120 --- [yanshi-backend] [http-nio-8080-exec-1] c.yanshi.controller.ArticleController    : 按分类统计文章
2026-02-18T18:02:32.338+08:00  INFO 28120 --- [yanshi-backend] [http-nio-8080-exec-2] c.yanshi.controller.ArticleController    : 按来源统计文章
2026-02-18T18:02:32.339+08:00  INFO 28120 --- [yanshi-backend] [http-nio-8080-exec-6] c.yanshi.controller.ArticleController    : 查询文章列表: com.yanshi.dto.ArticleQueryDTO@2db4faff
2026-02-18T18:02:32.339+08:00  INFO 28120 --- [yanshi-backend] [http-nio-8080-exec-8] c.yanshi.controller.ArticleController    : 获取最新文章: limit=5
2026-02-18T19:13:10.892+08:00  INFO 28120 --- [yanshi-backend] [http-nio-8080-exec-4] c.yanshi.controller.ArticleController    : 按分类统计文章
2026-02-18T19:13:10.892+08:00  INFO 28120 --- [yanshi-backend] [http-nio-8080-exec-3] c.yanshi.controller.ArticleController    : 按来源统计文章
2026-02-18T19:13:10.894+08:00  INFO 28120 --- [yanshi-backend] [http-nio-8080-exec-5] c.yanshi.controller.ArticleController    : 获取最新文章: limit=5
2026-02-18T19:13:10.894+08:00  INFO 28120 --- [yanshi-backend] [http-nio-8080-exec-9] c.yanshi.controller.ArticleController    : 查询文章列表: com.yanshi.dto.ArticleQueryDTO@52befb04
2026-02-18T19:25:43.656+08:00  INFO 28120 --- [yanshi-backend] [SpringApplicationShutdownHook] com.zaxxer.hikari.HikariDataSource       : HikariPool-1 - Shutdown initiated...
2026-02-18T19:25:43.659+08:00  INFO 28120 --- [yanshi-backend] [SpringApplicationShutdownHook] com.zaxxer.hikari.HikariDataSource       : HikariPool-1 - Shutdown completed.
2026-02-18T19:32:10.767+08:00  INFO 37076 --- [yanshi-backend] [main] com.yanshi.YanshiBackendApplication      : Starting YanshiBackendApplication using Java 17.0.1 with PID 37076 (D:\doc\develop\yanshi\backend\target\classes started by Lin in D:\doc\develop\yanshi\backend)
2026-02-18T19:32:10.768+08:00  INFO 37076 --- [yanshi-backend] [main] com.yanshi.YanshiBackendApplication      : No active profile set, falling back to 1 default profile: "default"
2026-02-18T19:32:11.384+08:00  INFO 37076 --- [yanshi-backend] [main] o.s.b.w.embedded.tomcat.TomcatWebServer  : Tomcat initialized with port 8080 (http)
2026-02-18T19:32:11.389+08:00  INFO 37076 --- [yanshi-backend] [main] o.apache.catalina.core.StandardService   : Starting service [Tomcat]
2026-02-18T19:32:11.389+08:00  INFO 37076 --- [yanshi-backend] [main] o.apache.catalina.core.StandardEngine    : Starting Servlet engine: [Apache Tomcat/10.1.18]
2026-02-18T19:32:11.439+08:00  INFO 37076 --- [yanshi-backend] [main] o.a.c.c.C.[Tomcat].[localhost].[/api]    : Initializing Spring embedded WebApplicationContext
2026-02-18T19:32:11.439+08:00  INFO 37076 --- [yanshi-backend] [main] w.s.c.ServletWebServerApplicationContext : Root WebApplicationContext: initialization completed in 641 ms
2026-02-18T19:32:12.002+08:00  INFO 37076 --- [yanshi-backend] [main] o.s.b.w.embedded.tomcat.TomcatWebServer  : Tomcat started on port 8080 (http) with context path '/api'
2026-02-18T19:32:12.008+08:00  INFO 37076 --- [yanshi-backend] [main] com.yanshi.YanshiBackendApplication      : Started YanshiBackendApplication in 1.484 seconds (process running for 1.855)
2026-02-18T19:32:25.261+08:00  INFO 37076 --- [yanshi-backend] [http-nio-8080-exec-2] o.a.c.c.C.[Tomcat].[localhost].[/api]    : Initializing Spring DispatcherServlet 'dispatcherServlet'
2026-02-18T19:32:25.261+08:00  INFO 37076 --- [yanshi-backend] [http-nio-8080-exec-2] o.s.web.servlet.DispatcherServlet        : Initializing Servlet 'dispatcherServlet'
2026-02-18T19:32:25.262+08:00  INFO 37076 --- [yanshi-backend] [http-nio-8080-exec-2] o.s.web.servlet.DispatcherServlet        : Completed initialization in 1 ms
2026-02-18T19:32:25.293+08:00  INFO 37076 --- [yanshi-backend] [http-nio-8080-exec-4] c.yanshi.controller.ArticleController    : 按分类统计文章
2026-02-18T19:32:25.293+08:00  INFO 37076 --- [yanshi-backend] [http-nio-8080-exec-8] c.yanshi.controller.ArticleController    : 按来源统计文章
2026-02-18T19:32:25.303+08:00  INFO 37076 --- [yanshi-backend] [http-nio-8080-exec-1] c.yanshi.controller.ArticleController    : 获取最新文章: limit=5
2026-02-18T19:32:25.304+08:00  INFO 37076 --- [yanshi-backend] [http-nio-8080-exec-2] c.yanshi.controller.ArticleController    : 查询文章列表: com.yanshi.dto.ArticleQueryDTO@70486fb4
2026-02-18T19:32:25.319+08:00  INFO 37076 --- [yanshi-backend] [http-nio-8080-exec-4] com.zaxxer.hikari.HikariDataSource       : HikariPool-1 - Starting...
2026-02-18T19:32:25.435+08:00  INFO 37076 --- [yanshi-backend] [http-nio-8080-exec-4] com.zaxxer.hikari.pool.HikariPool        : HikariPool-1 - Added connection com.mysql.cj.jdbc.ConnectionImpl@661a0155
2026-02-18T19:32:25.436+08:00  INFO 37076 --- [yanshi-backend] [http-nio-8080-exec-4] com.zaxxer.hikari.HikariDataSource       : HikariPool-1 - Start completed.
2026-02-18T19:32:27.302+08:00  INFO 37076 --- [yanshi-backend] [http-nio-8080-exec-5] c.yanshi.controller.ArticleController    : 查询文章详情: id=499
2026-02-18T19:32:33.707+08:00  INFO 37076 --- [yanshi-backend] [http-nio-8080-exec-9] c.yanshi.controller.ArticleController    : 按分类统计文章
2026-02-18T19:32:33.707+08:00  INFO 37076 --- [yanshi-backend] [http-nio-8080-exec-7] c.yanshi.controller.ArticleController    : 按来源统计文章
2026-02-18T19:32:33.707+08:00  INFO 37076 --- [yanshi-backend] [http-nio-8080-exec-6] c.yanshi.controller.ArticleController    : 查询文章列表: com.yanshi.dto.ArticleQueryDTO@389aacf3
2026-02-18T19:32:33.707+08:00  INFO 37076 --- [yanshi-backend] [http-nio-8080-exec-10] c.yanshi.controller.ArticleController    : 获取最新文章: limit=5
2026-02-18T19:32:35.802+08:00  INFO 37076 --- [yanshi-backend] [http-nio-8080-exec-3] c.y.controller.KnowledgePointController  : 分页查询知识点: page=1, pageSize=20, type=, category=
2026-02-18T19:32:37.436+08:00  INFO 37076 --- [yanshi-backend] [http-nio-8080-exec-4] c.yanshi.controller.ArticleController    : 获取文章统计信息
2026-02-18T19:32:37.437+08:00  INFO 37076 --- [yanshi-backend] [http-nio-8080-exec-1] c.yanshi.controller.ArticleController    : 按来源统计文章
2026-02-18T19:32:37.437+08:00  INFO 37076 --- [yanshi-backend] [http-nio-8080-exec-2] c.yanshi.controller.ArticleController    : 按日期统计文章: startDate=null, endDate=null
2026-02-18T19:32:37.437+08:00  INFO 37076 --- [yanshi-backend] [http-nio-8080-exec-8] c.yanshi.controller.ArticleController    : 按分类统计文章
2026-02-18T19:32:37.443+08:00 ERROR 37076 --- [yanshi-backend] [http-nio-8080-exec-4] c.y.service.impl.ArticleServiceImpl      : 获取日期范围失败

java.lang.ClassCastException: class java.sql.Date cannot be cast to class java.time.LocalDate (java.sql.Date is in module java.sql of loader 'platform'; java.time.LocalDate is in module java.base of loader 'bootstrap')
	at com.yanshi.service.impl.ArticleServiceImpl.getStatistics(ArticleServiceImpl.java:75) ~[classes/:na]
	at java.base/jdk.internal.reflect.NativeMethodAccessorImpl.invoke0(Native Method) ~[na:na]
	at java.base/jdk.internal.reflect.NativeMethodAccessorImpl.invoke(NativeMethodAccessorImpl.java:77) ~[na:na]
	at java.base/jdk.internal.reflect.DelegatingMethodAccessorImpl.invoke(DelegatingMethodAccessorImpl.java:43) ~[na:na]
	at java.base/java.lang.reflect.Method.invoke(Method.java:568) ~[na:na]
	at org.springframework.aop.support.AopUtils.invokeJoinpointUsingReflection(AopUtils.java:351) ~[spring-aop-6.1.3.jar:6.1.3]
	at org.springframework.aop.framework.CglibAopProxy$DynamicAdvisedInterceptor.intercept(CglibAopProxy.java:713) ~[spring-aop-6.1.3.jar:6.1.3]
	at com.yanshi.service.impl.ArticleServiceImpl$$SpringCGLIB$$0.getStatistics(<generated>) ~[classes/:na]
	at com.yanshi.controller.ArticleController.getStatistics(ArticleController.java:66) ~[classes/:na]
	at java.base/jdk.internal.reflect.NativeMethodAccessorImpl.invoke0(Native Method) ~[na:na]
	at java.base/jdk.internal.reflect.NativeMethodAccessorImpl.invoke(NativeMethodAccessorImpl.java:77) ~[na:na]
	at java.base/jdk.internal.reflect.DelegatingMethodAccessorImpl.invoke(DelegatingMethodAccessorImpl.java:43) ~[na:na]
	at java.base/java.lang.reflect.Method.invoke(Method.java:568) ~[na:na]
	at org.springframework.web.method.support.InvocableHandlerMethod.doInvoke(InvocableHandlerMethod.java:261) ~[spring-web-6.1.3.jar:6.1.3]
	at org.springframework.web.method.support.InvocableHandlerMethod.invokeForRequest(InvocableHandlerMethod.java:189) ~[spring-web-6.1.3.jar:6.1.3]
	at org.springframework.web.servlet.mvc.method.annotation.ServletInvocableHandlerMethod.invokeAndHandle(ServletInvocableHandlerMethod.java:118) ~[spring-webmvc-6.1.3.jar:6.1.3]
	at org.springframework.web.servlet.mvc.method.annotation.RequestMappingHandlerAdapter.invokeHandlerMethod(RequestMappingHandlerAdapter.java:917) ~[spring-webmvc-6.1.3.jar:6.1.3]
	at org.springframework.web.servlet.mvc.method.annotation.RequestMappingHandlerAdapter.handleInternal(RequestMappingHandlerAdapter.java:829) ~[spring-webmvc-6.1.3.jar:6.1.3]
	at org.springframework.web.servlet.mvc.method.AbstractHandlerMethodAdapter.handle(AbstractHandlerMethodAdapter.java:87) ~[spring-webmvc-6.1.3.jar:6.1.3]
	at org.springframework.web.servlet.DispatcherServlet.doDispatch(DispatcherServlet.java:1089) ~[spring-webmvc-6.1.3.jar:6.1.3]
	at org.springframework.web.servlet.DispatcherServlet.doService(DispatcherServlet.java:979) ~[spring-webmvc-6.1.3.jar:6.1.3]
	at org.springframework.web.servlet.FrameworkServlet.processRequest(FrameworkServlet.java:1014) ~[spring-webmvc-6.1.3.jar:6.1.3]
	at org.springframework.web.servlet.FrameworkServlet.doGet(FrameworkServlet.java:903) ~[spring-webmvc-6.1.3.jar:6.1.3]
	at jakarta.servlet.http.HttpServlet.service(HttpServlet.java:564) ~[tomcat-embed-core-10.1.18.jar:6.0]
	at org.springframework.web.servlet.FrameworkServlet.service(FrameworkServlet.java:885) ~[spring-webmvc-6.1.3.jar:6.1.3]
	at jakarta.servlet.http.HttpServlet.service(HttpServlet.java:658) ~[tomcat-embed-core-10.1.18.jar:6.0]
	at org.apache.catalina.core.ApplicationFilterChain.internalDoFilter(ApplicationFilterChain.java:205) ~[tomcat-embed-core-10.1.18.jar:10.1.18]
	at org.apache.catalina.core.ApplicationFilterChain.doFilter(ApplicationFilterChain.java:149) ~[tomcat-embed-core-10.1.18.jar:10.1.18]
	at org.apache.tomcat.websocket.server.WsFilter.doFilter(WsFilter.java:51) ~[tomcat-embed-websocket-10.1.18.jar:10.1.18]
	at org.apache.catalina.core.ApplicationFilterChain.internalDoFilter(ApplicationFilterChain.java:174) ~[tomcat-embed-core-10.1.18.jar:10.1.18]
	at org.apache.catalina.core.ApplicationFilterChain.doFilter(ApplicationFilterChain.java:149) ~[tomcat-embed-core-10.1.18.jar:10.1.18]
	at org.springframework.web.filter.RequestContextFilter.doFilterInternal(RequestContextFilter.java:100) ~[spring-web-6.1.3.jar:6.1.3]
	at org.springframework.web.filter.OncePerRequestFilter.doFilter(OncePerRequestFilter.java:116) ~[spring-web-6.1.3.jar:6.1.3]
	at org.apache.catalina.core.ApplicationFilterChain.internalDoFilter(ApplicationFilterChain.java:174) ~[tomcat-embed-core-10.1.18.jar:10.1.18]
	at org.apache.catalina.core.ApplicationFilterChain.doFilter(ApplicationFilterChain.java:149) ~[tomcat-embed-core-10.1.18.jar:10.1.18]
	at org.springframework.web.filter.FormContentFilter.doFilterInternal(FormContentFilter.java:93) ~[spring-web-6.1.3.jar:6.1.3]
	at org.springframework.web.filter.OncePerRequestFilter.doFilter(OncePerRequestFilter.java:116) ~[spring-web-6.1.3.jar:6.1.3]
	at org.apache.catalina.core.ApplicationFilterChain.internalDoFilter(ApplicationFilterChain.java:174) ~[tomcat-embed-core-10.1.18.jar:10.1.18]
	at org.apache.catalina.core.ApplicationFilterChain.doFilter(ApplicationFilterChain.java:149) ~[tomcat-embed-core-10.1.18.jar:10.1.18]
	at org.springframework.web.filter.CharacterEncodingFilter.doFilterInternal(CharacterEncodingFilter.java:201) ~[spring-web-6.1.3.jar:6.1.3]
	at org.springframework.web.filter.OncePerRequestFilter.doFilter(OncePerRequestFilter.java:116) ~[spring-web-6.1.3.jar:6.1.3]
	at org.apache.catalina.core.ApplicationFilterChain.internalDoFilter(ApplicationFilterChain.java:174) ~[tomcat-embed-core-10.1.18.jar:10.1.18]
	at org.apache.catalina.core.ApplicationFilterChain.doFilter(ApplicationFilterChain.java:149) ~[tomcat-embed-core-10.1.18.jar:10.1.18]
	at org.apache.catalina.core.StandardWrapperValve.invoke(StandardWrapperValve.java:167) ~[tomcat-embed-core-10.1.18.jar:10.1.18]
	at org.apache.catalina.core.StandardContextValve.invoke(StandardContextValve.java:90) ~[tomcat-embed-core-10.1.18.jar:10.1.18]
	at org.apache.catalina.authenticator.AuthenticatorBase.invoke(AuthenticatorBase.java:482) ~[tomcat-embed-core-10.1.18.jar:10.1.18]
	at org.apache.catalina.core.StandardHostValve.invoke(StandardHostValve.java:115) ~[tomcat-embed-core-10.1.18.jar:10.1.18]
	at org.apache.catalina.valves.ErrorReportValve.invoke(ErrorReportValve.java:93) ~[tomcat-embed-core-10.1.18.jar:10.1.18]
	at org.apache.catalina.core.StandardEngineValve.invoke(StandardEngineValve.java:74) ~[tomcat-embed-core-10.1.18.jar:10.1.18]
	at org.apache.catalina.connector.CoyoteAdapter.service(CoyoteAdapter.java:340) ~[tomcat-embed-core-10.1.18.jar:10.1.18]
	at org.apache.coyote.http11.Http11Processor.service(Http11Processor.java:391) ~[tomcat-embed-core-10.1.18.jar:10.1.18]
	at org.apache.coyote.AbstractProcessorLight.process(AbstractProcessorLight.java:63) ~[tomcat-embed-core-10.1.18.jar:10.1.18]
	at org.apache.coyote.AbstractProtocol$ConnectionHandler.process(AbstractProtocol.java:896) ~[tomcat-embed-core-10.1.18.jar:10.1.18]
	at org.apache.tomcat.util.net.NioEndpoint$SocketProcessor.doRun(NioEndpoint.java:1744) ~[tomcat-embed-core-10.1.18.jar:10.1.18]
	at org.apache.tomcat.util.net.SocketProcessorBase.run(SocketProcessorBase.java:52) ~[tomcat-embed-core-10.1.18.jar:10.1.18]
	at org.apache.tomcat.util.threads.ThreadPoolExecutor.runWorker(ThreadPoolExecutor.java:1191) ~[tomcat-embed-core-10.1.18.jar:10.1.18]
	at org.apache.tomcat.util.threads.ThreadPoolExecutor$Worker.run(ThreadPoolExecutor.java:659) ~[tomcat-embed-core-10.1.18.jar:10.1.18]
	at org.apache.tomcat.util.threads.TaskThread$WrappingRunnable.run(TaskThread.java:61) ~[tomcat-embed-core-10.1.18.jar:10.1.18]
	at java.base/java.lang.Thread.run(Thread.java:833) ~[na:na]

2026-02-18T19:32:41.102+08:00  INFO 37076 --- [yanshi-backend] [http-nio-8080-exec-7] c.yanshi.controller.ArticleController    : 按分类统计文章
2026-02-18T19:32:41.102+08:00  INFO 37076 --- [yanshi-backend] [http-nio-8080-exec-5] c.yanshi.controller.ArticleController    : 查询文章列表: com.yanshi.dto.ArticleQueryDTO@7cb3cf2d
2026-02-18T19:32:41.102+08:00  INFO 37076 --- [yanshi-backend] [http-nio-8080-exec-9] c.yanshi.controller.ArticleController    : 按来源统计文章
2026-02-18T19:32:41.102+08:00  INFO 37076 --- [yanshi-backend] [http-nio-8080-exec-6] c.yanshi.controller.ArticleController    : 获取最新文章: limit=5
2026-02-18T19:32:43.188+08:00  INFO 37076 --- [yanshi-backend] [http-nio-8080-exec-10] c.yanshi.controller.ArticleController    : 查询文章详情: id=503
2026-02-18T19:32:44.771+08:00  INFO 37076 --- [yanshi-backend] [http-nio-8080-exec-3] c.yanshi.controller.ArticleController    : 按来源统计文章
2026-02-18T19:32:44.771+08:00  INFO 37076 --- [yanshi-backend] [http-nio-8080-exec-8] c.yanshi.controller.ArticleController    : 按分类统计文章
2026-02-18T19:32:44.771+08:00  INFO 37076 --- [yanshi-backend] [http-nio-8080-exec-2] c.yanshi.controller.ArticleController    : 获取最新文章: limit=5
2026-02-18T19:32:44.773+08:00  INFO 37076 --- [yanshi-backend] [http-nio-8080-exec-1] c.yanshi.controller.ArticleController    : 查询文章列表: com.yanshi.dto.ArticleQueryDTO@528d7196
2026-02-18T19:32:47.285+08:00  INFO 37076 --- [yanshi-backend] [http-nio-8080-exec-4] c.yanshi.controller.ArticleController    : 查询文章列表: com.yanshi.dto.ArticleQueryDTO@451aa6a8
2026-02-18T19:32:48.621+08:00  INFO 37076 --- [yanshi-backend] [http-nio-8080-exec-7] c.yanshi.controller.ArticleController    : 查询文章详情: id=501
2026-02-18T19:32:50.012+08:00  INFO 37076 --- [yanshi-backend] [http-nio-8080-exec-9] c.yanshi.controller.ArticleController    : 按来源统计文章
2026-02-18T19:32:50.012+08:00  INFO 37076 --- [yanshi-backend] [http-nio-8080-exec-5] c.yanshi.controller.ArticleController    : 按分类统计文章
2026-02-18T19:32:50.012+08:00  INFO 37076 --- [yanshi-backend] [http-nio-8080-exec-10] c.yanshi.controller.ArticleController    : 获取最新文章: limit=5
2026-02-18T19:32:50.012+08:00  INFO 37076 --- [yanshi-backend] [http-nio-8080-exec-6] c.yanshi.controller.ArticleController    : 查询文章列表: com.yanshi.dto.ArticleQueryDTO@22ef5945
2026-02-18T19:33:19.198+08:00  INFO 37076 --- [yanshi-backend] [http-nio-8080-exec-8] c.yanshi.controller.ArticleController    : 按分类统计文章
2026-02-18T19:33:19.198+08:00  INFO 37076 --- [yanshi-backend] [http-nio-8080-exec-2] c.yanshi.controller.ArticleController    : 查询文章列表: com.yanshi.dto.ArticleQueryDTO@108d1b57
2026-02-18T19:33:19.198+08:00  INFO 37076 --- [yanshi-backend] [http-nio-8080-exec-3] c.yanshi.controller.ArticleController    : 按来源统计文章
2026-02-18T19:33:19.199+08:00  INFO 37076 --- [yanshi-backend] [http-nio-8080-exec-1] c.yanshi.controller.ArticleController    : 获取最新文章: limit=5
2026-02-18T19:33:20.498+08:00  INFO 37076 --- [yanshi-backend] [http-nio-8080-exec-4] c.yanshi.controller.ArticleController    : 查询文章详情: id=499
2026-02-18T19:33:22.403+08:00  INFO 37076 --- [yanshi-backend] [http-nio-8080-exec-9] c.yanshi.controller.ArticleController    : 按分类统计文章
2026-02-18T19:33:22.403+08:00  INFO 37076 --- [yanshi-backend] [http-nio-8080-exec-6] c.yanshi.controller.ArticleController    : 获取最新文章: limit=5
2026-02-18T19:33:22.403+08:00  INFO 37076 --- [yanshi-backend] [http-nio-8080-exec-7] c.yanshi.controller.ArticleController    : 按来源统计文章
2026-02-18T19:33:22.403+08:00  INFO 37076 --- [yanshi-backend] [http-nio-8080-exec-5] c.yanshi.controller.ArticleController    : 查询文章列表: com.yanshi.dto.ArticleQueryDTO@48d90ff6
2026-02-18T19:33:23.530+08:00  INFO 37076 --- [yanshi-backend] [http-nio-8080-exec-10] c.yanshi.controller.ArticleController    : 查询文章列表: com.yanshi.dto.ArticleQueryDTO@1987d667
2026-02-18T19:33:25.845+08:00  INFO 37076 --- [yanshi-backend] [http-nio-8080-exec-8] c.y.controller.KnowledgePointController  : 分页查询知识点: page=1, pageSize=20, type=, category=
2026-02-18T19:33:27.943+08:00  INFO 37076 --- [yanshi-backend] [http-nio-8080-exec-3] c.y.controller.KnowledgePointController  : 分页查询知识点: page=1, pageSize=20, type=, category=政治
2026-02-18T19:33:28.457+08:00  INFO 37076 --- [yanshi-backend] [http-nio-8080-exec-2] c.y.controller.KnowledgePointController  : 分页查询知识点: page=1, pageSize=20, type=, category=政治
2026-02-18T19:33:29.749+08:00  INFO 37076 --- [yanshi-backend] [http-nio-8080-exec-1] c.y.controller.KnowledgePointController  : 分页查询知识点: page=1, pageSize=20, type=concept, category=政治
2026-02-18T19:33:30.305+08:00  INFO 37076 --- [yanshi-backend] [http-nio-8080-exec-4] c.y.controller.KnowledgePointController  : 分页查询知识点: page=1, pageSize=20, type=concept, category=政治
2026-02-18T19:33:31.445+08:00  INFO 37076 --- [yanshi-backend] [http-nio-8080-exec-9] c.y.controller.KnowledgePointController  : 分页查询知识点: page=1, pageSize=20, type=, category=
2026-02-18T19:33:31.608+08:00  INFO 37076 --- [yanshi-backend] [http-nio-8080-exec-7] c.y.controller.KnowledgePointController  : 分页查询知识点: page=1, pageSize=20, type=, category=
2026-02-18T19:33:32.646+08:00  INFO 37076 --- [yanshi-backend] [http-nio-8080-exec-10] c.yanshi.controller.ArticleController    : 按来源统计文章
2026-02-18T19:33:32.646+08:00  INFO 37076 --- [yanshi-backend] [http-nio-8080-exec-6] c.yanshi.controller.ArticleController    : 获取文章统计信息
2026-02-18T19:33:32.646+08:00  INFO 37076 --- [yanshi-backend] [http-nio-8080-exec-8] c.yanshi.controller.ArticleController    : 按日期统计文章: startDate=null, endDate=null
2026-02-18T19:33:32.646+08:00  INFO 37076 --- [yanshi-backend] [http-nio-8080-exec-5] c.yanshi.controller.ArticleController    : 按分类统计文章
2026-02-18T19:33:32.649+08:00 ERROR 37076 --- [yanshi-backend] [http-nio-8080-exec-6] c.y.service.impl.ArticleServiceImpl      : 获取日期范围失败

java.lang.ClassCastException: class java.sql.Date cannot be cast to class java.time.LocalDate (java.sql.Date is in module java.sql of loader 'platform'; java.time.LocalDate is in module java.base of loader 'bootstrap')
	at com.yanshi.service.impl.ArticleServiceImpl.getStatistics(ArticleServiceImpl.java:75) ~[classes/:na]
	at java.base/jdk.internal.reflect.NativeMethodAccessorImpl.invoke0(Native Method) ~[na:na]
	at java.base/jdk.internal.reflect.NativeMethodAccessorImpl.invoke(NativeMethodAccessorImpl.java:77) ~[na:na]
	at java.base/jdk.internal.reflect.DelegatingMethodAccessorImpl.invoke(DelegatingMethodAccessorImpl.java:43) ~[na:na]
	at java.base/java.lang.reflect.Method.invoke(Method.java:568) ~[na:na]
	at org.springframework.aop.support.AopUtils.invokeJoinpointUsingReflection(AopUtils.java:351) ~[spring-aop-6.1.3.jar:6.1.3]
	at org.springframework.aop.framework.CglibAopProxy$DynamicAdvisedInterceptor.intercept(CglibAopProxy.java:713) ~[spring-aop-6.1.3.jar:6.1.3]
	at com.yanshi.service.impl.ArticleServiceImpl$$SpringCGLIB$$0.getStatistics(<generated>) ~[classes/:na]
	at com.yanshi.controller.ArticleController.getStatistics(ArticleController.java:66) ~[classes/:na]
	at java.base/jdk.internal.reflect.NativeMethodAccessorImpl.invoke0(Native Method) ~[na:na]
	at java.base/jdk.internal.reflect.NativeMethodAccessorImpl.invoke(NativeMethodAccessorImpl.java:77) ~[na:na]
	at java.base/jdk.internal.reflect.DelegatingMethodAccessorImpl.invoke(DelegatingMethodAccessorImpl.java:43) ~[na:na]
	at java.base/java.lang.reflect.Method.invoke(Method.java:568) ~[na:na]
	at org.springframework.web.method.support.InvocableHandlerMethod.doInvoke(InvocableHandlerMethod.java:261) ~[spring-web-6.1.3.jar:6.1.3]
	at org.springframework.web.method.support.InvocableHandlerMethod.invokeForRequest(InvocableHandlerMethod.java:189) ~[spring-web-6.1.3.jar:6.1.3]
	at org.springframework.web.servlet.mvc.method.annotation.ServletInvocableHandlerMethod.invokeAndHandle(ServletInvocableHandlerMethod.java:118) ~[spring-webmvc-6.1.3.jar:6.1.3]
	at org.springframework.web.servlet.mvc.method.annotation.RequestMappingHandlerAdapter.invokeHandlerMethod(RequestMappingHandlerAdapter.java:917) ~[spring-webmvc-6.1.3.jar:6.1.3]
	at org.springframework.web.servlet.mvc.method.annotation.RequestMappingHandlerAdapter.handleInternal(RequestMappingHandlerAdapter.java:829) ~[spring-webmvc-6.1.3.jar:6.1.3]
	at org.springframework.web.servlet.mvc.method.AbstractHandlerMethodAdapter.handle(AbstractHandlerMethodAdapter.java:87) ~[spring-webmvc-6.1.3.jar:6.1.3]
	at org.springframework.web.servlet.DispatcherServlet.doDispatch(DispatcherServlet.java:1089) ~[spring-webmvc-6.1.3.jar:6.1.3]
	at org.springframework.web.servlet.DispatcherServlet.doService(DispatcherServlet.java:979) ~[spring-webmvc-6.1.3.jar:6.1.3]
	at org.springframework.web.servlet.FrameworkServlet.processRequest(FrameworkServlet.java:1014) ~[spring-webmvc-6.1.3.jar:6.1.3]
	at org.springframework.web.servlet.FrameworkServlet.doGet(FrameworkServlet.java:903) ~[spring-webmvc-6.1.3.jar:6.1.3]
	at jakarta.servlet.http.HttpServlet.service(HttpServlet.java:564) ~[tomcat-embed-core-10.1.18.jar:6.0]
	at org.springframework.web.servlet.FrameworkServlet.service(FrameworkServlet.java:885) ~[spring-webmvc-6.1.3.jar:6.1.3]
	at jakarta.servlet.http.HttpServlet.service(HttpServlet.java:658) ~[tomcat-embed-core-10.1.18.jar:6.0]
	at org.apache.catalina.core.ApplicationFilterChain.internalDoFilter(ApplicationFilterChain.java:205) ~[tomcat-embed-core-10.1.18.jar:10.1.18]
	at org.apache.catalina.core.ApplicationFilterChain.doFilter(ApplicationFilterChain.java:149) ~[tomcat-embed-core-10.1.18.jar:10.1.18]
	at org.apache.tomcat.websocket.server.WsFilter.doFilter(WsFilter.java:51) ~[tomcat-embed-websocket-10.1.18.jar:10.1.18]
	at org.apache.catalina.core.ApplicationFilterChain.internalDoFilter(ApplicationFilterChain.java:174) ~[tomcat-embed-core-10.1.18.jar:10.1.18]
	at org.apache.catalina.core.ApplicationFilterChain.doFilter(ApplicationFilterChain.java:149) ~[tomcat-embed-core-10.1.18.jar:10.1.18]
	at org.springframework.web.filter.RequestContextFilter.doFilterInternal(RequestContextFilter.java:100) ~[spring-web-6.1.3.jar:6.1.3]
	at org.springframework.web.filter.OncePerRequestFilter.doFilter(OncePerRequestFilter.java:116) ~[spring-web-6.1.3.jar:6.1.3]
	at org.apache.catalina.core.ApplicationFilterChain.internalDoFilter(ApplicationFilterChain.java:174) ~[tomcat-embed-core-10.1.18.jar:10.1.18]
	at org.apache.catalina.core.ApplicationFilterChain.doFilter(ApplicationFilterChain.java:149) ~[tomcat-embed-core-10.1.18.jar:10.1.18]
	at org.springframework.web.filter.FormContentFilter.doFilterInternal(FormContentFilter.java:93) ~[spring-web-6.1.3.jar:6.1.3]
	at org.springframework.web.filter.OncePerRequestFilter.doFilter(OncePerRequestFilter.java:116) ~[spring-web-6.1.3.jar:6.1.3]
	at org.apache.catalina.core.ApplicationFilterChain.internalDoFilter(ApplicationFilterChain.java:174) ~[tomcat-embed-core-10.1.18.jar:10.1.18]
	at org.apache.catalina.core.ApplicationFilterChain.doFilter(ApplicationFilterChain.java:149) ~[tomcat-embed-core-10.1.18.jar:10.1.18]
	at org.springframework.web.filter.CharacterEncodingFilter.doFilterInternal(CharacterEncodingFilter.java:201) ~[spring-web-6.1.3.jar:6.1.3]
	at org.springframework.web.filter.OncePerRequestFilter.doFilter(OncePerRequestFilter.java:116) ~[spring-web-6.1.3.jar:6.1.3]
	at org.apache.catalina.core.ApplicationFilterChain.internalDoFilter(ApplicationFilterChain.java:174) ~[tomcat-embed-core-10.1.18.jar:10.1.18]
	at org.apache.catalina.core.ApplicationFilterChain.doFilter(ApplicationFilterChain.java:149) ~[tomcat-embed-core-10.1.18.jar:10.1.18]
	at org.apache.catalina.core.StandardWrapperValve.invoke(StandardWrapperValve.java:167) ~[tomcat-embed-core-10.1.18.jar:10.1.18]
	at org.apache.catalina.core.StandardContextValve.invoke(StandardContextValve.java:90) ~[tomcat-embed-core-10.1.18.jar:10.1.18]
	at org.apache.catalina.authenticator.AuthenticatorBase.invoke(AuthenticatorBase.java:482) ~[tomcat-embed-core-10.1.18.jar:10.1.18]
	at org.apache.catalina.core.StandardHostValve.invoke(StandardHostValve.java:115) ~[tomcat-embed-core-10.1.18.jar:10.1.18]
	at org.apache.catalina.valves.ErrorReportValve.invoke(ErrorReportValve.java:93) ~[tomcat-embed-core-10.1.18.jar:10.1.18]
	at org.apache.catalina.core.StandardEngineValve.invoke(StandardEngineValve.java:74) ~[tomcat-embed-core-10.1.18.jar:10.1.18]
	at org.apache.catalina.connector.CoyoteAdapter.service(CoyoteAdapter.java:340) ~[tomcat-embed-core-10.1.18.jar:10.1.18]
	at org.apache.coyote.http11.Http11Processor.service(Http11Processor.java:391) ~[tomcat-embed-core-10.1.18.jar:10.1.18]
	at org.apache.coyote.AbstractProcessorLight.process(AbstractProcessorLight.java:63) ~[tomcat-embed-core-10.1.18.jar:10.1.18]
	at org.apache.coyote.AbstractProtocol$ConnectionHandler.process(AbstractProtocol.java:896) ~[tomcat-embed-core-10.1.18.jar:10.1.18]
	at org.apache.tomcat.util.net.NioEndpoint$SocketProcessor.doRun(NioEndpoint.java:1744) ~[tomcat-embed-core-10.1.18.jar:10.1.18]
	at org.apache.tomcat.util.net.SocketProcessorBase.run(SocketProcessorBase.java:52) ~[tomcat-embed-core-10.1.18.jar:10.1.18]
	at org.apache.tomcat.util.threads.ThreadPoolExecutor.runWorker(ThreadPoolExecutor.java:1191) ~[tomcat-embed-core-10.1.18.jar:10.1.18]
	at org.apache.tomcat.util.threads.ThreadPoolExecutor$Worker.run(ThreadPoolExecutor.java:659) ~[tomcat-embed-core-10.1.18.jar:10.1.18]
	at org.apache.tomcat.util.threads.TaskThread$WrappingRunnable.run(TaskThread.java:61) ~[tomcat-embed-core-10.1.18.jar:10.1.18]
	at java.base/java.lang.Thread.run(Thread.java:833) ~[na:na]

2026-02-18T19:33:34.927+08:00  INFO 37076 --- [yanshi-backend] [http-nio-8080-exec-3] c.yanshi.controller.ArticleController    : 按来源统计文章
2026-02-18T19:33:34.927+08:00  INFO 37076 --- [yanshi-backend] [http-nio-8080-exec-1] c.yanshi.controller.ArticleController    : 按分类统计文章
2026-02-18T19:33:34.929+08:00  INFO 37076 --- [yanshi-backend] [http-nio-8080-exec-2] c.yanshi.controller.ArticleController    : 查询文章列表: com.yanshi.dto.ArticleQueryDTO@571b1b2e
2026-02-18T19:33:34.929+08:00  INFO 37076 --- [yanshi-backend] [http-nio-8080-exec-4] c.yanshi.controller.ArticleController    : 获取最新文章: limit=5
2026-02-18T19:33:38.621+08:00  INFO 37076 --- [yanshi-backend] [http-nio-8080-exec-9] c.yanshi.controller.ArticleController    : 查询文章详情: id=513
2026-02-18T19:33:40.767+08:00  INFO 37076 --- [yanshi-backend] [http-nio-8080-exec-7] c.yanshi.controller.ArticleController    : 按来源统计文章
2026-02-18T19:33:40.767+08:00  INFO 37076 --- [yanshi-backend] [http-nio-8080-exec-10] c.yanshi.controller.ArticleController    : 按分类统计文章
2026-02-18T19:33:40.767+08:00  INFO 37076 --- [yanshi-backend] [http-nio-8080-exec-5] c.yanshi.controller.ArticleController    : 查询文章列表: com.yanshi.dto.ArticleQueryDTO@3f233ee3
2026-02-18T19:33:40.767+08:00  INFO 37076 --- [yanshi-backend] [http-nio-8080-exec-8] c.yanshi.controller.ArticleController    : 获取最新文章: limit=5
2026-02-18T20:55:48.119+08:00  INFO 37076 --- [yanshi-backend] [http-nio-8080-exec-6] c.yanshi.controller.ArticleController    : 按来源统计文章
2026-02-18T20:55:48.119+08:00  INFO 37076 --- [yanshi-backend] [http-nio-8080-exec-3] c.yanshi.controller.ArticleController    : 按分类统计文章
2026-02-18T20:55:48.120+08:00  INFO 37076 --- [yanshi-backend] [http-nio-8080-exec-2] c.yanshi.controller.ArticleController    : 获取最新文章: limit=5
2026-02-18T20:55:48.120+08:00  INFO 37076 --- [yanshi-backend] [http-nio-8080-exec-1] c.yanshi.controller.ArticleController    : 查询文章列表: com.yanshi.dto.ArticleQueryDTO@19f6b02b
2026-02-18T20:55:49.230+08:00  INFO 37076 --- [yanshi-backend] [http-nio-8080-exec-4] c.yanshi.controller.ArticleController    : 查询文章详情: id=499
2026-02-18T20:55:50.607+08:00  INFO 37076 --- [yanshi-backend] [http-nio-8080-exec-9] c.yanshi.controller.ArticleController    : 按来源统计文章
2026-02-18T20:55:50.607+08:00  INFO 37076 --- [yanshi-backend] [http-nio-8080-exec-10] c.yanshi.controller.ArticleController    : 按分类统计文章
2026-02-18T20:55:50.607+08:00  INFO 37076 --- [yanshi-backend] [http-nio-8080-exec-5] c.yanshi.controller.ArticleController    : 获取最新文章: limit=5
2026-02-18T20:55:50.607+08:00  INFO 37076 --- [yanshi-backend] [http-nio-8080-exec-7] c.yanshi.controller.ArticleController    : 查询文章列表: com.yanshi.dto.ArticleQueryDTO@5d905046
2026-02-18T20:55:51.956+08:00  INFO 37076 --- [yanshi-backend] [http-nio-8080-exec-8] c.y.controller.KnowledgePointController  : 分页查询知识点: page=1, pageSize=20, type=, category=
2026-02-18T20:56:08.341+08:00  INFO 37076 --- [yanshi-backend] [http-nio-8080-exec-6] c.yanshi.controller.ArticleController    : 获取文章统计信息
2026-02-18T20:56:08.341+08:00  INFO 37076 --- [yanshi-backend] [http-nio-8080-exec-1] c.yanshi.controller.ArticleController    : 按分类统计文章
2026-02-18T20:56:08.341+08:00  INFO 37076 --- [yanshi-backend] [http-nio-8080-exec-3] c.yanshi.controller.ArticleController    : 按来源统计文章
2026-02-18T20:56:08.341+08:00  INFO 37076 --- [yanshi-backend] [http-nio-8080-exec-2] c.yanshi.controller.ArticleController    : 按日期统计文章: startDate=null, endDate=null
2026-02-18T20:56:08.344+08:00 ERROR 37076 --- [yanshi-backend] [http-nio-8080-exec-6] c.y.service.impl.ArticleServiceImpl      : 获取日期范围失败

java.lang.ClassCastException: class java.sql.Date cannot be cast to class java.time.LocalDate (java.sql.Date is in module java.sql of loader 'platform'; java.time.LocalDate is in module java.base of loader 'bootstrap')
	at com.yanshi.service.impl.ArticleServiceImpl.getStatistics(ArticleServiceImpl.java:75) ~[classes/:na]
	at java.base/jdk.internal.reflect.NativeMethodAccessorImpl.invoke0(Native Method) ~[na:na]
	at java.base/jdk.internal.reflect.NativeMethodAccessorImpl.invoke(NativeMethodAccessorImpl.java:77) ~[na:na]
	at java.base/jdk.internal.reflect.DelegatingMethodAccessorImpl.invoke(DelegatingMethodAccessorImpl.java:43) ~[na:na]
	at java.base/java.lang.reflect.Method.invoke(Method.java:568) ~[na:na]
	at org.springframework.aop.support.AopUtils.invokeJoinpointUsingReflection(AopUtils.java:351) ~[spring-aop-6.1.3.jar:6.1.3]
	at org.springframework.aop.framework.CglibAopProxy$DynamicAdvisedInterceptor.intercept(CglibAopProxy.java:713) ~[spring-aop-6.1.3.jar:6.1.3]
	at com.yanshi.service.impl.ArticleServiceImpl$$SpringCGLIB$$0.getStatistics(<generated>) ~[classes/:na]
	at com.yanshi.controller.ArticleController.getStatistics(ArticleController.java:66) ~[classes/:na]
	at java.base/jdk.internal.reflect.NativeMethodAccessorImpl.invoke0(Native Method) ~[na:na]
	at java.base/jdk.internal.reflect.NativeMethodAccessorImpl.invoke(NativeMethodAccessorImpl.java:77) ~[na:na]
	at java.base/jdk.internal.reflect.DelegatingMethodAccessorImpl.invoke(DelegatingMethodAccessorImpl.java:43) ~[na:na]
	at java.base/java.lang.reflect.Method.invoke(Method.java:568) ~[na:na]
	at org.springframework.web.method.support.InvocableHandlerMethod.doInvoke(InvocableHandlerMethod.java:261) ~[spring-web-6.1.3.jar:6.1.3]
	at org.springframework.web.method.support.InvocableHandlerMethod.invokeForRequest(InvocableHandlerMethod.java:189) ~[spring-web-6.1.3.jar:6.1.3]
	at org.springframework.web.servlet.mvc.method.annotation.ServletInvocableHandlerMethod.invokeAndHandle(ServletInvocableHandlerMethod.java:118) ~[spring-webmvc-6.1.3.jar:6.1.3]
	at org.springframework.web.servlet.mvc.method.annotation.RequestMappingHandlerAdapter.invokeHandlerMethod(RequestMappingHandlerAdapter.java:917) ~[spring-webmvc-6.1.3.jar:6.1.3]
	at org.springframework.web.servlet.mvc.method.annotation.RequestMappingHandlerAdapter.handleInternal(RequestMappingHandlerAdapter.java:829) ~[spring-webmvc-6.1.3.jar:6.1.3]
	at org.springframework.web.servlet.mvc.method.AbstractHandlerMethodAdapter.handle(AbstractHandlerMethodAdapter.java:87) ~[spring-webmvc-6.1.3.jar:6.1.3]
	at org.springframework.web.servlet.DispatcherServlet.doDispatch(DispatcherServlet.java:1089) ~[spring-webmvc-6.1.3.jar:6.1.3]
	at org.springframework.web.servlet.DispatcherServlet.doService(DispatcherServlet.java:979) ~[spring-webmvc-6.1.3.jar:6.1.3]
	at org.springframework.web.servlet.FrameworkServlet.processRequest(FrameworkServlet.java:1014) ~[spring-webmvc-6.1.3.jar:6.1.3]
	at org.springframework.web.servlet.FrameworkServlet.doGet(FrameworkServlet.java:903) ~[spring-webmvc-6.1.3.jar:6.1.3]
	at jakarta.servlet.http.HttpServlet.service(HttpServlet.java:564) ~[tomcat-embed-core-10.1.18.jar:6.0]
	at org.springframework.web.servlet.FrameworkServlet.service(FrameworkServlet.java:885) ~[spring-webmvc-6.1.3.jar:6.1.3]
	at jakarta.servlet.http.HttpServlet.service(HttpServlet.java:658) ~[tomcat-embed-core-10.1.18.jar:6.0]
	at org.apache.catalina.core.ApplicationFilterChain.internalDoFilter(ApplicationFilterChain.java:205) ~[tomcat-embed-core-10.1.18.jar:10.1.18]
	at org.apache.catalina.core.ApplicationFilterChain.doFilter(ApplicationFilterChain.java:149) ~[tomcat-embed-core-10.1.18.jar:10.1.18]
	at org.apache.tomcat.websocket.server.WsFilter.doFilter(WsFilter.java:51) ~[tomcat-embed-websocket-10.1.18.jar:10.1.18]
	at org.apache.catalina.core.ApplicationFilterChain.internalDoFilter(ApplicationFilterChain.java:174) ~[tomcat-embed-core-10.1.18.jar:10.1.18]
	at org.apache.catalina.core.ApplicationFilterChain.doFilter(ApplicationFilterChain.java:149) ~[tomcat-embed-core-10.1.18.jar:10.1.18]
	at org.springframework.web.filter.RequestContextFilter.doFilterInternal(RequestContextFilter.java:100) ~[spring-web-6.1.3.jar:6.1.3]
	at org.springframework.web.filter.OncePerRequestFilter.doFilter(OncePerRequestFilter.java:116) ~[spring-web-6.1.3.jar:6.1.3]
	at org.apache.catalina.core.ApplicationFilterChain.internalDoFilter(ApplicationFilterChain.java:174) ~[tomcat-embed-core-10.1.18.jar:10.1.18]
	at org.apache.catalina.core.ApplicationFilterChain.doFilter(ApplicationFilterChain.java:149) ~[tomcat-embed-core-10.1.18.jar:10.1.18]
	at org.springframework.web.filter.FormContentFilter.doFilterInternal(FormContentFilter.java:93) ~[spring-web-6.1.3.jar:6.1.3]
	at org.springframework.web.filter.OncePerRequestFilter.doFilter(OncePerRequestFilter.java:116) ~[spring-web-6.1.3.jar:6.1.3]
	at org.apache.catalina.core.ApplicationFilterChain.internalDoFilter(ApplicationFilterChain.java:174) ~[tomcat-embed-core-10.1.18.jar:10.1.18]
	at org.apache.catalina.core.ApplicationFilterChain.doFilter(ApplicationFilterChain.java:149) ~[tomcat-embed-core-10.1.18.jar:10.1.18]
	at org.springframework.web.filter.CharacterEncodingFilter.doFilterInternal(CharacterEncodingFilter.java:201) ~[spring-web-6.1.3.jar:6.1.3]
	at org.springframework.web.filter.OncePerRequestFilter.doFilter(OncePerRequestFilter.java:116) ~[spring-web-6.1.3.jar:6.1.3]
	at org.apache.catalina.core.ApplicationFilterChain.internalDoFilter(ApplicationFilterChain.java:174) ~[tomcat-embed-core-10.1.18.jar:10.1.18]
	at org.apache.catalina.core.ApplicationFilterChain.doFilter(ApplicationFilterChain.java:149) ~[tomcat-embed-core-10.1.18.jar:10.1.18]
	at org.apache.catalina.core.StandardWrapperValve.invoke(StandardWrapperValve.java:167) ~[tomcat-embed-core-10.1.18.jar:10.1.18]
	at org.apache.catalina.core.StandardContextValve.invoke(StandardContextValve.java:90) ~[tomcat-embed-core-10.1.18.jar:10.1.18]
	at org.apache.catalina.authenticator.AuthenticatorBase.invoke(AuthenticatorBase.java:482) ~[tomcat-embed-core-10.1.18.jar:10.1.18]
	at org.apache.catalina.core.StandardHostValve.invoke(StandardHostValve.java:115) ~[tomcat-embed-core-10.1.18.jar:10.1.18]
	at org.apache.catalina.valves.ErrorReportValve.invoke(ErrorReportValve.java:93) ~[tomcat-embed-core-10.1.18.jar:10.1.18]
	at org.apache.catalina.core.StandardEngineValve.invoke(StandardEngineValve.java:74) ~[tomcat-embed-core-10.1.18.jar:10.1.18]
	at org.apache.catalina.connector.CoyoteAdapter.service(CoyoteAdapter.java:340) ~[tomcat-embed-core-10.1.18.jar:10.1.18]
	at org.apache.coyote.http11.Http11Processor.service(Http11Processor.java:391) ~[tomcat-embed-core-10.1.18.jar:10.1.18]
	at org.apache.coyote.AbstractProcessorLight.process(AbstractProcessorLight.java:63) ~[tomcat-embed-core-10.1.18.jar:10.1.18]
	at org.apache.coyote.AbstractProtocol$ConnectionHandler.process(AbstractProtocol.java:896) ~[tomcat-embed-core-10.1.18.jar:10.1.18]
	at org.apache.tomcat.util.net.NioEndpoint$SocketProcessor.doRun(NioEndpoint.java:1744) ~[tomcat-embed-core-10.1.18.jar:10.1.18]
	at org.apache.tomcat.util.net.SocketProcessorBase.run(SocketProcessorBase.java:52) ~[tomcat-embed-core-10.1.18.jar:10.1.18]
	at org.apache.tomcat.util.threads.ThreadPoolExecutor.runWorker(ThreadPoolExecutor.java:1191) ~[tomcat-embed-core-10.1.18.jar:10.1.18]
	at org.apache.tomcat.util.threads.ThreadPoolExecutor$Worker.run(ThreadPoolExecutor.java:659) ~[tomcat-embed-core-10.1.18.jar:10.1.18]
	at org.apache.tomcat.util.threads.TaskThread$WrappingRunnable.run(TaskThread.java:61) ~[tomcat-embed-core-10.1.18.jar:10.1.18]
	at java.base/java.lang.Thread.run(Thread.java:833) ~[na:na]

2026-02-18T20:56:11.836+08:00  INFO 37076 --- [yanshi-backend] [http-nio-8080-exec-4] c.y.controller.KnowledgePointController  : 分页查询知识点: page=1, pageSize=20, type=, category=
2026-02-18T20:56:12.719+08:00  INFO 37076 --- [yanshi-backend] [http-nio-8080-exec-10] c.yanshi.controller.ArticleController    : 按分类统计文章
2026-02-18T20:56:12.719+08:00  INFO 37076 --- [yanshi-backend] [http-nio-8080-exec-9] c.yanshi.controller.ArticleController    : 按来源统计文章
2026-02-18T20:56:12.720+08:00  INFO 37076 --- [yanshi-backend] [http-nio-8080-exec-7] c.yanshi.controller.ArticleController    : 查询文章列表: com.yanshi.dto.ArticleQueryDTO@2218dd97
2026-02-18T20:56:12.720+08:00  INFO 37076 --- [yanshi-backend] [http-nio-8080-exec-5] c.yanshi.controller.ArticleController    : 获取最新文章: limit=5
2026-02-18T20:56:49.909+08:00  INFO 37076 --- [yanshi-backend] [http-nio-8080-exec-2] c.yanshi.controller.ArticleController    : 获取最新文章: limit=5
2026-02-18T20:56:49.910+08:00  INFO 37076 --- [yanshi-backend] [http-nio-8080-exec-1] c.yanshi.controller.ArticleController    : 查询文章列表: com.yanshi.dto.ArticleQueryDTO@382037f1
2026-02-18T20:56:49.910+08:00  INFO 37076 --- [yanshi-backend] [http-nio-8080-exec-3] c.yanshi.controller.ArticleController    : 按分类统计文章
2026-02-18T20:56:49.910+08:00  INFO 37076 --- [yanshi-backend] [http-nio-8080-exec-8] c.yanshi.controller.ArticleController    : 按来源统计文章
2026-02-18T20:56:50.947+08:00  INFO 37076 --- [yanshi-backend] [http-nio-8080-exec-6] c.y.controller.KnowledgePointController  : 分页查询知识点: page=1, pageSize=20, type=, category=
2026-02-18T20:56:55.631+08:00  INFO 37076 --- [yanshi-backend] [http-nio-8080-exec-4] c.y.controller.KnowledgePointController  : 分页查询知识点: page=1, pageSize=20, type=, category=
2026-02-18T21:00:46.068+08:00  INFO 37076 --- [yanshi-backend] [http-nio-8080-exec-10] c.y.controller.KnowledgePointController  : 分页查询知识点: page=1, pageSize=20, type=, category=
2026-02-18T21:00:49.107+08:00  INFO 37076 --- [yanshi-backend] [http-nio-8080-exec-9] c.y.controller.KnowledgePointController  : 获取知识点关联的文章: id=2
2026-02-18T21:00:49.611+08:00  INFO 37076 --- [yanshi-backend] [http-nio-8080-exec-5] c.y.controller.KnowledgePointController  : 获取知识点关联的文章: id=2
2026-02-18T21:00:51.676+08:00  INFO 37076 --- [yanshi-backend] [http-nio-8080-exec-7] c.y.controller.KnowledgePointController  : 分页查询知识点: page=1, pageSize=20, type=, category=
2026-02-18T21:00:53.893+08:00  INFO 37076 --- [yanshi-backend] [http-nio-8080-exec-8] c.y.controller.KnowledgePointController  : 分页查询知识点: page=1, pageSize=200, type=null, category=null
2026-02-18T21:01:04.955+08:00  INFO 37076 --- [yanshi-backend] [http-nio-8080-exec-2] c.yanshi.controller.ArticleController    : 按分类统计文章
2026-02-18T21:01:04.955+08:00  INFO 37076 --- [yanshi-backend] [http-nio-8080-exec-3] c.yanshi.controller.ArticleController    : 按来源统计文章
2026-02-18T21:01:04.955+08:00  INFO 37076 --- [yanshi-backend] [http-nio-8080-exec-6] c.yanshi.controller.ArticleController    : 获取最新文章: limit=5
2026-02-18T21:01:04.955+08:00  INFO 37076 --- [yanshi-backend] [http-nio-8080-exec-1] c.yanshi.controller.ArticleController    : 查询文章列表: com.yanshi.dto.ArticleQueryDTO@6db6bf33
2026-02-18T21:01:06.051+08:00  INFO 37076 --- [yanshi-backend] [http-nio-8080-exec-4] c.yanshi.controller.ArticleController    : 查询文章详情: id=1305
2026-02-18T21:01:11.102+08:00  INFO 37076 --- [yanshi-backend] [http-nio-8080-exec-10] c.yanshi.controller.ArticleController    : 按来源统计文章
2026-02-18T21:01:11.102+08:00  INFO 37076 --- [yanshi-backend] [http-nio-8080-exec-5] c.yanshi.controller.ArticleController    : 按分类统计文章
2026-02-18T21:01:11.102+08:00  INFO 37076 --- [yanshi-backend] [http-nio-8080-exec-7] c.yanshi.controller.ArticleController    : 获取最新文章: limit=5
2026-02-18T21:01:11.102+08:00  INFO 37076 --- [yanshi-backend] [http-nio-8080-exec-9] c.yanshi.controller.ArticleController    : 查询文章列表: com.yanshi.dto.ArticleQueryDTO@5295a7a
2026-02-18T21:01:11.954+08:00  INFO 37076 --- [yanshi-backend] [http-nio-8080-exec-8] c.yanshi.controller.ArticleController    : 查询文章详情: id=1304
2026-02-18T21:01:13.742+08:00  INFO 37076 --- [yanshi-backend] [http-nio-8080-exec-3] c.yanshi.controller.ArticleController    : 按分类统计文章
2026-02-18T21:01:13.742+08:00  INFO 37076 --- [yanshi-backend] [http-nio-8080-exec-2] c.yanshi.controller.ArticleController    : 按来源统计文章
2026-02-18T21:01:13.742+08:00  INFO 37076 --- [yanshi-backend] [http-nio-8080-exec-6] c.yanshi.controller.ArticleController    : 查询文章列表: com.yanshi.dto.ArticleQueryDTO@44656f14
2026-02-18T21:01:13.742+08:00  INFO 37076 --- [yanshi-backend] [http-nio-8080-exec-1] c.yanshi.controller.ArticleController    : 获取最新文章: limit=5
2026-02-18T21:01:14.715+08:00  INFO 37076 --- [yanshi-backend] [http-nio-8080-exec-4] c.yanshi.controller.ArticleController    : 查询文章详情: id=1303
2026-02-18T21:01:17.292+08:00  INFO 37076 --- [yanshi-backend] [http-nio-8080-exec-5] c.yanshi.controller.ArticleController    : 按分类统计文章
2026-02-18T21:01:17.292+08:00  INFO 37076 --- [yanshi-backend] [http-nio-8080-exec-10] c.yanshi.controller.ArticleController    : 按来源统计文章
2026-02-18T21:01:17.292+08:00  INFO 37076 --- [yanshi-backend] [http-nio-8080-exec-7] c.yanshi.controller.ArticleController    : 查询文章列表: com.yanshi.dto.ArticleQueryDTO@386da17e
2026-02-18T21:01:17.292+08:00  INFO 37076 --- [yanshi-backend] [http-nio-8080-exec-9] c.yanshi.controller.ArticleController    : 获取最新文章: limit=5
2026-02-18T21:01:18.502+08:00  INFO 37076 --- [yanshi-backend] [http-nio-8080-exec-8] c.y.controller.KnowledgePointController  : 分页查询知识点: page=1, pageSize=20, type=, category=
2026-02-18T21:01:21.889+08:00  INFO 37076 --- [yanshi-backend] [http-nio-8080-exec-3] c.y.controller.KnowledgePointController  : 获取知识点关联的文章: id=2
2026-02-18T21:01:28.513+08:00  INFO 37076 --- [yanshi-backend] [http-nio-8080-exec-2] c.yanshi.controller.ArticleController    : 获取文章统计信息
2026-02-18T21:01:28.513+08:00  INFO 37076 --- [yanshi-backend] [http-nio-8080-exec-6] c.yanshi.controller.ArticleController    : 按日期统计文章: startDate=null, endDate=null
2026-02-18T21:01:28.513+08:00  INFO 37076 --- [yanshi-backend] [http-nio-8080-exec-4] c.yanshi.controller.ArticleController    : 按分类统计文章
2026-02-18T21:01:28.513+08:00  INFO 37076 --- [yanshi-backend] [http-nio-8080-exec-1] c.yanshi.controller.ArticleController    : 按来源统计文章
2026-02-18T21:01:28.516+08:00 ERROR 37076 --- [yanshi-backend] [http-nio-8080-exec-2] c.y.service.impl.ArticleServiceImpl      : 获取日期范围失败

java.lang.ClassCastException: class java.sql.Date cannot be cast to class java.time.LocalDate (java.sql.Date is in module java.sql of loader 'platform'; java.time.LocalDate is in module java.base of loader 'bootstrap')
	at com.yanshi.service.impl.ArticleServiceImpl.getStatistics(ArticleServiceImpl.java:75) ~[classes/:na]
	at java.base/jdk.internal.reflect.NativeMethodAccessorImpl.invoke0(Native Method) ~[na:na]
	at java.base/jdk.internal.reflect.NativeMethodAccessorImpl.invoke(NativeMethodAccessorImpl.java:77) ~[na:na]
	at java.base/jdk.internal.reflect.DelegatingMethodAccessorImpl.invoke(DelegatingMethodAccessorImpl.java:43) ~[na:na]
	at java.base/java.lang.reflect.Method.invoke(Method.java:568) ~[na:na]
	at org.springframework.aop.support.AopUtils.invokeJoinpointUsingReflection(AopUtils.java:351) ~[spring-aop-6.1.3.jar:6.1.3]
	at org.springframework.aop.framework.CglibAopProxy$DynamicAdvisedInterceptor.intercept(CglibAopProxy.java:713) ~[spring-aop-6.1.3.jar:6.1.3]
	at com.yanshi.service.impl.ArticleServiceImpl$$SpringCGLIB$$0.getStatistics(<generated>) ~[classes/:na]
	at com.yanshi.controller.ArticleController.getStatistics(ArticleController.java:66) ~[classes/:na]
	at java.base/jdk.internal.reflect.NativeMethodAccessorImpl.invoke0(Native Method) ~[na:na]
	at java.base/jdk.internal.reflect.NativeMethodAccessorImpl.invoke(NativeMethodAccessorImpl.java:77) ~[na:na]
	at java.base/jdk.internal.reflect.DelegatingMethodAccessorImpl.invoke(DelegatingMethodAccessorImpl.java:43) ~[na:na]
	at java.base/java.lang.reflect.Method.invoke(Method.java:568) ~[na:na]
	at org.springframework.web.method.support.InvocableHandlerMethod.doInvoke(InvocableHandlerMethod.java:261) ~[spring-web-6.1.3.jar:6.1.3]
	at org.springframework.web.method.support.InvocableHandlerMethod.invokeForRequest(InvocableHandlerMethod.java:189) ~[spring-web-6.1.3.jar:6.1.3]
	at org.springframework.web.servlet.mvc.method.annotation.ServletInvocableHandlerMethod.invokeAndHandle(ServletInvocableHandlerMethod.java:118) ~[spring-webmvc-6.1.3.jar:6.1.3]
	at org.springframework.web.servlet.mvc.method.annotation.RequestMappingHandlerAdapter.invokeHandlerMethod(RequestMappingHandlerAdapter.java:917) ~[spring-webmvc-6.1.3.jar:6.1.3]
	at org.springframework.web.servlet.mvc.method.annotation.RequestMappingHandlerAdapter.handleInternal(RequestMappingHandlerAdapter.java:829) ~[spring-webmvc-6.1.3.jar:6.1.3]
	at org.springframework.web.servlet.mvc.method.AbstractHandlerMethodAdapter.handle(AbstractHandlerMethodAdapter.java:87) ~[spring-webmvc-6.1.3.jar:6.1.3]
	at org.springframework.web.servlet.DispatcherServlet.doDispatch(DispatcherServlet.java:1089) ~[spring-webmvc-6.1.3.jar:6.1.3]
	at org.springframework.web.servlet.DispatcherServlet.doService(DispatcherServlet.java:979) ~[spring-webmvc-6.1.3.jar:6.1.3]
	at org.springframework.web.servlet.FrameworkServlet.processRequest(FrameworkServlet.java:1014) ~[spring-webmvc-6.1.3.jar:6.1.3]
	at org.springframework.web.servlet.FrameworkServlet.doGet(FrameworkServlet.java:903) ~[spring-webmvc-6.1.3.jar:6.1.3]
	at jakarta.servlet.http.HttpServlet.service(HttpServlet.java:564) ~[tomcat-embed-core-10.1.18.jar:6.0]
	at org.springframework.web.servlet.FrameworkServlet.service(FrameworkServlet.java:885) ~[spring-webmvc-6.1.3.jar:6.1.3]
	at jakarta.servlet.http.HttpServlet.service(HttpServlet.java:658) ~[tomcat-embed-core-10.1.18.jar:6.0]
	at org.apache.catalina.core.ApplicationFilterChain.internalDoFilter(ApplicationFilterChain.java:205) ~[tomcat-embed-core-10.1.18.jar:10.1.18]
	at org.apache.catalina.core.ApplicationFilterChain.doFilter(ApplicationFilterChain.java:149) ~[tomcat-embed-core-10.1.18.jar:10.1.18]
	at org.apache.tomcat.websocket.server.WsFilter.doFilter(WsFilter.java:51) ~[tomcat-embed-websocket-10.1.18.jar:10.1.18]
	at org.apache.catalina.core.ApplicationFilterChain.internalDoFilter(ApplicationFilterChain.java:174) ~[tomcat-embed-core-10.1.18.jar:10.1.18]
	at org.apache.catalina.core.ApplicationFilterChain.doFilter(ApplicationFilterChain.java:149) ~[tomcat-embed-core-10.1.18.jar:10.1.18]
	at org.springframework.web.filter.RequestContextFilter.doFilterInternal(RequestContextFilter.java:100) ~[spring-web-6.1.3.jar:6.1.3]
	at org.springframework.web.filter.OncePerRequestFilter.doFilter(OncePerRequestFilter.java:116) ~[spring-web-6.1.3.jar:6.1.3]
	at org.apache.catalina.core.ApplicationFilterChain.internalDoFilter(ApplicationFilterChain.java:174) ~[tomcat-embed-core-10.1.18.jar:10.1.18]
	at org.apache.catalina.core.ApplicationFilterChain.doFilter(ApplicationFilterChain.java:149) ~[tomcat-embed-core-10.1.18.jar:10.1.18]
	at org.springframework.web.filter.FormContentFilter.doFilterInternal(FormContentFilter.java:93) ~[spring-web-6.1.3.jar:6.1.3]
	at org.springframework.web.filter.OncePerRequestFilter.doFilter(OncePerRequestFilter.java:116) ~[spring-web-6.1.3.jar:6.1.3]
	at org.apache.catalina.core.ApplicationFilterChain.internalDoFilter(ApplicationFilterChain.java:174) ~[tomcat-embed-core-10.1.18.jar:10.1.18]
	at org.apache.catalina.core.ApplicationFilterChain.doFilter(ApplicationFilterChain.java:149) ~[tomcat-embed-core-10.1.18.jar:10.1.18]
	at org.springframework.web.filter.CharacterEncodingFilter.doFilterInternal(CharacterEncodingFilter.java:201) ~[spring-web-6.1.3.jar:6.1.3]
	at org.springframework.web.filter.OncePerRequestFilter.doFilter(OncePerRequestFilter.java:116) ~[spring-web-6.1.3.jar:6.1.3]
	at org.apache.catalina.core.ApplicationFilterChain.internalDoFilter(ApplicationFilterChain.java:174) ~[tomcat-embed-core-10.1.18.jar:10.1.18]
	at org.apache.catalina.core.ApplicationFilterChain.doFilter(ApplicationFilterChain.java:149) ~[tomcat-embed-core-10.1.18.jar:10.1.18]
	at org.apache.catalina.core.StandardWrapperValve.invoke(StandardWrapperValve.java:167) ~[tomcat-embed-core-10.1.18.jar:10.1.18]
	at org.apache.catalina.core.StandardContextValve.invoke(StandardContextValve.java:90) ~[tomcat-embed-core-10.1.18.jar:10.1.18]
	at org.apache.catalina.authenticator.AuthenticatorBase.invoke(AuthenticatorBase.java:482) ~[tomcat-embed-core-10.1.18.jar:10.1.18]
	at org.apache.catalina.core.StandardHostValve.invoke(StandardHostValve.java:115) ~[tomcat-embed-core-10.1.18.jar:10.1.18]
	at org.apache.catalina.valves.ErrorReportValve.invoke(ErrorReportValve.java:93) ~[tomcat-embed-core-10.1.18.jar:10.1.18]
	at org.apache.catalina.core.StandardEngineValve.invoke(StandardEngineValve.java:74) ~[tomcat-embed-core-10.1.18.jar:10.1.18]
	at org.apache.catalina.connector.CoyoteAdapter.service(CoyoteAdapter.java:340) ~[tomcat-embed-core-10.1.18.jar:10.1.18]
	at org.apache.coyote.http11.Http11Processor.service(Http11Processor.java:391) ~[tomcat-embed-core-10.1.18.jar:10.1.18]
	at org.apache.coyote.AbstractProcessorLight.process(AbstractProcessorLight.java:63) ~[tomcat-embed-core-10.1.18.jar:10.1.18]
	at org.apache.coyote.AbstractProtocol$ConnectionHandler.process(AbstractProtocol.java:896) ~[tomcat-embed-core-10.1.18.jar:10.1.18]
	at org.apache.tomcat.util.net.NioEndpoint$SocketProcessor.doRun(NioEndpoint.java:1744) ~[tomcat-embed-core-10.1.18.jar:10.1.18]
	at org.apache.tomcat.util.net.SocketProcessorBase.run(SocketProcessorBase.java:52) ~[tomcat-embed-core-10.1.18.jar:10.1.18]
	at org.apache.tomcat.util.threads.ThreadPoolExecutor.runWorker(ThreadPoolExecutor.java:1191) ~[tomcat-embed-core-10.1.18.jar:10.1.18]
	at org.apache.tomcat.util.threads.ThreadPoolExecutor$Worker.run(ThreadPoolExecutor.java:659) ~[tomcat-embed-core-10.1.18.jar:10.1.18]
	at org.apache.tomcat.util.threads.TaskThread$WrappingRunnable.run(TaskThread.java:61) ~[tomcat-embed-core-10.1.18.jar:10.1.18]
	at java.base/java.lang.Thread.run(Thread.java:833) ~[na:na]

2026-02-18T21:01:31.973+08:00  INFO 37076 --- [yanshi-backend] [http-nio-8080-exec-10] c.yanshi.controller.ArticleController    : 按来源统计文章
2026-02-18T21:01:31.973+08:00  INFO 37076 --- [yanshi-backend] [http-nio-8080-exec-5] c.yanshi.controller.ArticleController    : 按分类统计文章
2026-02-18T21:01:31.973+08:00  INFO 37076 --- [yanshi-backend] [http-nio-8080-exec-9] c.yanshi.controller.ArticleController    : 查询文章列表: com.yanshi.dto.ArticleQueryDTO@5bff41db
2026-02-18T21:01:31.973+08:00  INFO 37076 --- [yanshi-backend] [http-nio-8080-exec-7] c.yanshi.controller.ArticleController    : 获取最新文章: limit=5
2026-02-18T21:01:34.482+08:00  INFO 37076 --- [yanshi-backend] [http-nio-8080-exec-8] c.yanshi.controller.ArticleController    : 查询文章详情: id=521
2026-02-18T21:01:36.089+08:00  INFO 37076 --- [yanshi-backend] [http-nio-8080-exec-1] c.yanshi.controller.ArticleController    : 按分类统计文章
2026-02-18T21:01:36.089+08:00  INFO 37076 --- [yanshi-backend] [http-nio-8080-exec-4] c.yanshi.controller.ArticleController    : 获取最新文章: limit=5
2026-02-18T21:01:36.089+08:00  INFO 37076 --- [yanshi-backend] [http-nio-8080-exec-6] c.yanshi.controller.ArticleController    : 查询文章列表: com.yanshi.dto.ArticleQueryDTO@5c2ac898
2026-02-18T21:01:36.089+08:00  INFO 37076 --- [yanshi-backend] [http-nio-8080-exec-3] c.yanshi.controller.ArticleController    : 按来源统计文章
2026-02-18T21:02:01.017+08:00  INFO 37076 --- [yanshi-backend] [SpringApplicationShutdownHook] com.zaxxer.hikari.HikariDataSource       : HikariPool-1 - Shutdown initiated...
2026-02-18T21:02:01.018+08:00  INFO 37076 --- [yanshi-backend] [SpringApplicationShutdownHook] com.zaxxer.hikari.HikariDataSource       : HikariPool-1 - Shutdown completed.
2026-02-18T21:02:02.676+08:00  INFO 29084 --- [yanshi-backend] [main] com.yanshi.YanshiBackendApplication      : Starting YanshiBackendApplication using Java 17.0.1 with PID 29084 (D:\doc\develop\yanshi\backend\target\classes started by Lin in D:\doc\develop\yanshi\backend)
2026-02-18T21:02:02.677+08:00  INFO 29084 --- [yanshi-backend] [main] com.yanshi.YanshiBackendApplication      : No active profile set, falling back to 1 default profile: "default"
2026-02-18T21:02:03.243+08:00  INFO 29084 --- [yanshi-backend] [main] o.s.b.w.embedded.tomcat.TomcatWebServer  : Tomcat initialized with port 8080 (http)
2026-02-18T21:02:03.248+08:00  INFO 29084 --- [yanshi-backend] [main] o.apache.catalina.core.StandardService   : Starting service [Tomcat]
2026-02-18T21:02:03.248+08:00  INFO 29084 --- [yanshi-backend] [main] o.apache.catalina.core.StandardEngine    : Starting Servlet engine: [Apache Tomcat/10.1.18]
2026-02-18T21:02:03.290+08:00  INFO 29084 --- [yanshi-backend] [main] o.a.c.c.C.[Tomcat].[localhost].[/api]    : Initializing Spring embedded WebApplicationContext
2026-02-18T21:02:03.290+08:00  INFO 29084 --- [yanshi-backend] [main] w.s.c.ServletWebServerApplicationContext : Root WebApplicationContext: initialization completed in 589 ms
2026-02-18T21:02:03.790+08:00  INFO 29084 --- [yanshi-backend] [main] o.s.b.w.embedded.tomcat.TomcatWebServer  : Tomcat started on port 8080 (http) with context path '/api'
2026-02-18T21:02:03.795+08:00  INFO 29084 --- [yanshi-backend] [main] com.yanshi.YanshiBackendApplication      : Started YanshiBackendApplication in 1.366 seconds (process running for 1.685)
2026-02-18T21:02:06.301+08:00  INFO 29084 --- [yanshi-backend] [http-nio-8080-exec-3] o.a.c.c.C.[Tomcat].[localhost].[/api]    : Initializing Spring DispatcherServlet 'dispatcherServlet'
2026-02-18T21:02:06.301+08:00  INFO 29084 --- [yanshi-backend] [http-nio-8080-exec-3] o.s.web.servlet.DispatcherServlet        : Initializing Servlet 'dispatcherServlet'
2026-02-18T21:02:06.301+08:00  INFO 29084 --- [yanshi-backend] [http-nio-8080-exec-3] o.s.web.servlet.DispatcherServlet        : Completed initialization in 0 ms
2026-02-18T21:02:06.320+08:00  INFO 29084 --- [yanshi-backend] [http-nio-8080-exec-10] c.yanshi.controller.ArticleController    : 按来源统计文章
2026-02-18T21:02:06.320+08:00  INFO 29084 --- [yanshi-backend] [http-nio-8080-exec-1] c.yanshi.controller.ArticleController    : 按分类统计文章
2026-02-18T21:02:06.324+08:00  INFO 29084 --- [yanshi-backend] [http-nio-8080-exec-4] c.yanshi.controller.ArticleController    : 获取最新文章: limit=5
2026-02-18T21:02:06.325+08:00  INFO 29084 --- [yanshi-backend] [http-nio-8080-exec-3] c.yanshi.controller.ArticleController    : 查询文章列表: com.yanshi.dto.ArticleQueryDTO@1ba6e708
2026-02-18T21:02:06.332+08:00  INFO 29084 --- [yanshi-backend] [http-nio-8080-exec-10] com.zaxxer.hikari.HikariDataSource       : HikariPool-1 - Starting...
2026-02-18T21:02:06.408+08:00  INFO 29084 --- [yanshi-backend] [http-nio-8080-exec-10] com.zaxxer.hikari.pool.HikariPool        : HikariPool-1 - Added connection com.mysql.cj.jdbc.ConnectionImpl@3d9e01b
2026-02-18T21:02:06.409+08:00  INFO 29084 --- [yanshi-backend] [http-nio-8080-exec-10] com.zaxxer.hikari.HikariDataSource       : HikariPool-1 - Start completed.
2026-02-18T21:02:07.274+08:00  INFO 29084 --- [yanshi-backend] [http-nio-8080-exec-6] c.yanshi.controller.ArticleController    : 查询文章详情: id=1305
2026-02-18T21:02:08.618+08:00  INFO 29084 --- [yanshi-backend] [http-nio-8080-exec-5] c.yanshi.controller.ArticleController    : 获取最新文章: limit=5
2026-02-18T21:02:08.618+08:00  INFO 29084 --- [yanshi-backend] [http-nio-8080-exec-7] c.yanshi.controller.ArticleController    : 按来源统计文章
2026-02-18T21:02:08.618+08:00  INFO 29084 --- [yanshi-backend] [http-nio-8080-exec-9] c.yanshi.controller.ArticleController    : 按分类统计文章
2026-02-18T21:02:08.618+08:00  INFO 29084 --- [yanshi-backend] [http-nio-8080-exec-8] c.yanshi.controller.ArticleController    : 查询文章列表: com.yanshi.dto.ArticleQueryDTO@5cc70f1e
2026-02-18T21:02:09.426+08:00  INFO 29084 --- [yanshi-backend] [http-nio-8080-exec-2] c.yanshi.controller.ArticleController    : 查询文章详情: id=1304
2026-02-18T21:02:10.704+08:00  INFO 29084 --- [yanshi-backend] [http-nio-8080-exec-10] c.yanshi.controller.ArticleController    : 按分类统计文章
2026-02-18T21:02:10.704+08:00  INFO 29084 --- [yanshi-backend] [http-nio-8080-exec-1] c.yanshi.controller.ArticleController    : 按来源统计文章
2026-02-18T21:02:10.704+08:00  INFO 29084 --- [yanshi-backend] [http-nio-8080-exec-3] c.yanshi.controller.ArticleController    : 查询文章列表: com.yanshi.dto.ArticleQueryDTO@6dd54a53
2026-02-18T21:02:10.704+08:00  INFO 29084 --- [yanshi-backend] [http-nio-8080-exec-4] c.yanshi.controller.ArticleController    : 获取最新文章: limit=5
2026-02-18T21:02:12.696+08:00  INFO 29084 --- [yanshi-backend] [http-nio-8080-exec-6] c.yanshi.controller.ArticleController    : 查询文章列表: com.yanshi.dto.ArticleQueryDTO@7c79849c
2026-02-18T21:02:14.378+08:00  INFO 29084 --- [yanshi-backend] [http-nio-8080-exec-9] c.yanshi.controller.ArticleController    : 查询文章列表: com.yanshi.dto.ArticleQueryDTO@123d5480
2026-02-18T21:02:16.455+08:00  INFO 29084 --- [yanshi-backend] [http-nio-8080-exec-7] c.yanshi.controller.ArticleController    : 查询文章列表: com.yanshi.dto.ArticleQueryDTO@6c724312
2026-02-18T21:02:18.158+08:00  INFO 29084 --- [yanshi-backend] [http-nio-8080-exec-8] c.yanshi.controller.ArticleController    : 查询文章列表: com.yanshi.dto.ArticleQueryDTO@31240f51
2026-02-18T21:02:20.031+08:00  INFO 29084 --- [yanshi-backend] [http-nio-8080-exec-5] c.yanshi.controller.ArticleController    : 查询文章列表: com.yanshi.dto.ArticleQueryDTO@52c1e6fd
2026-02-18T21:02:21.670+08:00  INFO 29084 --- [yanshi-backend] [http-nio-8080-exec-2] c.yanshi.controller.ArticleController    : 查询文章列表: com.yanshi.dto.ArticleQueryDTO@116d6e24
2026-02-18T21:02:24.573+08:00  INFO 29084 --- [yanshi-backend] [http-nio-8080-exec-1] c.yanshi.controller.ArticleController    : 查询文章列表: com.yanshi.dto.ArticleQueryDTO@30b6db8b
2026-02-18T21:02:25.155+08:00  INFO 29084 --- [yanshi-backend] [http-nio-8080-exec-10] c.yanshi.controller.ArticleController    : 查询文章列表: com.yanshi.dto.ArticleQueryDTO@6db40180
2026-02-18T21:02:26.404+08:00  INFO 29084 --- [yanshi-backend] [http-nio-8080-exec-4] c.yanshi.controller.ArticleController    : 查询文章列表: com.yanshi.dto.ArticleQueryDTO@2c502fdf
2026-02-18T21:02:28.704+08:00  INFO 29084 --- [yanshi-backend] [http-nio-8080-exec-3] c.yanshi.controller.ArticleController    : 查询文章列表: com.yanshi.dto.ArticleQueryDTO@7735c318
2026-02-18T21:02:30.569+08:00  INFO 29084 --- [yanshi-backend] [http-nio-8080-exec-6] c.yanshi.controller.ArticleController    : 查询文章列表: com.yanshi.dto.ArticleQueryDTO@3e0ab622
2026-02-18T21:02:31.889+08:00  INFO 29084 --- [yanshi-backend] [http-nio-8080-exec-9] c.yanshi.controller.ArticleController    : 查询文章列表: com.yanshi.dto.ArticleQueryDTO@aee06f6
2026-02-18T21:02:37.359+08:00  INFO 29084 --- [yanshi-backend] [http-nio-8080-exec-7] c.yanshi.controller.ArticleController    : 查询文章列表: com.yanshi.dto.ArticleQueryDTO@39583db6
2026-02-18T21:02:42.052+08:00  INFO 29084 --- [yanshi-backend] [http-nio-8080-exec-8] c.y.controller.KnowledgePointController  : 分页查询知识点: page=1, pageSize=20, type=, category=
2026-02-18T21:02:42.900+08:00  INFO 29084 --- [yanshi-backend] [http-nio-8080-exec-5] c.y.controller.KnowledgePointController  : 分页查询知识点: page=1, pageSize=200, type=null, category=null
2026-02-18T21:02:44.965+08:00  INFO 29084 --- [yanshi-backend] [http-nio-8080-exec-2] c.y.controller.KnowledgePointController  : 分页查询知识点: page=1, pageSize=500, type=null, category=null
2026-02-18T21:02:46.984+08:00  INFO 29084 --- [yanshi-backend] [http-nio-8080-exec-1] c.y.controller.KnowledgePointController  : 分页查询知识点: page=1, pageSize=100, type=null, category=null
2026-02-18T21:02:48.111+08:00  INFO 29084 --- [yanshi-backend] [http-nio-8080-exec-10] c.y.controller.KnowledgePointController  : 分页查询知识点: page=1, pageSize=500, type=null, category=null
2026-02-18T21:02:51.554+08:00  INFO 29084 --- [yanshi-backend] [http-nio-8080-exec-4] c.y.controller.KnowledgePointController  : 分页查询知识点: page=1, pageSize=500, type=null, category=null
2026-02-18T21:02:53.785+08:00  INFO 29084 --- [yanshi-backend] [http-nio-8080-exec-3] c.y.controller.KnowledgePointController  : 分页查询知识点: page=1, pageSize=500, type=null, category=null
2026-02-18T21:02:54.535+08:00  INFO 29084 --- [yanshi-backend] [http-nio-8080-exec-6] c.y.controller.KnowledgePointController  : 分页查询知识点: page=1, pageSize=500, type=null, category=null
2026-02-18T21:02:54.938+08:00  INFO 29084 --- [yanshi-backend] [http-nio-8080-exec-9] c.y.controller.KnowledgePointController  : 分页查询知识点: page=1, pageSize=500, type=null, category=null
2026-02-18T21:02:55.146+08:00  INFO 29084 --- [yanshi-backend] [http-nio-8080-exec-7] c.y.controller.KnowledgePointController  : 分页查询知识点: page=1, pageSize=500, type=null, category=null
2026-02-18T21:02:55.327+08:00  INFO 29084 --- [yanshi-backend] [http-nio-8080-exec-8] c.y.controller.KnowledgePointController  : 分页查询知识点: page=1, pageSize=500, type=null, category=null
2026-02-18T21:02:55.501+08:00  INFO 29084 --- [yanshi-backend] [http-nio-8080-exec-5] c.y.controller.KnowledgePointController  : 分页查询知识点: page=1, pageSize=500, type=null, category=null
2026-02-18T21:02:55.662+08:00  INFO 29084 --- [yanshi-backend] [http-nio-8080-exec-2] c.y.controller.KnowledgePointController  : 分页查询知识点: page=1, pageSize=500, type=null, category=null
2026-02-18T21:02:55.857+08:00  INFO 29084 --- [yanshi-backend] [http-nio-8080-exec-1] c.y.controller.KnowledgePointController  : 分页查询知识点: page=1, pageSize=500, type=null, category=null
2026-02-18T21:02:56.018+08:00  INFO 29084 --- [yanshi-backend] [http-nio-8080-exec-10] c.y.controller.KnowledgePointController  : 分页查询知识点: page=1, pageSize=500, type=null, category=null
2026-02-18T21:02:57.140+08:00  INFO 29084 --- [yanshi-backend] [http-nio-8080-exec-4] c.y.controller.KnowledgePointController  : 分页查询知识点: page=1, pageSize=500, type=null, category=null
2026-02-18T21:02:57.327+08:00  INFO 29084 --- [yanshi-backend] [http-nio-8080-exec-3] c.y.controller.KnowledgePointController  : 分页查询知识点: page=1, pageSize=500, type=null, category=null
2026-02-18T21:02:57.519+08:00  INFO 29084 --- [yanshi-backend] [http-nio-8080-exec-6] c.y.controller.KnowledgePointController  : 分页查询知识点: page=1, pageSize=500, type=null, category=null
2026-02-18T21:02:57.704+08:00  INFO 29084 --- [yanshi-backend] [http-nio-8080-exec-9] c.y.controller.KnowledgePointController  : 分页查询知识点: page=1, pageSize=500, type=null, category=null
2026-02-18T21:03:12.412+08:00  INFO 29084 --- [yanshi-backend] [http-nio-8080-exec-7] c.y.controller.KnowledgePointController  : 分页查询知识点: page=1, pageSize=500, type=null, category=经济
2026-02-18T21:03:13.693+08:00  INFO 29084 --- [yanshi-backend] [http-nio-8080-exec-8] c.y.controller.KnowledgePointController  : 分页查询知识点: page=1, pageSize=500, type=null, category=政治
2026-02-18T21:03:14.835+08:00  INFO 29084 --- [yanshi-backend] [http-nio-8080-exec-5] c.y.controller.KnowledgePointController  : 分页查询知识点: page=1, pageSize=500, type=null, category=社会
2026-02-18T21:03:15.932+08:00  INFO 29084 --- [yanshi-backend] [http-nio-8080-exec-2] c.y.controller.KnowledgePointController  : 分页查询知识点: page=1, pageSize=500, type=null, category=null
2026-02-18T21:03:17.138+08:00  INFO 29084 --- [yanshi-backend] [http-nio-8080-exec-1] c.y.controller.KnowledgePointController  : 分页查询知识点: page=1, pageSize=500, type=null, category=外交
2026-02-18T21:03:18.800+08:00  INFO 29084 --- [yanshi-backend] [http-nio-8080-exec-10] c.y.controller.KnowledgePointController  : 分页查询知识点: page=1, pageSize=500, type=null, category=外交
2026-02-18T21:03:20.130+08:00  INFO 29084 --- [yanshi-backend] [http-nio-8080-exec-4] c.y.controller.KnowledgePointController  : 分页查询知识点: page=1, pageSize=500, type=null, category=null
2026-02-18T21:03:21.297+08:00  INFO 29084 --- [yanshi-backend] [http-nio-8080-exec-6] c.yanshi.controller.ArticleController    : 按来源统计文章
2026-02-18T21:03:21.297+08:00  INFO 29084 --- [yanshi-backend] [http-nio-8080-exec-3] c.yanshi.controller.ArticleController    : 获取文章统计信息
2026-02-18T21:03:21.297+08:00  INFO 29084 --- [yanshi-backend] [http-nio-8080-exec-9] c.yanshi.controller.ArticleController    : 按分类统计文章
2026-02-18T21:03:21.297+08:00  INFO 29084 --- [yanshi-backend] [http-nio-8080-exec-7] c.yanshi.controller.ArticleController    : 按日期统计文章: startDate=null, endDate=null
2026-02-18T21:03:21.300+08:00 ERROR 29084 --- [yanshi-backend] [http-nio-8080-exec-3] c.y.service.impl.ArticleServiceImpl      : 获取日期范围失败

java.lang.ClassCastException: class java.sql.Date cannot be cast to class java.time.LocalDate (java.sql.Date is in module java.sql of loader 'platform'; java.time.LocalDate is in module java.base of loader 'bootstrap')
	at com.yanshi.service.impl.ArticleServiceImpl.getStatistics(ArticleServiceImpl.java:75) ~[classes/:na]
	at java.base/jdk.internal.reflect.NativeMethodAccessorImpl.invoke0(Native Method) ~[na:na]
	at java.base/jdk.internal.reflect.NativeMethodAccessorImpl.invoke(NativeMethodAccessorImpl.java:77) ~[na:na]
	at java.base/jdk.internal.reflect.DelegatingMethodAccessorImpl.invoke(DelegatingMethodAccessorImpl.java:43) ~[na:na]
	at java.base/java.lang.reflect.Method.invoke(Method.java:568) ~[na:na]
	at org.springframework.aop.support.AopUtils.invokeJoinpointUsingReflection(AopUtils.java:351) ~[spring-aop-6.1.3.jar:6.1.3]
	at org.springframework.aop.framework.CglibAopProxy$DynamicAdvisedInterceptor.intercept(CglibAopProxy.java:713) ~[spring-aop-6.1.3.jar:6.1.3]
	at com.yanshi.service.impl.ArticleServiceImpl$$SpringCGLIB$$0.getStatistics(<generated>) ~[classes/:na]
	at com.yanshi.controller.ArticleController.getStatistics(ArticleController.java:66) ~[classes/:na]
	at java.base/jdk.internal.reflect.NativeMethodAccessorImpl.invoke0(Native Method) ~[na:na]
	at java.base/jdk.internal.reflect.NativeMethodAccessorImpl.invoke(NativeMethodAccessorImpl.java:77) ~[na:na]
	at java.base/jdk.internal.reflect.DelegatingMethodAccessorImpl.invoke(DelegatingMethodAccessorImpl.java:43) ~[na:na]
	at java.base/java.lang.reflect.Method.invoke(Method.java:568) ~[na:na]
	at org.springframework.web.method.support.InvocableHandlerMethod.doInvoke(InvocableHandlerMethod.java:261) ~[spring-web-6.1.3.jar:6.1.3]
	at org.springframework.web.method.support.InvocableHandlerMethod.invokeForRequest(InvocableHandlerMethod.java:189) ~[spring-web-6.1.3.jar:6.1.3]
	at org.springframework.web.servlet.mvc.method.annotation.ServletInvocableHandlerMethod.invokeAndHandle(ServletInvocableHandlerMethod.java:118) ~[spring-webmvc-6.1.3.jar:6.1.3]
	at org.springframework.web.servlet.mvc.method.annotation.RequestMappingHandlerAdapter.invokeHandlerMethod(RequestMappingHandlerAdapter.java:917) ~[spring-webmvc-6.1.3.jar:6.1.3]
	at org.springframework.web.servlet.mvc.method.annotation.RequestMappingHandlerAdapter.handleInternal(RequestMappingHandlerAdapter.java:829) ~[spring-webmvc-6.1.3.jar:6.1.3]
	at org.springframework.web.servlet.mvc.method.AbstractHandlerMethodAdapter.handle(AbstractHandlerMethodAdapter.java:87) ~[spring-webmvc-6.1.3.jar:6.1.3]
	at org.springframework.web.servlet.DispatcherServlet.doDispatch(DispatcherServlet.java:1089) ~[spring-webmvc-6.1.3.jar:6.1.3]
	at org.springframework.web.servlet.DispatcherServlet.doService(DispatcherServlet.java:979) ~[spring-webmvc-6.1.3.jar:6.1.3]
	at org.springframework.web.servlet.FrameworkServlet.processRequest(FrameworkServlet.java:1014) ~[spring-webmvc-6.1.3.jar:6.1.3]
	at org.springframework.web.servlet.FrameworkServlet.doGet(FrameworkServlet.java:903) ~[spring-webmvc-6.1.3.jar:6.1.3]
	at jakarta.servlet.http.HttpServlet.service(HttpServlet.java:564) ~[tomcat-embed-core-10.1.18.jar:6.0]
	at org.springframework.web.servlet.FrameworkServlet.service(FrameworkServlet.java:885) ~[spring-webmvc-6.1.3.jar:6.1.3]
	at jakarta.servlet.http.HttpServlet.service(HttpServlet.java:658) ~[tomcat-embed-core-10.1.18.jar:6.0]
	at org.apache.catalina.core.ApplicationFilterChain.internalDoFilter(ApplicationFilterChain.java:205) ~[tomcat-embed-core-10.1.18.jar:10.1.18]
	at org.apache.catalina.core.ApplicationFilterChain.doFilter(ApplicationFilterChain.java:149) ~[tomcat-embed-core-10.1.18.jar:10.1.18]
	at org.apache.tomcat.websocket.server.WsFilter.doFilter(WsFilter.java:51) ~[tomcat-embed-websocket-10.1.18.jar:10.1.18]
	at org.apache.catalina.core.ApplicationFilterChain.internalDoFilter(ApplicationFilterChain.java:174) ~[tomcat-embed-core-10.1.18.jar:10.1.18]
	at org.apache.catalina.core.ApplicationFilterChain.doFilter(ApplicationFilterChain.java:149) ~[tomcat-embed-core-10.1.18.jar:10.1.18]
	at org.springframework.web.filter.RequestContextFilter.doFilterInternal(RequestContextFilter.java:100) ~[spring-web-6.1.3.jar:6.1.3]
	at org.springframework.web.filter.OncePerRequestFilter.doFilter(OncePerRequestFilter.java:116) ~[spring-web-6.1.3.jar:6.1.3]
	at org.apache.catalina.core.ApplicationFilterChain.internalDoFilter(ApplicationFilterChain.java:174) ~[tomcat-embed-core-10.1.18.jar:10.1.18]
	at org.apache.catalina.core.ApplicationFilterChain.doFilter(ApplicationFilterChain.java:149) ~[tomcat-embed-core-10.1.18.jar:10.1.18]
	at org.springframework.web.filter.FormContentFilter.doFilterInternal(FormContentFilter.java:93) ~[spring-web-6.1.3.jar:6.1.3]
	at org.springframework.web.filter.OncePerRequestFilter.doFilter(OncePerRequestFilter.java:116) ~[spring-web-6.1.3.jar:6.1.3]
	at org.apache.catalina.core.ApplicationFilterChain.internalDoFilter(ApplicationFilterChain.java:174) ~[tomcat-embed-core-10.1.18.jar:10.1.18]
	at org.apache.catalina.core.ApplicationFilterChain.doFilter(ApplicationFilterChain.java:149) ~[tomcat-embed-core-10.1.18.jar:10.1.18]
	at org.springframework.web.filter.CharacterEncodingFilter.doFilterInternal(CharacterEncodingFilter.java:201) ~[spring-web-6.1.3.jar:6.1.3]
	at org.springframework.web.filter.OncePerRequestFilter.doFilter(OncePerRequestFilter.java:116) ~[spring-web-6.1.3.jar:6.1.3]
	at org.apache.catalina.core.ApplicationFilterChain.internalDoFilter(ApplicationFilterChain.java:174) ~[tomcat-embed-core-10.1.18.jar:10.1.18]
	at org.apache.catalina.core.ApplicationFilterChain.doFilter(ApplicationFilterChain.java:149) ~[tomcat-embed-core-10.1.18.jar:10.1.18]
	at org.apache.catalina.core.StandardWrapperValve.invoke(StandardWrapperValve.java:167) ~[tomcat-embed-core-10.1.18.jar:10.1.18]
	at org.apache.catalina.core.StandardContextValve.invoke(StandardContextValve.java:90) ~[tomcat-embed-core-10.1.18.jar:10.1.18]
	at org.apache.catalina.authenticator.AuthenticatorBase.invoke(AuthenticatorBase.java:482) ~[tomcat-embed-core-10.1.18.jar:10.1.18]
	at org.apache.catalina.core.StandardHostValve.invoke(StandardHostValve.java:115) ~[tomcat-embed-core-10.1.18.jar:10.1.18]
	at org.apache.catalina.valves.ErrorReportValve.invoke(ErrorReportValve.java:93) ~[tomcat-embed-core-10.1.18.jar:10.1.18]
	at org.apache.catalina.core.StandardEngineValve.invoke(StandardEngineValve.java:74) ~[tomcat-embed-core-10.1.18.jar:10.1.18]
	at org.apache.catalina.connector.CoyoteAdapter.service(CoyoteAdapter.java:340) ~[tomcat-embed-core-10.1.18.jar:10.1.18]
	at org.apache.coyote.http11.Http11Processor.service(Http11Processor.java:391) ~[tomcat-embed-core-10.1.18.jar:10.1.18]
	at org.apache.coyote.AbstractProcessorLight.process(AbstractProcessorLight.java:63) ~[tomcat-embed-core-10.1.18.jar:10.1.18]
	at org.apache.coyote.AbstractProtocol$ConnectionHandler.process(AbstractProtocol.java:896) ~[tomcat-embed-core-10.1.18.jar:10.1.18]
	at org.apache.tomcat.util.net.NioEndpoint$SocketProcessor.doRun(NioEndpoint.java:1744) ~[tomcat-embed-core-10.1.18.jar:10.1.18]
	at org.apache.tomcat.util.net.SocketProcessorBase.run(SocketProcessorBase.java:52) ~[tomcat-embed-core-10.1.18.jar:10.1.18]
	at org.apache.tomcat.util.threads.ThreadPoolExecutor.runWorker(ThreadPoolExecutor.java:1191) ~[tomcat-embed-core-10.1.18.jar:10.1.18]
	at org.apache.tomcat.util.threads.ThreadPoolExecutor$Worker.run(ThreadPoolExecutor.java:659) ~[tomcat-embed-core-10.1.18.jar:10.1.18]
	at org.apache.tomcat.util.threads.TaskThread$WrappingRunnable.run(TaskThread.java:61) ~[tomcat-embed-core-10.1.18.jar:10.1.18]
	at java.base/java.lang.Thread.run(Thread.java:833) ~[na:na]

2026-02-18T21:03:25.706+08:00  INFO 29084 --- [yanshi-backend] [http-nio-8080-exec-1] c.yanshi.controller.ArticleController    : 按来源统计文章
2026-02-18T21:03:25.706+08:00  INFO 29084 --- [yanshi-backend] [http-nio-8080-exec-2] c.yanshi.controller.ArticleController    : 查询文章列表: com.yanshi.dto.ArticleQueryDTO@77371a7a
2026-02-18T21:03:25.706+08:00  INFO 29084 --- [yanshi-backend] [http-nio-8080-exec-8] c.yanshi.controller.ArticleController    : 获取最新文章: limit=5
2026-02-18T21:03:25.706+08:00  INFO 29084 --- [yanshi-backend] [http-nio-8080-exec-5] c.yanshi.controller.ArticleController    : 按分类统计文章
2026-02-18T21:03:27.616+08:00  INFO 29084 --- [yanshi-backend] [http-nio-8080-exec-10] c.yanshi.controller.ArticleController    : 查询文章详情: id=1305
2026-02-18T21:03:29.030+08:00  INFO 29084 --- [yanshi-backend] [http-nio-8080-exec-4] c.yanshi.controller.ArticleController    : 按来源统计文章
2026-02-18T21:03:29.030+08:00  INFO 29084 --- [yanshi-backend] [http-nio-8080-exec-9] c.yanshi.controller.ArticleController    : 按分类统计文章
2026-02-18T21:03:29.030+08:00  INFO 29084 --- [yanshi-backend] [http-nio-8080-exec-6] c.yanshi.controller.ArticleController    : 查询文章列表: com.yanshi.dto.ArticleQueryDTO@740c3af4
2026-02-18T21:03:29.030+08:00  INFO 29084 --- [yanshi-backend] [http-nio-8080-exec-7] c.yanshi.controller.ArticleController    : 获取最新文章: limit=5
2026-02-18T21:05:03.336+08:00  INFO 29084 --- [yanshi-backend] [http-nio-8080-exec-3] c.y.controller.KnowledgePointController  : 分页查询知识点: page=1, pageSize=20, type=, category=
2026-02-18T21:05:04.879+08:00  INFO 29084 --- [yanshi-backend] [http-nio-8080-exec-5] c.y.controller.KnowledgePointController  : 分页查询知识点: page=1, pageSize=20, type=, category=
2026-02-18T21:05:05.889+08:00  INFO 29084 --- [yanshi-backend] [http-nio-8080-exec-1] c.y.controller.KnowledgePointController  : 分页查询知识点: page=1, pageSize=200, type=null, category=null
2026-02-18T21:05:09.423+08:00  INFO 29084 --- [yanshi-backend] [http-nio-8080-exec-2] c.yanshi.controller.ArticleController    : 按来源统计文章
2026-02-18T21:05:09.423+08:00  INFO 29084 --- [yanshi-backend] [http-nio-8080-exec-8] c.yanshi.controller.ArticleController    : 按分类统计文章
2026-02-18T21:05:09.423+08:00  INFO 29084 --- [yanshi-backend] [http-nio-8080-exec-9] c.yanshi.controller.ArticleController    : 获取最新文章: limit=5
2026-02-18T21:05:09.424+08:00  INFO 29084 --- [yanshi-backend] [http-nio-8080-exec-10] c.yanshi.controller.ArticleController    : 查询文章列表: com.yanshi.dto.ArticleQueryDTO@297835e4
2026-02-18T21:05:10.864+08:00  INFO 29084 --- [yanshi-backend] [http-nio-8080-exec-4] c.yanshi.controller.ArticleController    : 按来源统计文章
2026-02-18T21:05:10.864+08:00  INFO 29084 --- [yanshi-backend] [http-nio-8080-exec-7] c.yanshi.controller.ArticleController    : 按分类统计文章
2026-02-18T21:05:10.864+08:00  INFO 29084 --- [yanshi-backend] [http-nio-8080-exec-6] c.yanshi.controller.ArticleController    : 查询文章列表: com.yanshi.dto.ArticleQueryDTO@42e17b0e
2026-02-18T21:05:10.864+08:00  INFO 29084 --- [yanshi-backend] [http-nio-8080-exec-3] c.yanshi.controller.ArticleController    : 获取最新文章: limit=5
2026-02-18T21:05:16.155+08:00  INFO 29084 --- [yanshi-backend] [http-nio-8080-exec-5] c.yanshi.controller.ArticleController    : 查询文章详情: id=1306
2026-02-18T21:05:18.252+08:00  INFO 29084 --- [yanshi-backend] [http-nio-8080-exec-1] c.yanshi.controller.ArticleController    : 按来源统计文章
2026-02-18T21:05:18.252+08:00  INFO 29084 --- [yanshi-backend] [http-nio-8080-exec-2] c.yanshi.controller.ArticleController    : 按分类统计文章
2026-02-18T21:05:18.252+08:00  INFO 29084 --- [yanshi-backend] [http-nio-8080-exec-8] c.yanshi.controller.ArticleController    : 查询文章列表: com.yanshi.dto.ArticleQueryDTO@731ad635
2026-02-18T21:05:18.252+08:00  INFO 29084 --- [yanshi-backend] [http-nio-8080-exec-9] c.yanshi.controller.ArticleController    : 获取最新文章: limit=5
2026-02-18T21:05:19.304+08:00  INFO 29084 --- [yanshi-backend] [http-nio-8080-exec-10] c.yanshi.controller.ArticleController    : 查询文章详情: id=1506
2026-02-18T21:05:20.426+08:00  INFO 29084 --- [yanshi-backend] [http-nio-8080-exec-7] c.yanshi.controller.ArticleController    : 按分类统计文章
2026-02-18T21:05:20.426+08:00  INFO 29084 --- [yanshi-backend] [http-nio-8080-exec-6] c.yanshi.controller.ArticleController    : 获取最新文章: limit=5
2026-02-18T21:05:20.426+08:00  INFO 29084 --- [yanshi-backend] [http-nio-8080-exec-4] c.yanshi.controller.ArticleController    : 按来源统计文章
2026-02-18T21:05:20.426+08:00  INFO 29084 --- [yanshi-backend] [http-nio-8080-exec-3] c.yanshi.controller.ArticleController    : 查询文章列表: com.yanshi.dto.ArticleQueryDTO@1531dd92
2026-02-18T21:07:03.652+08:00  INFO 29084 --- [yanshi-backend] [http-nio-8080-exec-5] c.yanshi.controller.ArticleController    : 按来源统计文章
2026-02-18T21:07:03.652+08:00  INFO 29084 --- [yanshi-backend] [http-nio-8080-exec-1] c.yanshi.controller.ArticleController    : 按分类统计文章
2026-02-18T21:07:03.653+08:00  INFO 29084 --- [yanshi-backend] [http-nio-8080-exec-8] c.yanshi.controller.ArticleController    : 获取最新文章: limit=5
2026-02-18T21:07:03.653+08:00  INFO 29084 --- [yanshi-backend] [http-nio-8080-exec-2] c.yanshi.controller.ArticleController    : 查询文章列表: com.yanshi.dto.ArticleQueryDTO@7610a363
2026-02-18T21:07:04.547+08:00  INFO 29084 --- [yanshi-backend] [http-nio-8080-exec-9] c.yanshi.controller.ArticleController    : 查询文章详情: id=1500
2026-02-18T21:07:05.762+08:00  INFO 29084 --- [yanshi-backend] [http-nio-8080-exec-4] c.yanshi.controller.ArticleController    : 按分类统计文章
2026-02-18T21:07:05.762+08:00  INFO 29084 --- [yanshi-backend] [http-nio-8080-exec-10] c.yanshi.controller.ArticleController    : 按来源统计文章
2026-02-18T21:07:05.762+08:00  INFO 29084 --- [yanshi-backend] [http-nio-8080-exec-6] c.yanshi.controller.ArticleController    : 获取最新文章: limit=5
2026-02-18T21:07:05.762+08:00  INFO 29084 --- [yanshi-backend] [http-nio-8080-exec-7] c.yanshi.controller.ArticleController    : 查询文章列表: com.yanshi.dto.ArticleQueryDTO@335753d5
2026-02-18T21:07:06.556+08:00  INFO 29084 --- [yanshi-backend] [http-nio-8080-exec-3] c.yanshi.controller.ArticleController    : 查询文章详情: id=1502
2026-02-18T21:07:07.754+08:00  INFO 29084 --- [yanshi-backend] [http-nio-8080-exec-5] c.yanshi.controller.ArticleController    : 按来源统计文章
2026-02-18T21:07:07.754+08:00  INFO 29084 --- [yanshi-backend] [http-nio-8080-exec-1] c.yanshi.controller.ArticleController    : 按分类统计文章
2026-02-18T21:07:07.754+08:00  INFO 29084 --- [yanshi-backend] [http-nio-8080-exec-2] c.yanshi.controller.ArticleController    : 获取最新文章: limit=5
2026-02-18T21:07:07.754+08:00  INFO 29084 --- [yanshi-backend] [http-nio-8080-exec-8] c.yanshi.controller.ArticleController    : 查询文章列表: com.yanshi.dto.ArticleQueryDTO@54e2f95c
2026-02-18T21:07:08.576+08:00  INFO 29084 --- [yanshi-backend] [http-nio-8080-exec-9] c.y.controller.KnowledgePointController  : 分页查询知识点: page=1, pageSize=20, type=, category=
2026-02-18T21:07:09.642+08:00  INFO 29084 --- [yanshi-backend] [http-nio-8080-exec-4] c.y.controller.KnowledgePointController  : 分页查询知识点: page=1, pageSize=200, type=null, category=null
2026-02-18T21:07:11.872+08:00  INFO 29084 --- [yanshi-backend] [http-nio-8080-exec-10] c.y.controller.KnowledgePointController  : 分页查询知识点: page=1, pageSize=20, type=, category=
2026-02-18T21:07:13.894+08:00  INFO 29084 --- [yanshi-backend] [http-nio-8080-exec-6] c.y.controller.KnowledgePointController  : 获取知识点关联的文章: id=14
2026-02-18T21:07:14.640+08:00  INFO 29084 --- [yanshi-backend] [http-nio-8080-exec-7] c.y.controller.KnowledgePointController  : 获取知识点关联的文章: id=14
2026-02-18T21:07:15.117+08:00  INFO 29084 --- [yanshi-backend] [http-nio-8080-exec-3] c.y.controller.KnowledgePointController  : 获取知识点关联的文章: id=14
2026-02-18T21:07:15.277+08:00  INFO 29084 --- [yanshi-backend] [http-nio-8080-exec-5] c.y.controller.KnowledgePointController  : 获取知识点关联的文章: id=14
2026-02-18T21:07:15.428+08:00  INFO 29084 --- [yanshi-backend] [http-nio-8080-exec-1] c.y.controller.KnowledgePointController  : 获取知识点关联的文章: id=14
2026-02-18T21:07:18.574+08:00  INFO 29084 --- [yanshi-backend] [http-nio-8080-exec-8] c.yanshi.controller.ArticleController    : 获取文章统计信息
2026-02-18T21:07:18.574+08:00  INFO 29084 --- [yanshi-backend] [http-nio-8080-exec-2] c.yanshi.controller.ArticleController    : 按来源统计文章
2026-02-18T21:07:18.574+08:00  INFO 29084 --- [yanshi-backend] [http-nio-8080-exec-4] c.yanshi.controller.ArticleController    : 按日期统计文章: startDate=null, endDate=null
2026-02-18T21:07:18.575+08:00  INFO 29084 --- [yanshi-backend] [http-nio-8080-exec-9] c.yanshi.controller.ArticleController    : 按分类统计文章
2026-02-18T21:07:18.577+08:00 ERROR 29084 --- [yanshi-backend] [http-nio-8080-exec-8] c.y.service.impl.ArticleServiceImpl      : 获取日期范围失败

java.lang.ClassCastException: class java.sql.Date cannot be cast to class java.time.LocalDate (java.sql.Date is in module java.sql of loader 'platform'; java.time.LocalDate is in module java.base of loader 'bootstrap')
	at com.yanshi.service.impl.ArticleServiceImpl.getStatistics(ArticleServiceImpl.java:75) ~[classes/:na]
	at java.base/jdk.internal.reflect.NativeMethodAccessorImpl.invoke0(Native Method) ~[na:na]
	at java.base/jdk.internal.reflect.NativeMethodAccessorImpl.invoke(NativeMethodAccessorImpl.java:77) ~[na:na]
	at java.base/jdk.internal.reflect.DelegatingMethodAccessorImpl.invoke(DelegatingMethodAccessorImpl.java:43) ~[na:na]
	at java.base/java.lang.reflect.Method.invoke(Method.java:568) ~[na:na]
	at org.springframework.aop.support.AopUtils.invokeJoinpointUsingReflection(AopUtils.java:351) ~[spring-aop-6.1.3.jar:6.1.3]
	at org.springframework.aop.framework.CglibAopProxy$DynamicAdvisedInterceptor.intercept(CglibAopProxy.java:713) ~[spring-aop-6.1.3.jar:6.1.3]
	at com.yanshi.service.impl.ArticleServiceImpl$$SpringCGLIB$$0.getStatistics(<generated>) ~[classes/:na]
	at com.yanshi.controller.ArticleController.getStatistics(ArticleController.java:66) ~[classes/:na]
	at java.base/jdk.internal.reflect.NativeMethodAccessorImpl.invoke0(Native Method) ~[na:na]
	at java.base/jdk.internal.reflect.NativeMethodAccessorImpl.invoke(NativeMethodAccessorImpl.java:77) ~[na:na]
	at java.base/jdk.internal.reflect.DelegatingMethodAccessorImpl.invoke(DelegatingMethodAccessorImpl.java:43) ~[na:na]
	at java.base/java.lang.reflect.Method.invoke(Method.java:568) ~[na:na]
	at org.springframework.web.method.support.InvocableHandlerMethod.doInvoke(InvocableHandlerMethod.java:261) ~[spring-web-6.1.3.jar:6.1.3]
	at org.springframework.web.method.support.InvocableHandlerMethod.invokeForRequest(InvocableHandlerMethod.java:189) ~[spring-web-6.1.3.jar:6.1.3]
	at org.springframework.web.servlet.mvc.method.annotation.ServletInvocableHandlerMethod.invokeAndHandle(ServletInvocableHandlerMethod.java:118) ~[spring-webmvc-6.1.3.jar:6.1.3]
	at org.springframework.web.servlet.mvc.method.annotation.RequestMappingHandlerAdapter.invokeHandlerMethod(RequestMappingHandlerAdapter.java:917) ~[spring-webmvc-6.1.3.jar:6.1.3]
	at org.springframework.web.servlet.mvc.method.annotation.RequestMappingHandlerAdapter.handleInternal(RequestMappingHandlerAdapter.java:829) ~[spring-webmvc-6.1.3.jar:6.1.3]
	at org.springframework.web.servlet.mvc.method.AbstractHandlerMethodAdapter.handle(AbstractHandlerMethodAdapter.java:87) ~[spring-webmvc-6.1.3.jar:6.1.3]
	at org.springframework.web.servlet.DispatcherServlet.doDispatch(DispatcherServlet.java:1089) ~[spring-webmvc-6.1.3.jar:6.1.3]
	at org.springframework.web.servlet.DispatcherServlet.doService(DispatcherServlet.java:979) ~[spring-webmvc-6.1.3.jar:6.1.3]
	at org.springframework.web.servlet.FrameworkServlet.processRequest(FrameworkServlet.java:1014) ~[spring-webmvc-6.1.3.jar:6.1.3]
	at org.springframework.web.servlet.FrameworkServlet.doGet(FrameworkServlet.java:903) ~[spring-webmvc-6.1.3.jar:6.1.3]
	at jakarta.servlet.http.HttpServlet.service(HttpServlet.java:564) ~[tomcat-embed-core-10.1.18.jar:6.0]
	at org.springframework.web.servlet.FrameworkServlet.service(FrameworkServlet.java:885) ~[spring-webmvc-6.1.3.jar:6.1.3]
	at jakarta.servlet.http.HttpServlet.service(HttpServlet.java:658) ~[tomcat-embed-core-10.1.18.jar:6.0]
	at org.apache.catalina.core.ApplicationFilterChain.internalDoFilter(ApplicationFilterChain.java:205) ~[tomcat-embed-core-10.1.18.jar:10.1.18]
	at org.apache.catalina.core.ApplicationFilterChain.doFilter(ApplicationFilterChain.java:149) ~[tomcat-embed-core-10.1.18.jar:10.1.18]
	at org.apache.tomcat.websocket.server.WsFilter.doFilter(WsFilter.java:51) ~[tomcat-embed-websocket-10.1.18.jar:10.1.18]
	at org.apache.catalina.core.ApplicationFilterChain.internalDoFilter(ApplicationFilterChain.java:174) ~[tomcat-embed-core-10.1.18.jar:10.1.18]
	at org.apache.catalina.core.ApplicationFilterChain.doFilter(ApplicationFilterChain.java:149) ~[tomcat-embed-core-10.1.18.jar:10.1.18]
	at org.springframework.web.filter.RequestContextFilter.doFilterInternal(RequestContextFilter.java:100) ~[spring-web-6.1.3.jar:6.1.3]
	at org.springframework.web.filter.OncePerRequestFilter.doFilter(OncePerRequestFilter.java:116) ~[spring-web-6.1.3.jar:6.1.3]
	at org.apache.catalina.core.ApplicationFilterChain.internalDoFilter(ApplicationFilterChain.java:174) ~[tomcat-embed-core-10.1.18.jar:10.1.18]
	at org.apache.catalina.core.ApplicationFilterChain.doFilter(ApplicationFilterChain.java:149) ~[tomcat-embed-core-10.1.18.jar:10.1.18]
	at org.springframework.web.filter.FormContentFilter.doFilterInternal(FormContentFilter.java:93) ~[spring-web-6.1.3.jar:6.1.3]
	at org.springframework.web.filter.OncePerRequestFilter.doFilter(OncePerRequestFilter.java:116) ~[spring-web-6.1.3.jar:6.1.3]
	at org.apache.catalina.core.ApplicationFilterChain.internalDoFilter(ApplicationFilterChain.java:174) ~[tomcat-embed-core-10.1.18.jar:10.1.18]
	at org.apache.catalina.core.ApplicationFilterChain.doFilter(ApplicationFilterChain.java:149) ~[tomcat-embed-core-10.1.18.jar:10.1.18]
	at org.springframework.web.filter.CharacterEncodingFilter.doFilterInternal(CharacterEncodingFilter.java:201) ~[spring-web-6.1.3.jar:6.1.3]
	at org.springframework.web.filter.OncePerRequestFilter.doFilter(OncePerRequestFilter.java:116) ~[spring-web-6.1.3.jar:6.1.3]
	at org.apache.catalina.core.ApplicationFilterChain.internalDoFilter(ApplicationFilterChain.java:174) ~[tomcat-embed-core-10.1.18.jar:10.1.18]
	at org.apache.catalina.core.ApplicationFilterChain.doFilter(ApplicationFilterChain.java:149) ~[tomcat-embed-core-10.1.18.jar:10.1.18]
	at org.apache.catalina.core.StandardWrapperValve.invoke(StandardWrapperValve.java:167) ~[tomcat-embed-core-10.1.18.jar:10.1.18]
	at org.apache.catalina.core.StandardContextValve.invoke(StandardContextValve.java:90) ~[tomcat-embed-core-10.1.18.jar:10.1.18]
	at org.apache.catalina.authenticator.AuthenticatorBase.invoke(AuthenticatorBase.java:482) ~[tomcat-embed-core-10.1.18.jar:10.1.18]
	at org.apache.catalina.core.StandardHostValve.invoke(StandardHostValve.java:115) ~[tomcat-embed-core-10.1.18.jar:10.1.18]
	at org.apache.catalina.valves.ErrorReportValve.invoke(ErrorReportValve.java:93) ~[tomcat-embed-core-10.1.18.jar:10.1.18]
	at org.apache.catalina.core.StandardEngineValve.invoke(StandardEngineValve.java:74) ~[tomcat-embed-core-10.1.18.jar:10.1.18]
	at org.apache.catalina.connector.CoyoteAdapter.service(CoyoteAdapter.java:340) ~[tomcat-embed-core-10.1.18.jar:10.1.18]
	at org.apache.coyote.http11.Http11Processor.service(Http11Processor.java:391) ~[tomcat-embed-core-10.1.18.jar:10.1.18]
	at org.apache.coyote.AbstractProcessorLight.process(AbstractProcessorLight.java:63) ~[tomcat-embed-core-10.1.18.jar:10.1.18]
	at org.apache.coyote.AbstractProtocol$ConnectionHandler.process(AbstractProtocol.java:896) ~[tomcat-embed-core-10.1.18.jar:10.1.18]
	at org.apache.tomcat.util.net.NioEndpoint$SocketProcessor.doRun(NioEndpoint.java:1744) ~[tomcat-embed-core-10.1.18.jar:10.1.18]
	at org.apache.tomcat.util.net.SocketProcessorBase.run(SocketProcessorBase.java:52) ~[tomcat-embed-core-10.1.18.jar:10.1.18]
	at org.apache.tomcat.util.threads.ThreadPoolExecutor.runWorker(ThreadPoolExecutor.java:1191) ~[tomcat-embed-core-10.1.18.jar:10.1.18]
	at org.apache.tomcat.util.threads.ThreadPoolExecutor$Worker.run(ThreadPoolExecutor.java:659) ~[tomcat-embed-core-10.1.18.jar:10.1.18]
	at org.apache.tomcat.util.threads.TaskThread$WrappingRunnable.run(TaskThread.java:61) ~[tomcat-embed-core-10.1.18.jar:10.1.18]
	at java.base/java.lang.Thread.run(Thread.java:833) ~[na:na]

2026-02-18T21:07:21.392+08:00  INFO 29084 --- [yanshi-backend] [http-nio-8080-exec-6] c.yanshi.controller.ArticleController    : 按分类统计文章
2026-02-18T21:07:21.392+08:00  INFO 29084 --- [yanshi-backend] [http-nio-8080-exec-10] c.yanshi.controller.ArticleController    : 按来源统计文章
2026-02-18T21:07:21.393+08:00  INFO 29084 --- [yanshi-backend] [http-nio-8080-exec-7] c.yanshi.controller.ArticleController    : 查询文章列表: com.yanshi.dto.ArticleQueryDTO@360fe30a
2026-02-18T21:07:21.393+08:00  INFO 29084 --- [yanshi-backend] [http-nio-8080-exec-3] c.yanshi.controller.ArticleController    : 获取最新文章: limit=5
2026-02-18T21:07:23.269+08:00  INFO 29084 --- [yanshi-backend] [http-nio-8080-exec-5] c.yanshi.controller.ArticleController    : 获取文章统计信息
2026-02-18T21:07:23.269+08:00  INFO 29084 --- [yanshi-backend] [http-nio-8080-exec-2] c.yanshi.controller.ArticleController    : 按日期统计文章: startDate=null, endDate=null
2026-02-18T21:07:23.269+08:00  INFO 29084 --- [yanshi-backend] [http-nio-8080-exec-1] c.yanshi.controller.ArticleController    : 按来源统计文章
2026-02-18T21:07:23.269+08:00  INFO 29084 --- [yanshi-backend] [http-nio-8080-exec-9] c.yanshi.controller.ArticleController    : 按分类统计文章
2026-02-18T21:07:23.272+08:00 ERROR 29084 --- [yanshi-backend] [http-nio-8080-exec-5] c.y.service.impl.ArticleServiceImpl      : 获取日期范围失败

java.lang.ClassCastException: class java.sql.Date cannot be cast to class java.time.LocalDate (java.sql.Date is in module java.sql of loader 'platform'; java.time.LocalDate is in module java.base of loader 'bootstrap')
	at com.yanshi.service.impl.ArticleServiceImpl.getStatistics(ArticleServiceImpl.java:75) ~[classes/:na]
	at java.base/jdk.internal.reflect.NativeMethodAccessorImpl.invoke0(Native Method) ~[na:na]
	at java.base/jdk.internal.reflect.NativeMethodAccessorImpl.invoke(NativeMethodAccessorImpl.java:77) ~[na:na]
	at java.base/jdk.internal.reflect.DelegatingMethodAccessorImpl.invoke(DelegatingMethodAccessorImpl.java:43) ~[na:na]
	at java.base/java.lang.reflect.Method.invoke(Method.java:568) ~[na:na]
	at org.springframework.aop.support.AopUtils.invokeJoinpointUsingReflection(AopUtils.java:351) ~[spring-aop-6.1.3.jar:6.1.3]
	at org.springframework.aop.framework.CglibAopProxy$DynamicAdvisedInterceptor.intercept(CglibAopProxy.java:713) ~[spring-aop-6.1.3.jar:6.1.3]
	at com.yanshi.service.impl.ArticleServiceImpl$$SpringCGLIB$$0.getStatistics(<generated>) ~[classes/:na]
	at com.yanshi.controller.ArticleController.getStatistics(ArticleController.java:66) ~[classes/:na]
	at java.base/jdk.internal.reflect.NativeMethodAccessorImpl.invoke0(Native Method) ~[na:na]
	at java.base/jdk.internal.reflect.NativeMethodAccessorImpl.invoke(NativeMethodAccessorImpl.java:77) ~[na:na]
	at java.base/jdk.internal.reflect.DelegatingMethodAccessorImpl.invoke(DelegatingMethodAccessorImpl.java:43) ~[na:na]
	at java.base/java.lang.reflect.Method.invoke(Method.java:568) ~[na:na]
	at org.springframework.web.method.support.InvocableHandlerMethod.doInvoke(InvocableHandlerMethod.java:261) ~[spring-web-6.1.3.jar:6.1.3]
	at org.springframework.web.method.support.InvocableHandlerMethod.invokeForRequest(InvocableHandlerMethod.java:189) ~[spring-web-6.1.3.jar:6.1.3]
	at org.springframework.web.servlet.mvc.method.annotation.ServletInvocableHandlerMethod.invokeAndHandle(ServletInvocableHandlerMethod.java:118) ~[spring-webmvc-6.1.3.jar:6.1.3]
	at org.springframework.web.servlet.mvc.method.annotation.RequestMappingHandlerAdapter.invokeHandlerMethod(RequestMappingHandlerAdapter.java:917) ~[spring-webmvc-6.1.3.jar:6.1.3]
	at org.springframework.web.servlet.mvc.method.annotation.RequestMappingHandlerAdapter.handleInternal(RequestMappingHandlerAdapter.java:829) ~[spring-webmvc-6.1.3.jar:6.1.3]
	at org.springframework.web.servlet.mvc.method.AbstractHandlerMethodAdapter.handle(AbstractHandlerMethodAdapter.java:87) ~[spring-webmvc-6.1.3.jar:6.1.3]
	at org.springframework.web.servlet.DispatcherServlet.doDispatch(DispatcherServlet.java:1089) ~[spring-webmvc-6.1.3.jar:6.1.3]
	at org.springframework.web.servlet.DispatcherServlet.doService(DispatcherServlet.java:979) ~[spring-webmvc-6.1.3.jar:6.1.3]
	at org.springframework.web.servlet.FrameworkServlet.processRequest(FrameworkServlet.java:1014) ~[spring-webmvc-6.1.3.jar:6.1.3]
	at org.springframework.web.servlet.FrameworkServlet.doGet(FrameworkServlet.java:903) ~[spring-webmvc-6.1.3.jar:6.1.3]
	at jakarta.servlet.http.HttpServlet.service(HttpServlet.java:564) ~[tomcat-embed-core-10.1.18.jar:6.0]
	at org.springframework.web.servlet.FrameworkServlet.service(FrameworkServlet.java:885) ~[spring-webmvc-6.1.3.jar:6.1.3]
	at jakarta.servlet.http.HttpServlet.service(HttpServlet.java:658) ~[tomcat-embed-core-10.1.18.jar:6.0]
	at org.apache.catalina.core.ApplicationFilterChain.internalDoFilter(ApplicationFilterChain.java:205) ~[tomcat-embed-core-10.1.18.jar:10.1.18]
	at org.apache.catalina.core.ApplicationFilterChain.doFilter(ApplicationFilterChain.java:149) ~[tomcat-embed-core-10.1.18.jar:10.1.18]
	at org.apache.tomcat.websocket.server.WsFilter.doFilter(WsFilter.java:51) ~[tomcat-embed-websocket-10.1.18.jar:10.1.18]
	at org.apache.catalina.core.ApplicationFilterChain.internalDoFilter(ApplicationFilterChain.java:174) ~[tomcat-embed-core-10.1.18.jar:10.1.18]
	at org.apache.catalina.core.ApplicationFilterChain.doFilter(ApplicationFilterChain.java:149) ~[tomcat-embed-core-10.1.18.jar:10.1.18]
	at org.springframework.web.filter.RequestContextFilter.doFilterInternal(RequestContextFilter.java:100) ~[spring-web-6.1.3.jar:6.1.3]
	at org.springframework.web.filter.OncePerRequestFilter.doFilter(OncePerRequestFilter.java:116) ~[spring-web-6.1.3.jar:6.1.3]
	at org.apache.catalina.core.ApplicationFilterChain.internalDoFilter(ApplicationFilterChain.java:174) ~[tomcat-embed-core-10.1.18.jar:10.1.18]
	at org.apache.catalina.core.ApplicationFilterChain.doFilter(ApplicationFilterChain.java:149) ~[tomcat-embed-core-10.1.18.jar:10.1.18]
	at org.springframework.web.filter.FormContentFilter.doFilterInternal(FormContentFilter.java:93) ~[spring-web-6.1.3.jar:6.1.3]
	at org.springframework.web.filter.OncePerRequestFilter.doFilter(OncePerRequestFilter.java:116) ~[spring-web-6.1.3.jar:6.1.3]
	at org.apache.catalina.core.ApplicationFilterChain.internalDoFilter(ApplicationFilterChain.java:174) ~[tomcat-embed-core-10.1.18.jar:10.1.18]
	at org.apache.catalina.core.ApplicationFilterChain.doFilter(ApplicationFilterChain.java:149) ~[tomcat-embed-core-10.1.18.jar:10.1.18]
	at org.springframework.web.filter.CharacterEncodingFilter.doFilterInternal(CharacterEncodingFilter.java:201) ~[spring-web-6.1.3.jar:6.1.3]
	at org.springframework.web.filter.OncePerRequestFilter.doFilter(OncePerRequestFilter.java:116) ~[spring-web-6.1.3.jar:6.1.3]
	at org.apache.catalina.core.ApplicationFilterChain.internalDoFilter(ApplicationFilterChain.java:174) ~[tomcat-embed-core-10.1.18.jar:10.1.18]
	at org.apache.catalina.core.ApplicationFilterChain.doFilter(ApplicationFilterChain.java:149) ~[tomcat-embed-core-10.1.18.jar:10.1.18]
	at org.apache.catalina.core.StandardWrapperValve.invoke(StandardWrapperValve.java:167) ~[tomcat-embed-core-10.1.18.jar:10.1.18]
	at org.apache.catalina.core.StandardContextValve.invoke(StandardContextValve.java:90) ~[tomcat-embed-core-10.1.18.jar:10.1.18]
	at org.apache.catalina.authenticator.AuthenticatorBase.invoke(AuthenticatorBase.java:482) ~[tomcat-embed-core-10.1.18.jar:10.1.18]
	at org.apache.catalina.core.StandardHostValve.invoke(StandardHostValve.java:115) ~[tomcat-embed-core-10.1.18.jar:10.1.18]
	at org.apache.catalina.valves.ErrorReportValve.invoke(ErrorReportValve.java:93) ~[tomcat-embed-core-10.1.18.jar:10.1.18]
	at org.apache.catalina.core.StandardEngineValve.invoke(StandardEngineValve.java:74) ~[tomcat-embed-core-10.1.18.jar:10.1.18]
	at org.apache.catalina.connector.CoyoteAdapter.service(CoyoteAdapter.java:340) ~[tomcat-embed-core-10.1.18.jar:10.1.18]
	at org.apache.coyote.http11.Http11Processor.service(Http11Processor.java:391) ~[tomcat-embed-core-10.1.18.jar:10.1.18]
	at org.apache.coyote.AbstractProcessorLight.process(AbstractProcessorLight.java:63) ~[tomcat-embed-core-10.1.18.jar:10.1.18]
	at org.apache.coyote.AbstractProtocol$ConnectionHandler.process(AbstractProtocol.java:896) ~[tomcat-embed-core-10.1.18.jar:10.1.18]
	at org.apache.tomcat.util.net.NioEndpoint$SocketProcessor.doRun(NioEndpoint.java:1744) ~[tomcat-embed-core-10.1.18.jar:10.1.18]
	at org.apache.tomcat.util.net.SocketProcessorBase.run(SocketProcessorBase.java:52) ~[tomcat-embed-core-10.1.18.jar:10.1.18]
	at org.apache.tomcat.util.threads.ThreadPoolExecutor.runWorker(ThreadPoolExecutor.java:1191) ~[tomcat-embed-core-10.1.18.jar:10.1.18]
	at org.apache.tomcat.util.threads.ThreadPoolExecutor$Worker.run(ThreadPoolExecutor.java:659) ~[tomcat-embed-core-10.1.18.jar:10.1.18]
	at org.apache.tomcat.util.threads.TaskThread$WrappingRunnable.run(TaskThread.java:61) ~[tomcat-embed-core-10.1.18.jar:10.1.18]
	at java.base/java.lang.Thread.run(Thread.java:833) ~[na:na]

2026-02-18T21:25:34.956+08:00  INFO 29084 --- [yanshi-backend] [http-nio-8080-exec-10] c.yanshi.controller.ArticleController    : 按来源统计文章
2026-02-18T21:25:34.956+08:00  INFO 29084 --- [yanshi-backend] [http-nio-8080-exec-4] c.yanshi.controller.ArticleController    : 获取文章统计信息
2026-02-18T21:25:34.956+08:00  INFO 29084 --- [yanshi-backend] [http-nio-8080-exec-6] c.yanshi.controller.ArticleController    : 按分类统计文章
2026-02-18T21:25:34.956+08:00  INFO 29084 --- [yanshi-backend] [http-nio-8080-exec-8] c.yanshi.controller.ArticleController    : 按日期统计文章: startDate=null, endDate=null
2026-02-18T21:25:34.959+08:00 ERROR 29084 --- [yanshi-backend] [http-nio-8080-exec-4] c.y.service.impl.ArticleServiceImpl      : 获取日期范围失败

java.lang.ClassCastException: class java.sql.Date cannot be cast to class java.time.LocalDate (java.sql.Date is in module java.sql of loader 'platform'; java.time.LocalDate is in module java.base of loader 'bootstrap')
	at com.yanshi.service.impl.ArticleServiceImpl.getStatistics(ArticleServiceImpl.java:75) ~[classes/:na]
	at java.base/jdk.internal.reflect.NativeMethodAccessorImpl.invoke0(Native Method) ~[na:na]
	at java.base/jdk.internal.reflect.NativeMethodAccessorImpl.invoke(NativeMethodAccessorImpl.java:77) ~[na:na]
	at java.base/jdk.internal.reflect.DelegatingMethodAccessorImpl.invoke(DelegatingMethodAccessorImpl.java:43) ~[na:na]
	at java.base/java.lang.reflect.Method.invoke(Method.java:568) ~[na:na]
	at org.springframework.aop.support.AopUtils.invokeJoinpointUsingReflection(AopUtils.java:351) ~[spring-aop-6.1.3.jar:6.1.3]
	at org.springframework.aop.framework.CglibAopProxy$DynamicAdvisedInterceptor.intercept(CglibAopProxy.java:713) ~[spring-aop-6.1.3.jar:6.1.3]
	at com.yanshi.service.impl.ArticleServiceImpl$$SpringCGLIB$$0.getStatistics(<generated>) ~[classes/:na]
	at com.yanshi.controller.ArticleController.getStatistics(ArticleController.java:66) ~[classes/:na]
	at java.base/jdk.internal.reflect.NativeMethodAccessorImpl.invoke0(Native Method) ~[na:na]
	at java.base/jdk.internal.reflect.NativeMethodAccessorImpl.invoke(NativeMethodAccessorImpl.java:77) ~[na:na]
	at java.base/jdk.internal.reflect.DelegatingMethodAccessorImpl.invoke(DelegatingMethodAccessorImpl.java:43) ~[na:na]
	at java.base/java.lang.reflect.Method.invoke(Method.java:568) ~[na:na]
	at org.springframework.web.method.support.InvocableHandlerMethod.doInvoke(InvocableHandlerMethod.java:261) ~[spring-web-6.1.3.jar:6.1.3]
	at org.springframework.web.method.support.InvocableHandlerMethod.invokeForRequest(InvocableHandlerMethod.java:189) ~[spring-web-6.1.3.jar:6.1.3]
	at org.springframework.web.servlet.mvc.method.annotation.ServletInvocableHandlerMethod.invokeAndHandle(ServletInvocableHandlerMethod.java:118) ~[spring-webmvc-6.1.3.jar:6.1.3]
	at org.springframework.web.servlet.mvc.method.annotation.RequestMappingHandlerAdapter.invokeHandlerMethod(RequestMappingHandlerAdapter.java:917) ~[spring-webmvc-6.1.3.jar:6.1.3]
	at org.springframework.web.servlet.mvc.method.annotation.RequestMappingHandlerAdapter.handleInternal(RequestMappingHandlerAdapter.java:829) ~[spring-webmvc-6.1.3.jar:6.1.3]
	at org.springframework.web.servlet.mvc.method.AbstractHandlerMethodAdapter.handle(AbstractHandlerMethodAdapter.java:87) ~[spring-webmvc-6.1.3.jar:6.1.3]
	at org.springframework.web.servlet.DispatcherServlet.doDispatch(DispatcherServlet.java:1089) ~[spring-webmvc-6.1.3.jar:6.1.3]
	at org.springframework.web.servlet.DispatcherServlet.doService(DispatcherServlet.java:979) ~[spring-webmvc-6.1.3.jar:6.1.3]
	at org.springframework.web.servlet.FrameworkServlet.processRequest(FrameworkServlet.java:1014) ~[spring-webmvc-6.1.3.jar:6.1.3]
	at org.springframework.web.servlet.FrameworkServlet.doGet(FrameworkServlet.java:903) ~[spring-webmvc-6.1.3.jar:6.1.3]
	at jakarta.servlet.http.HttpServlet.service(HttpServlet.java:564) ~[tomcat-embed-core-10.1.18.jar:6.0]
	at org.springframework.web.servlet.FrameworkServlet.service(FrameworkServlet.java:885) ~[spring-webmvc-6.1.3.jar:6.1.3]
	at jakarta.servlet.http.HttpServlet.service(HttpServlet.java:658) ~[tomcat-embed-core-10.1.18.jar:6.0]
	at org.apache.catalina.core.ApplicationFilterChain.internalDoFilter(ApplicationFilterChain.java:205) ~[tomcat-embed-core-10.1.18.jar:10.1.18]
	at org.apache.catalina.core.ApplicationFilterChain.doFilter(ApplicationFilterChain.java:149) ~[tomcat-embed-core-10.1.18.jar:10.1.18]
	at org.apache.tomcat.websocket.server.WsFilter.doFilter(WsFilter.java:51) ~[tomcat-embed-websocket-10.1.18.jar:10.1.18]
	at org.apache.catalina.core.ApplicationFilterChain.internalDoFilter(ApplicationFilterChain.java:174) ~[tomcat-embed-core-10.1.18.jar:10.1.18]
	at org.apache.catalina.core.ApplicationFilterChain.doFilter(ApplicationFilterChain.java:149) ~[tomcat-embed-core-10.1.18.jar:10.1.18]
	at org.springframework.web.filter.RequestContextFilter.doFilterInternal(RequestContextFilter.java:100) ~[spring-web-6.1.3.jar:6.1.3]
	at org.springframework.web.filter.OncePerRequestFilter.doFilter(OncePerRequestFilter.java:116) ~[spring-web-6.1.3.jar:6.1.3]
	at org.apache.catalina.core.ApplicationFilterChain.internalDoFilter(ApplicationFilterChain.java:174) ~[tomcat-embed-core-10.1.18.jar:10.1.18]
	at org.apache.catalina.core.ApplicationFilterChain.doFilter(ApplicationFilterChain.java:149) ~[tomcat-embed-core-10.1.18.jar:10.1.18]
	at org.springframework.web.filter.FormContentFilter.doFilterInternal(FormContentFilter.java:93) ~[spring-web-6.1.3.jar:6.1.3]
	at org.springframework.web.filter.OncePerRequestFilter.doFilter(OncePerRequestFilter.java:116) ~[spring-web-6.1.3.jar:6.1.3]
	at org.apache.catalina.core.ApplicationFilterChain.internalDoFilter(ApplicationFilterChain.java:174) ~[tomcat-embed-core-10.1.18.jar:10.1.18]
	at org.apache.catalina.core.ApplicationFilterChain.doFilter(ApplicationFilterChain.java:149) ~[tomcat-embed-core-10.1.18.jar:10.1.18]
	at org.springframework.web.filter.CharacterEncodingFilter.doFilterInternal(CharacterEncodingFilter.java:201) ~[spring-web-6.1.3.jar:6.1.3]
	at org.springframework.web.filter.OncePerRequestFilter.doFilter(OncePerRequestFilter.java:116) ~[spring-web-6.1.3.jar:6.1.3]
	at org.apache.catalina.core.ApplicationFilterChain.internalDoFilter(ApplicationFilterChain.java:174) ~[tomcat-embed-core-10.1.18.jar:10.1.18]
	at org.apache.catalina.core.ApplicationFilterChain.doFilter(ApplicationFilterChain.java:149) ~[tomcat-embed-core-10.1.18.jar:10.1.18]
	at org.apache.catalina.core.StandardWrapperValve.invoke(StandardWrapperValve.java:167) ~[tomcat-embed-core-10.1.18.jar:10.1.18]
	at org.apache.catalina.core.StandardContextValve.invoke(StandardContextValve.java:90) ~[tomcat-embed-core-10.1.18.jar:10.1.18]
	at org.apache.catalina.authenticator.AuthenticatorBase.invoke(AuthenticatorBase.java:482) ~[tomcat-embed-core-10.1.18.jar:10.1.18]
	at org.apache.catalina.core.StandardHostValve.invoke(StandardHostValve.java:115) ~[tomcat-embed-core-10.1.18.jar:10.1.18]
	at org.apache.catalina.valves.ErrorReportValve.invoke(ErrorReportValve.java:93) ~[tomcat-embed-core-10.1.18.jar:10.1.18]
	at org.apache.catalina.core.StandardEngineValve.invoke(StandardEngineValve.java:74) ~[tomcat-embed-core-10.1.18.jar:10.1.18]
	at org.apache.catalina.connector.CoyoteAdapter.service(CoyoteAdapter.java:340) ~[tomcat-embed-core-10.1.18.jar:10.1.18]
	at org.apache.coyote.http11.Http11Processor.service(Http11Processor.java:391) ~[tomcat-embed-core-10.1.18.jar:10.1.18]
	at org.apache.coyote.AbstractProcessorLight.process(AbstractProcessorLight.java:63) ~[tomcat-embed-core-10.1.18.jar:10.1.18]
	at org.apache.coyote.AbstractProtocol$ConnectionHandler.process(AbstractProtocol.java:896) ~[tomcat-embed-core-10.1.18.jar:10.1.18]
	at org.apache.tomcat.util.net.NioEndpoint$SocketProcessor.doRun(NioEndpoint.java:1744) ~[tomcat-embed-core-10.1.18.jar:10.1.18]
	at org.apache.tomcat.util.net.SocketProcessorBase.run(SocketProcessorBase.java:52) ~[tomcat-embed-core-10.1.18.jar:10.1.18]
	at org.apache.tomcat.util.threads.ThreadPoolExecutor.runWorker(ThreadPoolExecutor.java:1191) ~[tomcat-embed-core-10.1.18.jar:10.1.18]
	at org.apache.tomcat.util.threads.ThreadPoolExecutor$Worker.run(ThreadPoolExecutor.java:659) ~[tomcat-embed-core-10.1.18.jar:10.1.18]
	at org.apache.tomcat.util.threads.TaskThread$WrappingRunnable.run(TaskThread.java:61) ~[tomcat-embed-core-10.1.18.jar:10.1.18]
	at java.base/java.lang.Thread.run(Thread.java:833) ~[na:na]

2026-02-18T21:25:35.908+08:00  INFO 29084 --- [yanshi-backend] [http-nio-8080-exec-3] c.yanshi.controller.ArticleController    : 按来源统计文章
2026-02-18T21:25:35.908+08:00  INFO 29084 --- [yanshi-backend] [http-nio-8080-exec-1] c.yanshi.controller.ArticleController    : 按分类统计文章
2026-02-18T21:25:35.908+08:00  INFO 29084 --- [yanshi-backend] [http-nio-8080-exec-9] c.yanshi.controller.ArticleController    : 获取最新文章: limit=5
2026-02-18T21:25:35.908+08:00  INFO 29084 --- [yanshi-backend] [http-nio-8080-exec-7] c.yanshi.controller.ArticleController    : 查询文章列表: com.yanshi.dto.ArticleQueryDTO@68eaa575
2026-02-18T21:25:36.829+08:00  INFO 29084 --- [yanshi-backend] [http-nio-8080-exec-2] c.yanshi.controller.ArticleController    : 查询文章详情: id=1749
2026-02-18T21:25:46.576+08:00  INFO 29084 --- [yanshi-backend] [http-nio-8080-exec-5] c.yanshi.controller.ArticleController    : 按来源统计文章
2026-02-18T21:25:46.576+08:00  INFO 29084 --- [yanshi-backend] [http-nio-8080-exec-10] c.yanshi.controller.ArticleController    : 获取最新文章: limit=5
2026-02-18T21:25:46.576+08:00  INFO 29084 --- [yanshi-backend] [http-nio-8080-exec-6] c.yanshi.controller.ArticleController    : 按分类统计文章
2026-02-18T21:25:46.577+08:00  INFO 29084 --- [yanshi-backend] [http-nio-8080-exec-8] c.yanshi.controller.ArticleController    : 查询文章列表: com.yanshi.dto.ArticleQueryDTO@48339a14
2026-02-18T21:25:47.470+08:00  INFO 29084 --- [yanshi-backend] [http-nio-8080-exec-4] c.yanshi.controller.ArticleController    : 查询文章详情: id=1555
2026-02-18T21:25:50.021+08:00  INFO 29084 --- [yanshi-backend] [http-nio-8080-exec-1] c.yanshi.controller.ArticleController    : 按来源统计文章
2026-02-18T21:25:50.021+08:00  INFO 29084 --- [yanshi-backend] [http-nio-8080-exec-3] c.yanshi.controller.ArticleController    : 按分类统计文章
2026-02-18T21:25:50.021+08:00  INFO 29084 --- [yanshi-backend] [http-nio-8080-exec-7] c.yanshi.controller.ArticleController    : 查询文章列表: com.yanshi.dto.ArticleQueryDTO@7e50197b
2026-02-18T21:25:50.022+08:00  INFO 29084 --- [yanshi-backend] [http-nio-8080-exec-9] c.yanshi.controller.ArticleController    : 获取最新文章: limit=5
2026-02-18T21:25:51.734+08:00  INFO 29084 --- [yanshi-backend] [http-nio-8080-exec-2] c.yanshi.controller.ArticleController    : 查询文章详情: id=1751
2026-02-18T21:25:54.631+08:00  INFO 29084 --- [yanshi-backend] [http-nio-8080-exec-8] c.yanshi.controller.ArticleController    : 按分类统计文章
2026-02-18T21:25:54.631+08:00  INFO 29084 --- [yanshi-backend] [http-nio-8080-exec-6] c.yanshi.controller.ArticleController    : 按来源统计文章
2026-02-18T21:25:54.632+08:00  INFO 29084 --- [yanshi-backend] [http-nio-8080-exec-5] c.yanshi.controller.ArticleController    : 查询文章列表: com.yanshi.dto.ArticleQueryDTO@3bc46cba
2026-02-18T21:25:54.632+08:00  INFO 29084 --- [yanshi-backend] [http-nio-8080-exec-10] c.yanshi.controller.ArticleController    : 获取最新文章: limit=5
2026-02-18T21:25:55.959+08:00  INFO 29084 --- [yanshi-backend] [http-nio-8080-exec-4] c.yanshi.controller.ArticleController    : 查询文章详情: id=1758
2026-02-18T21:26:07.149+08:00  INFO 29084 --- [yanshi-backend] [http-nio-8080-exec-3] c.yanshi.controller.ArticleController    : 按分类统计文章
2026-02-18T21:26:07.149+08:00  INFO 29084 --- [yanshi-backend] [http-nio-8080-exec-1] c.yanshi.controller.ArticleController    : 按来源统计文章
2026-02-18T21:26:07.149+08:00  INFO 29084 --- [yanshi-backend] [http-nio-8080-exec-7] c.yanshi.controller.ArticleController    : 查询文章列表: com.yanshi.dto.ArticleQueryDTO@27a79348
2026-02-18T21:26:07.149+08:00  INFO 29084 --- [yanshi-backend] [http-nio-8080-exec-9] c.yanshi.controller.ArticleController    : 获取最新文章: limit=5
2026-02-18T21:26:08.109+08:00  INFO 29084 --- [yanshi-backend] [http-nio-8080-exec-2] c.y.controller.KnowledgePointController  : 分页查询知识点: page=1, pageSize=20, type=, category=
2026-02-18T21:26:09.187+08:00  INFO 29084 --- [yanshi-backend] [http-nio-8080-exec-8] c.y.controller.KnowledgePointController  : 获取知识点关联的文章: id=2
2026-02-18T21:26:10.474+08:00  INFO 29084 --- [yanshi-backend] [http-nio-8080-exec-6] c.y.controller.KnowledgePointController  : 分页查询知识点: page=1, pageSize=200, type=null, category=null
2026-02-18T21:26:20.548+08:00  INFO 29084 --- [yanshi-backend] [http-nio-8080-exec-5] c.y.controller.KnowledgePointController  : 分页查询知识点: page=1, pageSize=500, type=null, category=null
2026-02-18T21:26:23.921+08:00  INFO 29084 --- [yanshi-backend] [http-nio-8080-exec-10] c.yanshi.controller.ArticleController    : 获取文章统计信息
2026-02-18T21:26:23.921+08:00  INFO 29084 --- [yanshi-backend] [http-nio-8080-exec-4] c.yanshi.controller.ArticleController    : 按来源统计文章
2026-02-18T21:26:23.921+08:00  INFO 29084 --- [yanshi-backend] [http-nio-8080-exec-3] c.yanshi.controller.ArticleController    : 按分类统计文章
2026-02-18T21:26:23.922+08:00  INFO 29084 --- [yanshi-backend] [http-nio-8080-exec-1] c.yanshi.controller.ArticleController    : 按日期统计文章: startDate=null, endDate=null
2026-02-18T21:26:23.924+08:00 ERROR 29084 --- [yanshi-backend] [http-nio-8080-exec-10] c.y.service.impl.ArticleServiceImpl      : 获取日期范围失败

java.lang.ClassCastException: class java.sql.Date cannot be cast to class java.time.LocalDate (java.sql.Date is in module java.sql of loader 'platform'; java.time.LocalDate is in module java.base of loader 'bootstrap')
	at com.yanshi.service.impl.ArticleServiceImpl.getStatistics(ArticleServiceImpl.java:75) ~[classes/:na]
	at java.base/jdk.internal.reflect.NativeMethodAccessorImpl.invoke0(Native Method) ~[na:na]
	at java.base/jdk.internal.reflect.NativeMethodAccessorImpl.invoke(NativeMethodAccessorImpl.java:77) ~[na:na]
	at java.base/jdk.internal.reflect.DelegatingMethodAccessorImpl.invoke(DelegatingMethodAccessorImpl.java:43) ~[na:na]
	at java.base/java.lang.reflect.Method.invoke(Method.java:568) ~[na:na]
	at org.springframework.aop.support.AopUtils.invokeJoinpointUsingReflection(AopUtils.java:351) ~[spring-aop-6.1.3.jar:6.1.3]
	at org.springframework.aop.framework.CglibAopProxy$DynamicAdvisedInterceptor.intercept(CglibAopProxy.java:713) ~[spring-aop-6.1.3.jar:6.1.3]
	at com.yanshi.service.impl.ArticleServiceImpl$$SpringCGLIB$$0.getStatistics(<generated>) ~[classes/:na]
	at com.yanshi.controller.ArticleController.getStatistics(ArticleController.java:66) ~[classes/:na]
	at java.base/jdk.internal.reflect.NativeMethodAccessorImpl.invoke0(Native Method) ~[na:na]
	at java.base/jdk.internal.reflect.NativeMethodAccessorImpl.invoke(NativeMethodAccessorImpl.java:77) ~[na:na]
	at java.base/jdk.internal.reflect.DelegatingMethodAccessorImpl.invoke(DelegatingMethodAccessorImpl.java:43) ~[na:na]
	at java.base/java.lang.reflect.Method.invoke(Method.java:568) ~[na:na]
	at org.springframework.web.method.support.InvocableHandlerMethod.doInvoke(InvocableHandlerMethod.java:261) ~[spring-web-6.1.3.jar:6.1.3]
	at org.springframework.web.method.support.InvocableHandlerMethod.invokeForRequest(InvocableHandlerMethod.java:189) ~[spring-web-6.1.3.jar:6.1.3]
	at org.springframework.web.servlet.mvc.method.annotation.ServletInvocableHandlerMethod.invokeAndHandle(ServletInvocableHandlerMethod.java:118) ~[spring-webmvc-6.1.3.jar:6.1.3]
	at org.springframework.web.servlet.mvc.method.annotation.RequestMappingHandlerAdapter.invokeHandlerMethod(RequestMappingHandlerAdapter.java:917) ~[spring-webmvc-6.1.3.jar:6.1.3]
	at org.springframework.web.servlet.mvc.method.annotation.RequestMappingHandlerAdapter.handleInternal(RequestMappingHandlerAdapter.java:829) ~[spring-webmvc-6.1.3.jar:6.1.3]
	at org.springframework.web.servlet.mvc.method.AbstractHandlerMethodAdapter.handle(AbstractHandlerMethodAdapter.java:87) ~[spring-webmvc-6.1.3.jar:6.1.3]
	at org.springframework.web.servlet.DispatcherServlet.doDispatch(DispatcherServlet.java:1089) ~[spring-webmvc-6.1.3.jar:6.1.3]
	at org.springframework.web.servlet.DispatcherServlet.doService(DispatcherServlet.java:979) ~[spring-webmvc-6.1.3.jar:6.1.3]
	at org.springframework.web.servlet.FrameworkServlet.processRequest(FrameworkServlet.java:1014) ~[spring-webmvc-6.1.3.jar:6.1.3]
	at org.springframework.web.servlet.FrameworkServlet.doGet(FrameworkServlet.java:903) ~[spring-webmvc-6.1.3.jar:6.1.3]
	at jakarta.servlet.http.HttpServlet.service(HttpServlet.java:564) ~[tomcat-embed-core-10.1.18.jar:6.0]
	at org.springframework.web.servlet.FrameworkServlet.service(FrameworkServlet.java:885) ~[spring-webmvc-6.1.3.jar:6.1.3]
	at jakarta.servlet.http.HttpServlet.service(HttpServlet.java:658) ~[tomcat-embed-core-10.1.18.jar:6.0]
	at org.apache.catalina.core.ApplicationFilterChain.internalDoFilter(ApplicationFilterChain.java:205) ~[tomcat-embed-core-10.1.18.jar:10.1.18]
	at org.apache.catalina.core.ApplicationFilterChain.doFilter(ApplicationFilterChain.java:149) ~[tomcat-embed-core-10.1.18.jar:10.1.18]
	at org.apache.tomcat.websocket.server.WsFilter.doFilter(WsFilter.java:51) ~[tomcat-embed-websocket-10.1.18.jar:10.1.18]
	at org.apache.catalina.core.ApplicationFilterChain.internalDoFilter(ApplicationFilterChain.java:174) ~[tomcat-embed-core-10.1.18.jar:10.1.18]
	at org.apache.catalina.core.ApplicationFilterChain.doFilter(ApplicationFilterChain.java:149) ~[tomcat-embed-core-10.1.18.jar:10.1.18]
	at org.springframework.web.filter.RequestContextFilter.doFilterInternal(RequestContextFilter.java:100) ~[spring-web-6.1.3.jar:6.1.3]
	at org.springframework.web.filter.OncePerRequestFilter.doFilter(OncePerRequestFilter.java:116) ~[spring-web-6.1.3.jar:6.1.3]
	at org.apache.catalina.core.ApplicationFilterChain.internalDoFilter(ApplicationFilterChain.java:174) ~[tomcat-embed-core-10.1.18.jar:10.1.18]
	at org.apache.catalina.core.ApplicationFilterChain.doFilter(ApplicationFilterChain.java:149) ~[tomcat-embed-core-10.1.18.jar:10.1.18]
	at org.springframework.web.filter.FormContentFilter.doFilterInternal(FormContentFilter.java:93) ~[spring-web-6.1.3.jar:6.1.3]
	at org.springframework.web.filter.OncePerRequestFilter.doFilter(OncePerRequestFilter.java:116) ~[spring-web-6.1.3.jar:6.1.3]
	at org.apache.catalina.core.ApplicationFilterChain.internalDoFilter(ApplicationFilterChain.java:174) ~[tomcat-embed-core-10.1.18.jar:10.1.18]
	at org.apache.catalina.core.ApplicationFilterChain.doFilter(ApplicationFilterChain.java:149) ~[tomcat-embed-core-10.1.18.jar:10.1.18]
	at org.springframework.web.filter.CharacterEncodingFilter.doFilterInternal(CharacterEncodingFilter.java:201) ~[spring-web-6.1.3.jar:6.1.3]
	at org.springframework.web.filter.OncePerRequestFilter.doFilter(OncePerRequestFilter.java:116) ~[spring-web-6.1.3.jar:6.1.3]
	at org.apache.catalina.core.ApplicationFilterChain.internalDoFilter(ApplicationFilterChain.java:174) ~[tomcat-embed-core-10.1.18.jar:10.1.18]
	at org.apache.catalina.core.ApplicationFilterChain.doFilter(ApplicationFilterChain.java:149) ~[tomcat-embed-core-10.1.18.jar:10.1.18]
	at org.apache.catalina.core.StandardWrapperValve.invoke(StandardWrapperValve.java:167) ~[tomcat-embed-core-10.1.18.jar:10.1.18]
	at org.apache.catalina.core.StandardContextValve.invoke(StandardContextValve.java:90) ~[tomcat-embed-core-10.1.18.jar:10.1.18]
	at org.apache.catalina.authenticator.AuthenticatorBase.invoke(AuthenticatorBase.java:482) ~[tomcat-embed-core-10.1.18.jar:10.1.18]
	at org.apache.catalina.core.StandardHostValve.invoke(StandardHostValve.java:115) ~[tomcat-embed-core-10.1.18.jar:10.1.18]
	at org.apache.catalina.valves.ErrorReportValve.invoke(ErrorReportValve.java:93) ~[tomcat-embed-core-10.1.18.jar:10.1.18]
	at org.apache.catalina.core.StandardEngineValve.invoke(StandardEngineValve.java:74) ~[tomcat-embed-core-10.1.18.jar:10.1.18]
	at org.apache.catalina.connector.CoyoteAdapter.service(CoyoteAdapter.java:340) ~[tomcat-embed-core-10.1.18.jar:10.1.18]
	at org.apache.coyote.http11.Http11Processor.service(Http11Processor.java:391) ~[tomcat-embed-core-10.1.18.jar:10.1.18]
	at org.apache.coyote.AbstractProcessorLight.process(AbstractProcessorLight.java:63) ~[tomcat-embed-core-10.1.18.jar:10.1.18]
	at org.apache.coyote.AbstractProtocol$ConnectionHandler.process(AbstractProtocol.java:896) ~[tomcat-embed-core-10.1.18.jar:10.1.18]
	at org.apache.tomcat.util.net.NioEndpoint$SocketProcessor.doRun(NioEndpoint.java:1744) ~[tomcat-embed-core-10.1.18.jar:10.1.18]
	at org.apache.tomcat.util.net.SocketProcessorBase.run(SocketProcessorBase.java:52) ~[tomcat-embed-core-10.1.18.jar:10.1.18]
	at org.apache.tomcat.util.threads.ThreadPoolExecutor.runWorker(ThreadPoolExecutor.java:1191) ~[tomcat-embed-core-10.1.18.jar:10.1.18]
	at org.apache.tomcat.util.threads.ThreadPoolExecutor$Worker.run(ThreadPoolExecutor.java:659) ~[tomcat-embed-core-10.1.18.jar:10.1.18]
	at org.apache.tomcat.util.threads.TaskThread$WrappingRunnable.run(TaskThread.java:61) ~[tomcat-embed-core-10.1.18.jar:10.1.18]
	at java.base/java.lang.Thread.run(Thread.java:833) ~[na:na]

2026-02-18T21:26:28.147+08:00  INFO 29084 --- [yanshi-backend] [http-nio-8080-exec-9] c.yanshi.controller.ArticleController    : 按来源统计文章
2026-02-18T21:26:28.148+08:00  INFO 29084 --- [yanshi-backend] [http-nio-8080-exec-7] c.yanshi.controller.ArticleController    : 获取文章统计信息
2026-02-18T21:26:28.147+08:00  INFO 29084 --- [yanshi-backend] [http-nio-8080-exec-2] c.yanshi.controller.ArticleController    : 按分类统计文章
2026-02-18T21:26:28.148+08:00  INFO 29084 --- [yanshi-backend] [http-nio-8080-exec-8] c.yanshi.controller.ArticleController    : 按日期统计文章: startDate=null, endDate=null
2026-02-18T21:26:28.151+08:00 ERROR 29084 --- [yanshi-backend] [http-nio-8080-exec-7] c.y.service.impl.ArticleServiceImpl      : 获取日期范围失败

java.lang.ClassCastException: class java.sql.Date cannot be cast to class java.time.LocalDate (java.sql.Date is in module java.sql of loader 'platform'; java.time.LocalDate is in module java.base of loader 'bootstrap')
	at com.yanshi.service.impl.ArticleServiceImpl.getStatistics(ArticleServiceImpl.java:75) ~[classes/:na]
	at java.base/jdk.internal.reflect.NativeMethodAccessorImpl.invoke0(Native Method) ~[na:na]
	at java.base/jdk.internal.reflect.NativeMethodAccessorImpl.invoke(NativeMethodAccessorImpl.java:77) ~[na:na]
	at java.base/jdk.internal.reflect.DelegatingMethodAccessorImpl.invoke(DelegatingMethodAccessorImpl.java:43) ~[na:na]
	at java.base/java.lang.reflect.Method.invoke(Method.java:568) ~[na:na]
	at org.springframework.aop.support.AopUtils.invokeJoinpointUsingReflection(AopUtils.java:351) ~[spring-aop-6.1.3.jar:6.1.3]
	at org.springframework.aop.framework.CglibAopProxy$DynamicAdvisedInterceptor.intercept(CglibAopProxy.java:713) ~[spring-aop-6.1.3.jar:6.1.3]
	at com.yanshi.service.impl.ArticleServiceImpl$$SpringCGLIB$$0.getStatistics(<generated>) ~[classes/:na]
	at com.yanshi.controller.ArticleController.getStatistics(ArticleController.java:66) ~[classes/:na]
	at java.base/jdk.internal.reflect.NativeMethodAccessorImpl.invoke0(Native Method) ~[na:na]
	at java.base/jdk.internal.reflect.NativeMethodAccessorImpl.invoke(NativeMethodAccessorImpl.java:77) ~[na:na]
	at java.base/jdk.internal.reflect.DelegatingMethodAccessorImpl.invoke(DelegatingMethodAccessorImpl.java:43) ~[na:na]
	at java.base/java.lang.reflect.Method.invoke(Method.java:568) ~[na:na]
	at org.springframework.web.method.support.InvocableHandlerMethod.doInvoke(InvocableHandlerMethod.java:261) ~[spring-web-6.1.3.jar:6.1.3]
	at org.springframework.web.method.support.InvocableHandlerMethod.invokeForRequest(InvocableHandlerMethod.java:189) ~[spring-web-6.1.3.jar:6.1.3]
	at org.springframework.web.servlet.mvc.method.annotation.ServletInvocableHandlerMethod.invokeAndHandle(ServletInvocableHandlerMethod.java:118) ~[spring-webmvc-6.1.3.jar:6.1.3]
	at org.springframework.web.servlet.mvc.method.annotation.RequestMappingHandlerAdapter.invokeHandlerMethod(RequestMappingHandlerAdapter.java:917) ~[spring-webmvc-6.1.3.jar:6.1.3]
	at org.springframework.web.servlet.mvc.method.annotation.RequestMappingHandlerAdapter.handleInternal(RequestMappingHandlerAdapter.java:829) ~[spring-webmvc-6.1.3.jar:6.1.3]
	at org.springframework.web.servlet.mvc.method.AbstractHandlerMethodAdapter.handle(AbstractHandlerMethodAdapter.java:87) ~[spring-webmvc-6.1.3.jar:6.1.3]
	at org.springframework.web.servlet.DispatcherServlet.doDispatch(DispatcherServlet.java:1089) ~[spring-webmvc-6.1.3.jar:6.1.3]
	at org.springframework.web.servlet.DispatcherServlet.doService(DispatcherServlet.java:979) ~[spring-webmvc-6.1.3.jar:6.1.3]
	at org.springframework.web.servlet.FrameworkServlet.processRequest(FrameworkServlet.java:1014) ~[spring-webmvc-6.1.3.jar:6.1.3]
	at org.springframework.web.servlet.FrameworkServlet.doGet(FrameworkServlet.java:903) ~[spring-webmvc-6.1.3.jar:6.1.3]
	at jakarta.servlet.http.HttpServlet.service(HttpServlet.java:564) ~[tomcat-embed-core-10.1.18.jar:6.0]
	at org.springframework.web.servlet.FrameworkServlet.service(FrameworkServlet.java:885) ~[spring-webmvc-6.1.3.jar:6.1.3]
	at jakarta.servlet.http.HttpServlet.service(HttpServlet.java:658) ~[tomcat-embed-core-10.1.18.jar:6.0]
	at org.apache.catalina.core.ApplicationFilterChain.internalDoFilter(ApplicationFilterChain.java:205) ~[tomcat-embed-core-10.1.18.jar:10.1.18]
	at org.apache.catalina.core.ApplicationFilterChain.doFilter(ApplicationFilterChain.java:149) ~[tomcat-embed-core-10.1.18.jar:10.1.18]
	at org.apache.tomcat.websocket.server.WsFilter.doFilter(WsFilter.java:51) ~[tomcat-embed-websocket-10.1.18.jar:10.1.18]
	at org.apache.catalina.core.ApplicationFilterChain.internalDoFilter(ApplicationFilterChain.java:174) ~[tomcat-embed-core-10.1.18.jar:10.1.18]
	at org.apache.catalina.core.ApplicationFilterChain.doFilter(ApplicationFilterChain.java:149) ~[tomcat-embed-core-10.1.18.jar:10.1.18]
	at org.springframework.web.filter.RequestContextFilter.doFilterInternal(RequestContextFilter.java:100) ~[spring-web-6.1.3.jar:6.1.3]
	at org.springframework.web.filter.OncePerRequestFilter.doFilter(OncePerRequestFilter.java:116) ~[spring-web-6.1.3.jar:6.1.3]
	at org.apache.catalina.core.ApplicationFilterChain.internalDoFilter(ApplicationFilterChain.java:174) ~[tomcat-embed-core-10.1.18.jar:10.1.18]
	at org.apache.catalina.core.ApplicationFilterChain.doFilter(ApplicationFilterChain.java:149) ~[tomcat-embed-core-10.1.18.jar:10.1.18]
	at org.springframework.web.filter.FormContentFilter.doFilterInternal(FormContentFilter.java:93) ~[spring-web-6.1.3.jar:6.1.3]
	at org.springframework.web.filter.OncePerRequestFilter.doFilter(OncePerRequestFilter.java:116) ~[spring-web-6.1.3.jar:6.1.3]
	at org.apache.catalina.core.ApplicationFilterChain.internalDoFilter(ApplicationFilterChain.java:174) ~[tomcat-embed-core-10.1.18.jar:10.1.18]
	at org.apache.catalina.core.ApplicationFilterChain.doFilter(ApplicationFilterChain.java:149) ~[tomcat-embed-core-10.1.18.jar:10.1.18]
	at org.springframework.web.filter.CharacterEncodingFilter.doFilterInternal(CharacterEncodingFilter.java:201) ~[spring-web-6.1.3.jar:6.1.3]
	at org.springframework.web.filter.OncePerRequestFilter.doFilter(OncePerRequestFilter.java:116) ~[spring-web-6.1.3.jar:6.1.3]
	at org.apache.catalina.core.ApplicationFilterChain.internalDoFilter(ApplicationFilterChain.java:174) ~[tomcat-embed-core-10.1.18.jar:10.1.18]
	at org.apache.catalina.core.ApplicationFilterChain.doFilter(ApplicationFilterChain.java:149) ~[tomcat-embed-core-10.1.18.jar:10.1.18]
	at org.apache.catalina.core.StandardWrapperValve.invoke(StandardWrapperValve.java:167) ~[tomcat-embed-core-10.1.18.jar:10.1.18]
	at org.apache.catalina.core.StandardContextValve.invoke(StandardContextValve.java:90) ~[tomcat-embed-core-10.1.18.jar:10.1.18]
	at org.apache.catalina.authenticator.AuthenticatorBase.invoke(AuthenticatorBase.java:482) ~[tomcat-embed-core-10.1.18.jar:10.1.18]
	at org.apache.catalina.core.StandardHostValve.invoke(StandardHostValve.java:115) ~[tomcat-embed-core-10.1.18.jar:10.1.18]
	at org.apache.catalina.valves.ErrorReportValve.invoke(ErrorReportValve.java:93) ~[tomcat-embed-core-10.1.18.jar:10.1.18]
	at org.apache.catalina.core.StandardEngineValve.invoke(StandardEngineValve.java:74) ~[tomcat-embed-core-10.1.18.jar:10.1.18]
	at org.apache.catalina.connector.CoyoteAdapter.service(CoyoteAdapter.java:340) ~[tomcat-embed-core-10.1.18.jar:10.1.18]
	at org.apache.coyote.http11.Http11Processor.service(Http11Processor.java:391) ~[tomcat-embed-core-10.1.18.jar:10.1.18]
	at org.apache.coyote.AbstractProcessorLight.process(AbstractProcessorLight.java:63) ~[tomcat-embed-core-10.1.18.jar:10.1.18]
	at org.apache.coyote.AbstractProtocol$ConnectionHandler.process(AbstractProtocol.java:896) ~[tomcat-embed-core-10.1.18.jar:10.1.18]
	at org.apache.tomcat.util.net.NioEndpoint$SocketProcessor.doRun(NioEndpoint.java:1744) ~[tomcat-embed-core-10.1.18.jar:10.1.18]
	at org.apache.tomcat.util.net.SocketProcessorBase.run(SocketProcessorBase.java:52) ~[tomcat-embed-core-10.1.18.jar:10.1.18]
	at org.apache.tomcat.util.threads.ThreadPoolExecutor.runWorker(ThreadPoolExecutor.java:1191) ~[tomcat-embed-core-10.1.18.jar:10.1.18]
	at org.apache.tomcat.util.threads.ThreadPoolExecutor$Worker.run(ThreadPoolExecutor.java:659) ~[tomcat-embed-core-10.1.18.jar:10.1.18]
	at org.apache.tomcat.util.threads.TaskThread$WrappingRunnable.run(TaskThread.java:61) ~[tomcat-embed-core-10.1.18.jar:10.1.18]
	at java.base/java.lang.Thread.run(Thread.java:833) ~[na:na]

2026-02-18T21:26:31.194+08:00  INFO 29084 --- [yanshi-backend] [http-nio-8080-exec-5] c.yanshi.controller.ArticleController    : 按分类统计文章
2026-02-18T21:26:31.194+08:00  INFO 29084 --- [yanshi-backend] [http-nio-8080-exec-4] c.yanshi.controller.ArticleController    : 查询文章列表: com.yanshi.dto.ArticleQueryDTO@258bb5a
2026-02-18T21:26:31.194+08:00  INFO 29084 --- [yanshi-backend] [http-nio-8080-exec-3] c.yanshi.controller.ArticleController    : 获取最新文章: limit=5
2026-02-18T21:26:31.194+08:00  INFO 29084 --- [yanshi-backend] [http-nio-8080-exec-6] c.yanshi.controller.ArticleController    : 按来源统计文章
2026-02-18T21:30:07.562+08:00  INFO 29084 --- [yanshi-backend] [http-nio-8080-exec-1] c.y.controller.KnowledgePointController  : 分页查询知识点: page=1, pageSize=20, type=, category=
2026-02-18T21:30:08.452+08:00  INFO 29084 --- [yanshi-backend] [http-nio-8080-exec-10] c.y.controller.KnowledgePointController  : 分页查询知识点: page=1, pageSize=200, type=null, category=null
2026-02-18T21:30:09.752+08:00  INFO 29084 --- [yanshi-backend] [http-nio-8080-exec-9] c.y.controller.KnowledgePointController  : 分页查询知识点: page=1, pageSize=20, type=, category=
2026-02-18T21:30:17.448+08:00  INFO 29084 --- [yanshi-backend] [http-nio-8080-exec-8] c.y.controller.KnowledgePointController  : 分页查询知识点: page=1, pageSize=200, type=null, category=null
2026-02-18T21:30:19.360+08:00  INFO 29084 --- [yanshi-backend] [http-nio-8080-exec-7] c.y.controller.KnowledgePointController  : 分页查询知识点: page=1, pageSize=20, type=, category=
2026-02-18T21:30:23.941+08:00  INFO 29084 --- [yanshi-backend] [http-nio-8080-exec-2] c.y.controller.KnowledgePointController  : 获取知识点关联的文章: id=13
2026-02-18T21:37:23.967+08:00  INFO 29084 --- [yanshi-backend] [http-nio-8080-exec-6] c.y.controller.KnowledgePointController  : 分页查询知识点: page=1, pageSize=20, type=, category=
2026-02-18T21:37:25.614+08:00  INFO 29084 --- [yanshi-backend] [http-nio-8080-exec-5] c.yanshi.controller.ArticleController    : 按来源统计文章
2026-02-18T21:37:25.614+08:00  INFO 29084 --- [yanshi-backend] [http-nio-8080-exec-4] c.yanshi.controller.ArticleController    : 按分类统计文章
2026-02-18T21:37:25.615+08:00  INFO 29084 --- [yanshi-backend] [http-nio-8080-exec-1] c.yanshi.controller.ArticleController    : 获取最新文章: limit=5
2026-02-18T21:37:25.615+08:00  INFO 29084 --- [yanshi-backend] [http-nio-8080-exec-3] c.yanshi.controller.ArticleController    : 查询文章列表: com.yanshi.dto.ArticleQueryDTO@26cd6492
2026-02-18T21:39:09.957+08:00  INFO 29084 --- [yanshi-backend] [http-nio-8080-exec-10] c.yanshi.controller.ArticleController    : 按来源统计文章
2026-02-18T21:39:09.957+08:00  INFO 29084 --- [yanshi-backend] [http-nio-8080-exec-9] c.yanshi.controller.ArticleController    : 按分类统计文章
2026-02-18T21:39:09.959+08:00  INFO 29084 --- [yanshi-backend] [http-nio-8080-exec-7] c.yanshi.controller.ArticleController    : 获取最新文章: limit=5
2026-02-18T21:39:09.959+08:00  INFO 29084 --- [yanshi-backend] [http-nio-8080-exec-8] c.yanshi.controller.ArticleController    : 查询文章列表: com.yanshi.dto.ArticleQueryDTO@3846cdc6
2026-02-18T21:39:10.791+08:00  INFO 29084 --- [yanshi-backend] [http-nio-8080-exec-2] c.yanshi.controller.ArticleController    : 查询文章列表: com.yanshi.dto.ArticleQueryDTO@ad4b9ce
2026-02-18T21:39:12.039+08:00  INFO 29084 --- [yanshi-backend] [http-nio-8080-exec-6] c.yanshi.controller.ArticleController    : 查询文章列表: com.yanshi.dto.ArticleQueryDTO@739108e3
2026-02-18T21:39:14.616+08:00  INFO 29084 --- [yanshi-backend] [http-nio-8080-exec-4] c.y.controller.KnowledgePointController  : 分页查询知识点: page=1, pageSize=20, type=, category=
2026-02-18T21:39:15.293+08:00  INFO 29084 --- [yanshi-backend] [http-nio-8080-exec-5] c.yanshi.controller.ArticleController    : 按来源统计文章
2026-02-18T21:39:15.293+08:00  INFO 29084 --- [yanshi-backend] [http-nio-8080-exec-1] c.yanshi.controller.ArticleController    : 按分类统计文章
2026-02-18T21:39:15.293+08:00  INFO 29084 --- [yanshi-backend] [http-nio-8080-exec-10] c.yanshi.controller.ArticleController    : 获取最新文章: limit=5
2026-02-18T21:39:15.293+08:00  INFO 29084 --- [yanshi-backend] [http-nio-8080-exec-3] c.yanshi.controller.ArticleController    : 查询文章列表: com.yanshi.dto.ArticleQueryDTO@21fa19de
2026-02-18T21:39:16.077+08:00  INFO 29084 --- [yanshi-backend] [http-nio-8080-exec-9] c.yanshi.controller.ArticleController    : 获取文章统计信息
2026-02-18T21:39:16.079+08:00  INFO 29084 --- [yanshi-backend] [http-nio-8080-exec-7] c.yanshi.controller.ArticleController    : 按日期统计文章: startDate=null, endDate=null
2026-02-18T21:39:16.079+08:00  INFO 29084 --- [yanshi-backend] [http-nio-8080-exec-2] c.yanshi.controller.ArticleController    : 按分类统计文章
2026-02-18T21:39:16.079+08:00  INFO 29084 --- [yanshi-backend] [http-nio-8080-exec-8] c.yanshi.controller.ArticleController    : 按来源统计文章
2026-02-18T21:39:16.081+08:00 ERROR 29084 --- [yanshi-backend] [http-nio-8080-exec-9] c.y.service.impl.ArticleServiceImpl      : 获取日期范围失败

java.lang.ClassCastException: class java.sql.Date cannot be cast to class java.time.LocalDate (java.sql.Date is in module java.sql of loader 'platform'; java.time.LocalDate is in module java.base of loader 'bootstrap')
	at com.yanshi.service.impl.ArticleServiceImpl.getStatistics(ArticleServiceImpl.java:75) ~[classes/:na]
	at java.base/jdk.internal.reflect.NativeMethodAccessorImpl.invoke0(Native Method) ~[na:na]
	at java.base/jdk.internal.reflect.NativeMethodAccessorImpl.invoke(NativeMethodAccessorImpl.java:77) ~[na:na]
	at java.base/jdk.internal.reflect.DelegatingMethodAccessorImpl.invoke(DelegatingMethodAccessorImpl.java:43) ~[na:na]
	at java.base/java.lang.reflect.Method.invoke(Method.java:568) ~[na:na]
	at org.springframework.aop.support.AopUtils.invokeJoinpointUsingReflection(AopUtils.java:351) ~[spring-aop-6.1.3.jar:6.1.3]
	at org.springframework.aop.framework.CglibAopProxy$DynamicAdvisedInterceptor.intercept(CglibAopProxy.java:713) ~[spring-aop-6.1.3.jar:6.1.3]
	at com.yanshi.service.impl.ArticleServiceImpl$$SpringCGLIB$$0.getStatistics(<generated>) ~[classes/:na]
	at com.yanshi.controller.ArticleController.getStatistics(ArticleController.java:66) ~[classes/:na]
	at java.base/jdk.internal.reflect.NativeMethodAccessorImpl.invoke0(Native Method) ~[na:na]
	at java.base/jdk.internal.reflect.NativeMethodAccessorImpl.invoke(NativeMethodAccessorImpl.java:77) ~[na:na]
	at java.base/jdk.internal.reflect.DelegatingMethodAccessorImpl.invoke(DelegatingMethodAccessorImpl.java:43) ~[na:na]
	at java.base/java.lang.reflect.Method.invoke(Method.java:568) ~[na:na]
	at org.springframework.web.method.support.InvocableHandlerMethod.doInvoke(InvocableHandlerMethod.java:261) ~[spring-web-6.1.3.jar:6.1.3]
	at org.springframework.web.method.support.InvocableHandlerMethod.invokeForRequest(InvocableHandlerMethod.java:189) ~[spring-web-6.1.3.jar:6.1.3]
	at org.springframework.web.servlet.mvc.method.annotation.ServletInvocableHandlerMethod.invokeAndHandle(ServletInvocableHandlerMethod.java:118) ~[spring-webmvc-6.1.3.jar:6.1.3]
	at org.springframework.web.servlet.mvc.method.annotation.RequestMappingHandlerAdapter.invokeHandlerMethod(RequestMappingHandlerAdapter.java:917) ~[spring-webmvc-6.1.3.jar:6.1.3]
	at org.springframework.web.servlet.mvc.method.annotation.RequestMappingHandlerAdapter.handleInternal(RequestMappingHandlerAdapter.java:829) ~[spring-webmvc-6.1.3.jar:6.1.3]
	at org.springframework.web.servlet.mvc.method.AbstractHandlerMethodAdapter.handle(AbstractHandlerMethodAdapter.java:87) ~[spring-webmvc-6.1.3.jar:6.1.3]
	at org.springframework.web.servlet.DispatcherServlet.doDispatch(DispatcherServlet.java:1089) ~[spring-webmvc-6.1.3.jar:6.1.3]
	at org.springframework.web.servlet.DispatcherServlet.doService(DispatcherServlet.java:979) ~[spring-webmvc-6.1.3.jar:6.1.3]
	at org.springframework.web.servlet.FrameworkServlet.processRequest(FrameworkServlet.java:1014) ~[spring-webmvc-6.1.3.jar:6.1.3]
	at org.springframework.web.servlet.FrameworkServlet.doGet(FrameworkServlet.java:903) ~[spring-webmvc-6.1.3.jar:6.1.3]
	at jakarta.servlet.http.HttpServlet.service(HttpServlet.java:564) ~[tomcat-embed-core-10.1.18.jar:6.0]
	at org.springframework.web.servlet.FrameworkServlet.service(FrameworkServlet.java:885) ~[spring-webmvc-6.1.3.jar:6.1.3]
	at jakarta.servlet.http.HttpServlet.service(HttpServlet.java:658) ~[tomcat-embed-core-10.1.18.jar:6.0]
	at org.apache.catalina.core.ApplicationFilterChain.internalDoFilter(ApplicationFilterChain.java:205) ~[tomcat-embed-core-10.1.18.jar:10.1.18]
	at org.apache.catalina.core.ApplicationFilterChain.doFilter(ApplicationFilterChain.java:149) ~[tomcat-embed-core-10.1.18.jar:10.1.18]
	at org.apache.tomcat.websocket.server.WsFilter.doFilter(WsFilter.java:51) ~[tomcat-embed-websocket-10.1.18.jar:10.1.18]
	at org.apache.catalina.core.ApplicationFilterChain.internalDoFilter(ApplicationFilterChain.java:174) ~[tomcat-embed-core-10.1.18.jar:10.1.18]
	at org.apache.catalina.core.ApplicationFilterChain.doFilter(ApplicationFilterChain.java:149) ~[tomcat-embed-core-10.1.18.jar:10.1.18]
	at org.springframework.web.filter.RequestContextFilter.doFilterInternal(RequestContextFilter.java:100) ~[spring-web-6.1.3.jar:6.1.3]
	at org.springframework.web.filter.OncePerRequestFilter.doFilter(OncePerRequestFilter.java:116) ~[spring-web-6.1.3.jar:6.1.3]
	at org.apache.catalina.core.ApplicationFilterChain.internalDoFilter(ApplicationFilterChain.java:174) ~[tomcat-embed-core-10.1.18.jar:10.1.18]
	at org.apache.catalina.core.ApplicationFilterChain.doFilter(ApplicationFilterChain.java:149) ~[tomcat-embed-core-10.1.18.jar:10.1.18]
	at org.springframework.web.filter.FormContentFilter.doFilterInternal(FormContentFilter.java:93) ~[spring-web-6.1.3.jar:6.1.3]
	at org.springframework.web.filter.OncePerRequestFilter.doFilter(OncePerRequestFilter.java:116) ~[spring-web-6.1.3.jar:6.1.3]
	at org.apache.catalina.core.ApplicationFilterChain.internalDoFilter(ApplicationFilterChain.java:174) ~[tomcat-embed-core-10.1.18.jar:10.1.18]
	at org.apache.catalina.core.ApplicationFilterChain.doFilter(ApplicationFilterChain.java:149) ~[tomcat-embed-core-10.1.18.jar:10.1.18]
	at org.springframework.web.filter.CharacterEncodingFilter.doFilterInternal(CharacterEncodingFilter.java:201) ~[spring-web-6.1.3.jar:6.1.3]
	at org.springframework.web.filter.OncePerRequestFilter.doFilter(OncePerRequestFilter.java:116) ~[spring-web-6.1.3.jar:6.1.3]
	at org.apache.catalina.core.ApplicationFilterChain.internalDoFilter(ApplicationFilterChain.java:174) ~[tomcat-embed-core-10.1.18.jar:10.1.18]
	at org.apache.catalina.core.ApplicationFilterChain.doFilter(ApplicationFilterChain.java:149) ~[tomcat-embed-core-10.1.18.jar:10.1.18]
	at org.apache.catalina.core.StandardWrapperValve.invoke(StandardWrapperValve.java:167) ~[tomcat-embed-core-10.1.18.jar:10.1.18]
	at org.apache.catalina.core.StandardContextValve.invoke(StandardContextValve.java:90) ~[tomcat-embed-core-10.1.18.jar:10.1.18]
	at org.apache.catalina.authenticator.AuthenticatorBase.invoke(AuthenticatorBase.java:482) ~[tomcat-embed-core-10.1.18.jar:10.1.18]
	at org.apache.catalina.core.StandardHostValve.invoke(StandardHostValve.java:115) ~[tomcat-embed-core-10.1.18.jar:10.1.18]
	at org.apache.catalina.valves.ErrorReportValve.invoke(ErrorReportValve.java:93) ~[tomcat-embed-core-10.1.18.jar:10.1.18]
	at org.apache.catalina.core.StandardEngineValve.invoke(StandardEngineValve.java:74) ~[tomcat-embed-core-10.1.18.jar:10.1.18]
	at org.apache.catalina.connector.CoyoteAdapter.service(CoyoteAdapter.java:340) ~[tomcat-embed-core-10.1.18.jar:10.1.18]
	at org.apache.coyote.http11.Http11Processor.service(Http11Processor.java:391) ~[tomcat-embed-core-10.1.18.jar:10.1.18]
	at org.apache.coyote.AbstractProcessorLight.process(AbstractProcessorLight.java:63) ~[tomcat-embed-core-10.1.18.jar:10.1.18]
	at org.apache.coyote.AbstractProtocol$ConnectionHandler.process(AbstractProtocol.java:896) ~[tomcat-embed-core-10.1.18.jar:10.1.18]
	at org.apache.tomcat.util.net.NioEndpoint$SocketProcessor.doRun(NioEndpoint.java:1744) ~[tomcat-embed-core-10.1.18.jar:10.1.18]
	at org.apache.tomcat.util.net.SocketProcessorBase.run(SocketProcessorBase.java:52) ~[tomcat-embed-core-10.1.18.jar:10.1.18]
	at org.apache.tomcat.util.threads.ThreadPoolExecutor.runWorker(ThreadPoolExecutor.java:1191) ~[tomcat-embed-core-10.1.18.jar:10.1.18]
	at org.apache.tomcat.util.threads.ThreadPoolExecutor$Worker.run(ThreadPoolExecutor.java:659) ~[tomcat-embed-core-10.1.18.jar:10.1.18]
	at org.apache.tomcat.util.threads.TaskThread$WrappingRunnable.run(TaskThread.java:61) ~[tomcat-embed-core-10.1.18.jar:10.1.18]
	at java.base/java.lang.Thread.run(Thread.java:833) ~[na:na]

2026-02-18T21:39:17.989+08:00  INFO 29084 --- [yanshi-backend] [http-nio-8080-exec-6] c.yanshi.controller.ArticleController    : 按来源统计文章
2026-02-18T21:39:17.990+08:00  INFO 29084 --- [yanshi-backend] [http-nio-8080-exec-4] c.yanshi.controller.ArticleController    : 查询文章列表: com.yanshi.dto.ArticleQueryDTO@2c363403
2026-02-18T21:39:17.990+08:00  INFO 29084 --- [yanshi-backend] [http-nio-8080-exec-5] c.yanshi.controller.ArticleController    : 按分类统计文章
2026-02-18T21:39:17.990+08:00  INFO 29084 --- [yanshi-backend] [http-nio-8080-exec-1] c.yanshi.controller.ArticleController    : 获取最新文章: limit=5
2026-02-18T21:39:39.118+08:00  INFO 29084 --- [yanshi-backend] [SpringApplicationShutdownHook] com.zaxxer.hikari.HikariDataSource       : HikariPool-1 - Shutdown initiated...
2026-02-18T21:39:39.119+08:00  INFO 29084 --- [yanshi-backend] [SpringApplicationShutdownHook] com.zaxxer.hikari.HikariDataSource       : HikariPool-1 - Shutdown completed.
2026-02-18T21:39:41.392+08:00  INFO 36620 --- [yanshi-backend] [main] com.yanshi.YanshiBackendApplication      : Starting YanshiBackendApplication using Java 17.0.1 with PID 36620 (D:\doc\develop\yanshi\backend\target\classes started by Lin in D:\doc\develop\yanshi\backend)
2026-02-18T21:39:41.393+08:00  INFO 36620 --- [yanshi-backend] [main] com.yanshi.YanshiBackendApplication      : No active profile set, falling back to 1 default profile: "default"
2026-02-18T21:39:42.071+08:00  INFO 36620 --- [yanshi-backend] [main] o.s.b.w.embedded.tomcat.TomcatWebServer  : Tomcat initialized with port 8080 (http)
2026-02-18T21:39:42.122+08:00  INFO 36620 --- [yanshi-backend] [main] w.s.c.ServletWebServerApplicationContext : Root WebApplicationContext: initialization completed in 703 ms
