2026-02-16 22:49:57,562 [INFO] db_storage: 数据库管理器初始化完成
2026-02-16 22:49:57,562 [INFO] __main__: ============================================================
2026-02-16 22:49:57,563 [INFO] __main__: 研时爬虫系统启动
2026-02-16 22:49:57,563 [INFO] __main__: ============================================================
2026-02-16 22:49:57,563 [INFO] __main__: 测试数据库连接...
2026-02-16 22:49:57,569 [INFO] db_storage: 数据库连接测试成功
2026-02-16 22:49:57,569 [INFO] __main__: ✓ 数据库连接正常
2026-02-16 22:49:57,569 [INFO] __main__: 初始化爬虫实例...
2026-02-16 22:49:57,569 [INFO] spiders: 初始化爬虫: 新华网-首页
2026-02-16 22:49:57,570 [INFO] __main__: ✓ 初始化爬虫: 新华网-首页
2026-02-16 22:49:57,570 [INFO] spiders: 初始化爬虫: 新华网-会议活动
2026-02-16 22:49:57,570 [INFO] __main__: ✓ 初始化爬虫: 新华网-会议活动
2026-02-16 22:49:57,570 [INFO] spiders: 初始化爬虫: 新华网-视评
2026-02-16 22:49:57,570 [INFO] __main__: ✓ 初始化爬虫: 新华网-视评
2026-02-16 22:49:57,570 [INFO] spiders: 初始化爬虫: 人民网评
2026-02-16 22:49:57,570 [INFO] __main__: ✓ 初始化爬虫: 人民网评
2026-02-16 22:49:57,570 [INFO] __main__: 开始爬取所有数据源...
2026-02-16 22:49:57,571 [INFO] __main__: ------------------------------------------------------------
2026-02-16 22:49:57,571 [INFO] __main__: 
[新华网-首页] 开始爬取...
2026-02-16 22:49:57,571 [INFO] spiders: 开始爬取: 新华网-首页
2026-02-16 22:49:57,571 [DEBUG] spiders: 请求URL: http://www.news.cn/politics/leaders/index.htm (尝试 1/3)
2026-02-16 22:49:57,572 [DEBUG] urllib3.connectionpool: Starting new HTTP connection (1): www.news.cn:80
2026-02-16 22:49:57,893 [DEBUG] urllib3.connectionpool: http://www.news.cn:80 "GET /politics/leaders/index.htm HTTP/1.1" 200 4779
2026-02-16 22:49:57,894 [INFO] spiders: 成功获取: http://www.news.cn/politics/leaders/index.htm (状态码: 200)
2026-02-16 22:49:57,903 [INFO] spiders: 新华网-首页 解析到 0 篇文章
2026-02-16 22:49:59,905 [INFO] __main__:   未获取到文章
2026-02-16 22:49:59,905 [INFO] __main__: 
[新华网-会议活动] 开始爬取...
2026-02-16 22:49:59,905 [INFO] spiders: 开始爬取: 新华网-会议活动
2026-02-16 22:49:59,905 [DEBUG] spiders: 请求URL: http://www.news.cn/politics/leaders/cpc20/hyhd.htm (尝试 1/3)
2026-02-16 22:49:59,906 [DEBUG] urllib3.connectionpool: Starting new HTTP connection (1): www.news.cn:80
2026-02-16 22:50:00,070 [DEBUG] urllib3.connectionpool: http://www.news.cn:80 "GET /politics/leaders/cpc20/hyhd.htm HTTP/1.1" 404 1818
2026-02-16 22:50:00,071 [ERROR] spiders: 请求失败: http://www.news.cn/politics/leaders/cpc20/hyhd.htm - 404 Client Error: Not Found for url: http://www.news.cn/politics/leaders/cpc20/hyhd.htm
2026-02-16 22:50:02,072 [DEBUG] spiders: 请求URL: http://www.news.cn/politics/leaders/cpc20/hyhd.htm (尝试 2/3)
2026-02-16 22:50:02,090 [DEBUG] urllib3.connectionpool: http://www.news.cn:80 "GET /politics/leaders/cpc20/hyhd.htm HTTP/1.1" 404 1818
2026-02-16 22:50:02,090 [ERROR] spiders: 请求失败: http://www.news.cn/politics/leaders/cpc20/hyhd.htm - 404 Client Error: Not Found for url: http://www.news.cn/politics/leaders/cpc20/hyhd.htm
2026-02-16 22:50:04,091 [DEBUG] spiders: 请求URL: http://www.news.cn/politics/leaders/cpc20/hyhd.htm (尝试 3/3)
2026-02-16 22:50:04,110 [DEBUG] urllib3.connectionpool: http://www.news.cn:80 "GET /politics/leaders/cpc20/hyhd.htm HTTP/1.1" 404 1818
2026-02-16 22:50:04,110 [ERROR] spiders: 请求失败: http://www.news.cn/politics/leaders/cpc20/hyhd.htm - 404 Client Error: Not Found for url: http://www.news.cn/politics/leaders/cpc20/hyhd.htm
2026-02-16 22:50:04,110 [ERROR] spiders: 获取 新华网-会议活动 列表失败
2026-02-16 22:50:04,111 [INFO] __main__:   未获取到文章
2026-02-16 22:50:04,111 [INFO] __main__: 
[新华网-视评] 开始爬取...
2026-02-16 22:50:04,111 [INFO] spiders: 开始爬取: 新华网-视评
2026-02-16 22:50:04,111 [DEBUG] spiders: 请求URL: https://www.news.cn/comments/zt/xhwsp/index.html (尝试 1/3)
2026-02-16 22:50:04,112 [DEBUG] urllib3.connectionpool: Starting new HTTPS connection (1): www.news.cn:443
2026-02-16 22:50:04,697 [DEBUG] urllib3.connectionpool: https://www.news.cn:443 "GET /comments/zt/xhwsp/index.html HTTP/1.1" 200 64259
2026-02-16 22:50:04,720 [INFO] spiders: 成功获取: https://www.news.cn/comments/zt/xhwsp/index.html (状态码: 200)
2026-02-16 22:50:04,759 [INFO] spiders: 新华网-视评 解析到 194 篇文章
2026-02-16 22:50:06,760 [INFO] __main__:   开始爬取详情 (194 篇)...
2026-02-16 22:50:06,761 [DEBUG] spiders: 请求URL: https://www.news.cn/comments/20260214/61ec77e436254793bebf3a13434e8d36/c.html (尝试 1/3)
2026-02-16 22:50:06,869 [DEBUG] urllib3.connectionpool: https://www.news.cn:443 "GET /comments/20260214/61ec77e436254793bebf3a13434e8d36/c.html HTTP/1.1" 200 3290
2026-02-16 22:50:06,870 [INFO] spiders: 成功获取: https://www.news.cn/comments/20260214/61ec77e436254793bebf3a13434e8d36/c.html (状态码: 200)
2026-02-16 22:50:06,872 [DEBUG] spiders: 成功获取详情: 新华网视评丨这样的暖心服务，可以更多些
2026-02-16 22:50:06,872 [DEBUG] spiders: 请求URL: https://www.news.cn/comments/20260211/27a2e1c4207c4b49b7eacd97ddf78fdc/c.html (尝试 1/3)
2026-02-16 22:50:07,140 [DEBUG] urllib3.connectionpool: https://www.news.cn:443 "GET /comments/20260211/27a2e1c4207c4b49b7eacd97ddf78fdc/c.html HTTP/1.1" 200 3290
2026-02-16 22:50:07,140 [INFO] spiders: 成功获取: https://www.news.cn/comments/20260211/27a2e1c4207c4b49b7eacd97ddf78fdc/c.html (状态码: 200)
2026-02-16 22:50:07,145 [DEBUG] spiders: 成功获取详情: 新华网视评丨这个“网红”记大功，追授优秀共产党员称号
2026-02-16 22:50:07,145 [DEBUG] spiders: 请求URL: https://www.news.cn/comments/20260207/0d50a3924b704f4ab2ab02512c0e3e42/c.html (尝试 1/3)
2026-02-16 22:50:07,249 [DEBUG] urllib3.connectionpool: https://www.news.cn:443 "GET /comments/20260207/0d50a3924b704f4ab2ab02512c0e3e42/c.html HTTP/1.1" 200 3871
2026-02-16 22:50:07,250 [INFO] spiders: 成功获取: https://www.news.cn/comments/20260207/0d50a3924b704f4ab2ab02512c0e3e42/c.html (状态码: 200)
2026-02-16 22:50:07,253 [DEBUG] spiders: 成功获取详情: 新华网视评丨厘清家校权责边界
2026-02-16 22:50:07,253 [DEBUG] spiders: 请求URL: https://www.news.cn/comments/20260207/f9e8123ffab748a5819dc8c851535346/c.html (尝试 1/3)
2026-02-16 22:50:07,389 [DEBUG] urllib3.connectionpool: https://www.news.cn:443 "GET /comments/20260207/f9e8123ffab748a5819dc8c851535346/c.html HTTP/1.1" 200 3465
2026-02-16 22:50:07,390 [INFO] spiders: 成功获取: https://www.news.cn/comments/20260207/f9e8123ffab748a5819dc8c851535346/c.html (状态码: 200)
2026-02-16 22:50:07,392 [DEBUG] spiders: 成功获取详情: 新华网视评丨家长当好家长 老师做好老师
2026-02-16 22:50:07,392 [DEBUG] spiders: 请求URL: https://www.news.cn/comments/20260205/1bfbe634547e4c29bafcdd7995968edf/c.html (尝试 1/3)
2026-02-16 22:50:07,530 [DEBUG] urllib3.connectionpool: https://www.news.cn:443 "GET /comments/20260205/1bfbe634547e4c29bafcdd7995968edf/c.html HTTP/1.1" 200 3805
2026-02-16 22:50:07,531 [INFO] spiders: 成功获取: https://www.news.cn/comments/20260205/1bfbe634547e4c29bafcdd7995968edf/c.html (状态码: 200)
2026-02-16 22:50:07,534 [DEBUG] spiders: 成功获取详情: 新华网视评丨春运出行，这些谣言必须当心
2026-02-16 22:50:07,534 [INFO] __main__:   进度: 5/194
2026-02-16 22:50:07,534 [DEBUG] spiders: 请求URL: https://www.news.cn/comments/20260130/ad5a31b03b234e4fbac5ea1211e4fa5b/c.html (尝试 1/3)
2026-02-16 22:50:07,629 [DEBUG] urllib3.connectionpool: https://www.news.cn:443 "GET /comments/20260130/ad5a31b03b234e4fbac5ea1211e4fa5b/c.html HTTP/1.1" 200 3702
2026-02-16 22:50:07,630 [INFO] spiders: 成功获取: https://www.news.cn/comments/20260130/ad5a31b03b234e4fbac5ea1211e4fa5b/c.html (状态码: 200)
2026-02-16 22:50:07,632 [DEBUG] spiders: 成功获取详情: 新华网视评丨致敬这些平凡而伟大的守护
2026-02-16 22:50:07,632 [DEBUG] spiders: 请求URL: https://www.news.cn/comments/20260123/d2046ed325c24db89e11e8b8ce06202d/c.html (尝试 1/3)
2026-02-16 22:50:07,740 [DEBUG] urllib3.connectionpool: https://www.news.cn:443 "GET /comments/20260123/d2046ed325c24db89e11e8b8ce06202d/c.html HTTP/1.1" 200 3603
2026-02-16 22:50:07,740 [INFO] spiders: 成功获取: https://www.news.cn/comments/20260123/d2046ed325c24db89e11e8b8ce06202d/c.html (状态码: 200)
2026-02-16 22:50:07,743 [DEBUG] spiders: 成功获取详情: 新华网视评丨这三起典型案例，都暴露出同一个问题
2026-02-16 22:50:07,744 [DEBUG] spiders: 请求URL: https://www.news.cn/comments/20260122/7eda28dc407141559c6e7914d1be072e/c.html (尝试 1/3)
2026-02-16 22:50:07,850 [DEBUG] urllib3.connectionpool: https://www.news.cn:443 "GET /comments/20260122/7eda28dc407141559c6e7914d1be072e/c.html HTTP/1.1" 200 3433
2026-02-16 22:50:07,850 [INFO] spiders: 成功获取: https://www.news.cn/comments/20260122/7eda28dc407141559c6e7914d1be072e/c.html (状态码: 200)
2026-02-16 22:50:07,853 [DEBUG] spiders: 成功获取详情: 新华网视评丨一个行业协会，真的需要这么多副会长吗？
2026-02-16 22:50:07,853 [DEBUG] spiders: 请求URL: https://www.news.cn/comments/20260120/dec2bc56d8484e379d18af36f026521b/c.html (尝试 1/3)
2026-02-16 22:50:07,959 [DEBUG] urllib3.connectionpool: https://www.news.cn:443 "GET /comments/20260120/dec2bc56d8484e379d18af36f026521b/c.html HTTP/1.1" 200 3602
2026-02-16 22:50:07,960 [INFO] spiders: 成功获取: https://www.news.cn/comments/20260120/dec2bc56d8484e379d18af36f026521b/c.html (状态码: 200)
2026-02-16 22:50:07,965 [DEBUG] spiders: 成功获取详情: 新华网视评丨平台越大，越要守规矩有担当
2026-02-16 22:50:07,965 [DEBUG] spiders: 请求URL: https://www.news.cn/comments/20260113/31301897451949dc9d2b50e1623616f2/c.html (尝试 1/3)
2026-02-16 22:50:08,070 [DEBUG] urllib3.connectionpool: https://www.news.cn:443 "GET /comments/20260113/31301897451949dc9d2b50e1623616f2/c.html HTTP/1.1" 200 3245
2026-02-16 22:50:08,070 [INFO] spiders: 成功获取: https://www.news.cn/comments/20260113/31301897451949dc9d2b50e1623616f2/c.html (状态码: 200)
2026-02-16 22:50:08,074 [DEBUG] spiders: 成功获取详情: 新华网视评丨司法公开不能“匿名”，责任担当不可“隐身”
2026-02-16 22:50:08,074 [INFO] __main__:   进度: 10/194
2026-02-16 22:50:08,074 [DEBUG] spiders: 请求URL: https://www.news.cn/comments/20260109/47b9a97819d04f6d86163fce4eefe4d0/c.html (尝试 1/3)
2026-02-16 22:50:08,201 [DEBUG] urllib3.connectionpool: https://www.news.cn:443 "GET /comments/20260109/47b9a97819d04f6d86163fce4eefe4d0/c.html HTTP/1.1" 200 3414
2026-02-16 22:50:08,201 [INFO] spiders: 成功获取: https://www.news.cn/comments/20260109/47b9a97819d04f6d86163fce4eefe4d0/c.html (状态码: 200)
2026-02-16 22:50:08,204 [DEBUG] spiders: 成功获取详情: 新华网视评丨敬畏自然，敬畏生命
2026-02-16 22:50:08,204 [DEBUG] spiders: 请求URL: https://www.news.cn/comments/20260107/759a41c458134a7f8e2feae72c0643ed/c.html (尝试 1/3)
2026-02-16 22:50:08,330 [DEBUG] urllib3.connectionpool: https://www.news.cn:443 "GET /comments/20260107/759a41c458134a7f8e2feae72c0643ed/c.html HTTP/1.1" 200 3456
2026-02-16 22:50:08,330 [INFO] spiders: 成功获取: https://www.news.cn/comments/20260107/759a41c458134a7f8e2feae72c0643ed/c.html (状态码: 200)
2026-02-16 22:50:08,333 [DEBUG] spiders: 成功获取详情: 新华网视评丨“宝华月季”，因何而美？
2026-02-16 22:50:08,333 [DEBUG] spiders: 请求URL: https://www.news.cn/comments/20260105/dfa4e0d6ce874db69ecb4fd2e633d9d5/c.html (尝试 1/3)
2026-02-16 22:50:08,471 [DEBUG] urllib3.connectionpool: https://www.news.cn:443 "GET /comments/20260105/dfa4e0d6ce874db69ecb4fd2e633d9d5/c.html HTTP/1.1" 200 3206
2026-02-16 22:50:08,472 [INFO] spiders: 成功获取: https://www.news.cn/comments/20260105/dfa4e0d6ce874db69ecb4fd2e633d9d5/c.html (状态码: 200)
2026-02-16 22:50:08,475 [DEBUG] spiders: 成功获取详情: 新华网视评｜易燃易爆的氢气球，并非浪漫的选择
2026-02-16 22:50:08,475 [DEBUG] spiders: 请求URL: https://www.news.cn/comments/20260102/d5da9e5ac9474eb497c3afcf3b261f45/c.html (尝试 1/3)
2026-02-16 22:50:08,590 [DEBUG] urllib3.connectionpool: https://www.news.cn:443 "GET /comments/20260102/d5da9e5ac9474eb497c3afcf3b261f45/c.html HTTP/1.1" 200 3403
2026-02-16 22:50:08,590 [INFO] spiders: 成功获取: https://www.news.cn/comments/20260102/d5da9e5ac9474eb497c3afcf3b261f45/c.html (状态码: 200)
2026-02-16 22:50:08,593 [DEBUG] spiders: 成功获取详情: 新华网视评｜电动自行车上楼入户，除了“防”还得“疏”
2026-02-16 22:50:08,593 [DEBUG] spiders: 请求URL: https://www.news.cn/comments/20251231/adb6e4dd9b554ae586c5a2e30153af90/c.html (尝试 1/3)
2026-02-16 22:50:08,711 [DEBUG] urllib3.connectionpool: https://www.news.cn:443 "GET /comments/20251231/adb6e4dd9b554ae586c5a2e30153af90/c.html HTTP/1.1" 200 3402
2026-02-16 22:50:08,711 [INFO] spiders: 成功获取: https://www.news.cn/comments/20251231/adb6e4dd9b554ae586c5a2e30153af90/c.html (状态码: 200)
2026-02-16 22:50:08,714 [DEBUG] spiders: 成功获取详情: 新华网视评｜警惕这些年底诈骗新招
2026-02-16 22:50:08,714 [INFO] __main__:   进度: 15/194
2026-02-16 22:50:08,714 [DEBUG] spiders: 请求URL: https://www.news.cn/comments/20251226/25f7830047ad45baaa6d235c3155345b/c.html (尝试 1/3)
2026-02-16 22:50:08,860 [DEBUG] urllib3.connectionpool: https://www.news.cn:443 "GET /comments/20251226/25f7830047ad45baaa6d235c3155345b/c.html HTTP/1.1" 200 3505
2026-02-16 22:50:08,860 [INFO] spiders: 成功获取: https://www.news.cn/comments/20251226/25f7830047ad45baaa6d235c3155345b/c.html (状态码: 200)
2026-02-16 22:50:08,863 [DEBUG] spiders: 成功获取详情: 新华网视评｜给幼儿园乱收费戴上“紧箍咒”
2026-02-16 22:50:08,864 [DEBUG] spiders: 请求URL: https://www.news.cn/comments/20251222/7f477a2ce1e844ff928f1381c0c0a8d1/c.html (尝试 1/3)
2026-02-16 22:50:08,959 [DEBUG] urllib3.connectionpool: https://www.news.cn:443 "GET /comments/20251222/7f477a2ce1e844ff928f1381c0c0a8d1/c.html HTTP/1.1" 200 3506
2026-02-16 22:50:08,959 [INFO] spiders: 成功获取: https://www.news.cn/comments/20251222/7f477a2ce1e844ff928f1381c0c0a8d1/c.html (状态码: 200)
2026-02-16 22:50:08,962 [DEBUG] spiders: 成功获取详情: 新华网视评｜别让“闹心事”透支航司口碑
2026-02-16 22:50:08,963 [DEBUG] spiders: 请求URL: https://www.news.cn/comments/20251219/09c43c348e9f461b869266a905c92a5b/c.html (尝试 1/3)
2026-02-16 22:50:09,090 [DEBUG] urllib3.connectionpool: https://www.news.cn:443 "GET /comments/20251219/09c43c348e9f461b869266a905c92a5b/c.html HTTP/1.1" 200 3530
2026-02-16 22:50:09,091 [INFO] spiders: 成功获取: https://www.news.cn/comments/20251219/09c43c348e9f461b869266a905c92a5b/c.html (状态码: 200)
2026-02-16 22:50:09,095 [DEBUG] spiders: 成功获取详情: 新华网视评｜让食物发挥“余热”，点赞！
2026-02-16 22:50:09,095 [DEBUG] spiders: 请求URL: https://www.news.cn/comments/20251219/7afb4e559293448991ec03a072c512aa/c.html (尝试 1/3)
2026-02-16 22:50:09,539 [DEBUG] urllib3.connectionpool: https://www.news.cn:443 "GET /comments/20251219/7afb4e559293448991ec03a072c512aa/c.html HTTP/1.1" 200 3398
2026-02-16 22:50:09,540 [INFO] spiders: 成功获取: https://www.news.cn/comments/20251219/7afb4e559293448991ec03a072c512aa/c.html (状态码: 200)
2026-02-16 22:50:09,542 [DEBUG] spiders: 成功获取详情: 新华网视评｜儿童设施不能只注重美观
2026-02-16 22:50:09,543 [DEBUG] spiders: 请求URL: https://www.news.cn/comments/20251218/23a73227218941458a29d035f91002fc/c.html (尝试 1/3)
2026-02-16 22:50:09,679 [DEBUG] urllib3.connectionpool: https://www.news.cn:443 "GET /comments/20251218/23a73227218941458a29d035f91002fc/c.html HTTP/1.1" 200 3393
2026-02-16 22:50:09,680 [INFO] spiders: 成功获取: https://www.news.cn/comments/20251218/23a73227218941458a29d035f91002fc/c.html (状态码: 200)
2026-02-16 22:50:09,682 [DEBUG] spiders: 成功获取详情: 新华网视评｜城市更新，无障碍设施也要更新
2026-02-16 22:50:09,682 [INFO] __main__:   进度: 20/194
2026-02-16 22:50:09,683 [DEBUG] spiders: 请求URL: https://www.news.cn/comments/20251217/6c02661a432844cb9e2a74efa1cf878c/c.html (尝试 1/3)
2026-02-16 22:50:09,799 [DEBUG] urllib3.connectionpool: https://www.news.cn:443 "GET /comments/20251217/6c02661a432844cb9e2a74efa1cf878c/c.html HTTP/1.1" 200 3187
2026-02-16 22:50:09,800 [INFO] spiders: 成功获取: https://www.news.cn/comments/20251217/6c02661a432844cb9e2a74efa1cf878c/c.html (状态码: 200)
2026-02-16 22:50:09,804 [DEBUG] spiders: 成功获取详情: 新华网视评｜公共标识让大家看懂是前提
2026-02-16 22:50:09,805 [DEBUG] spiders: 请求URL: https://www.news.cn/comments/20251205/1d8111f45b4e49ff98eb7161f2f91085/c.html (尝试 1/3)
2026-02-16 22:50:09,971 [DEBUG] urllib3.connectionpool: https://www.news.cn:443 "GET /comments/20251205/1d8111f45b4e49ff98eb7161f2f91085/c.html HTTP/1.1" 200 3468
2026-02-16 22:50:09,971 [INFO] spiders: 成功获取: https://www.news.cn/comments/20251205/1d8111f45b4e49ff98eb7161f2f91085/c.html (状态码: 200)
2026-02-16 22:50:09,974 [DEBUG] spiders: 成功获取详情: 新华网视评｜善听消费者声音很有必要
2026-02-16 22:50:09,974 [DEBUG] spiders: 请求URL: https://www.news.cn/comments/20251204/51b6987135ce4f17ae46e8587a8713c1/c.html (尝试 1/3)
2026-02-16 22:50:10,109 [DEBUG] urllib3.connectionpool: https://www.news.cn:443 "GET /comments/20251204/51b6987135ce4f17ae46e8587a8713c1/c.html HTTP/1.1" 200 3418
2026-02-16 22:50:10,110 [INFO] spiders: 成功获取: https://www.news.cn/comments/20251204/51b6987135ce4f17ae46e8587a8713c1/c.html (状态码: 200)
2026-02-16 22:50:10,112 [DEBUG] spiders: 成功获取详情: 新华网视评｜让低俗团播彻底“下线退场”
2026-02-16 22:50:10,113 [DEBUG] spiders: 请求URL: https://www.news.cn/comments/20251121/c44b86aeb9ab43989179f5585ffdf9ea/c.html (尝试 1/3)
2026-02-16 22:50:10,209 [DEBUG] urllib3.connectionpool: https://www.news.cn:443 "GET /comments/20251121/c44b86aeb9ab43989179f5585ffdf9ea/c.html HTTP/1.1" 200 3568
2026-02-16 22:50:10,210 [INFO] spiders: 成功获取: https://www.news.cn/comments/20251121/c44b86aeb9ab43989179f5585ffdf9ea/c.html (状态码: 200)
2026-02-16 22:50:10,213 [DEBUG] spiders: 成功获取详情: 新华网视评｜剜除“摆拍造谣”这颗网络毒瘤
2026-02-16 22:50:10,213 [DEBUG] spiders: 请求URL: https://www.news.cn/comments/20251120/4f4210855f414cedb56ab5e3c3d1d7ea/c.html (尝试 1/3)
2026-02-16 22:50:10,350 [DEBUG] urllib3.connectionpool: https://www.news.cn:443 "GET /comments/20251120/4f4210855f414cedb56ab5e3c3d1d7ea/c.html HTTP/1.1" 200 3495
2026-02-16 22:50:10,350 [INFO] spiders: 成功获取: https://www.news.cn/comments/20251120/4f4210855f414cedb56ab5e3c3d1d7ea/c.html (状态码: 200)
2026-02-16 22:50:10,353 [DEBUG] spiders: 成功获取详情: 新华网视评丨别让“随口一说”成为扎向企业的“软刀子”
2026-02-16 22:50:10,353 [INFO] __main__:   进度: 25/194
2026-02-16 22:50:10,354 [DEBUG] spiders: 请求URL: https://www.news.cn/comments/20251119/3af44fab49dd43fc87130c52bb2c4b68/c.html (尝试 1/3)
2026-02-16 22:50:10,551 [DEBUG] urllib3.connectionpool: https://www.news.cn:443 "GET /comments/20251119/3af44fab49dd43fc87130c52bb2c4b68/c.html HTTP/1.1" 200 3574
2026-02-16 22:50:10,551 [INFO] spiders: 成功获取: https://www.news.cn/comments/20251119/3af44fab49dd43fc87130c52bb2c4b68/c.html (状态码: 200)
2026-02-16 22:50:10,556 [DEBUG] spiders: 成功获取详情: 新华网视评丨警惕政策一上新谣言就上线
2026-02-16 22:50:10,556 [DEBUG] spiders: 请求URL: https://www.news.cn/comments/20251113/879a26ae53784c6d969aa0a245fa5ebb/c.html (尝试 1/3)
2026-02-16 22:50:10,739 [DEBUG] urllib3.connectionpool: https://www.news.cn:443 "GET /comments/20251113/879a26ae53784c6d969aa0a245fa5ebb/c.html HTTP/1.1" 200 3157
2026-02-16 22:50:10,740 [INFO] spiders: 成功获取: https://www.news.cn/comments/20251113/879a26ae53784c6d969aa0a245fa5ebb/c.html (状态码: 200)
2026-02-16 22:50:10,743 [DEBUG] spiders: 成功获取详情: 新华网视评丨“免费”谣言引哄抢，这样的闹剧当休矣
2026-02-16 22:50:10,743 [DEBUG] spiders: 请求URL: https://www.news.cn/comments/20251109/6b00591ab17745fea7cb418e8bc6b5fb/c.html (尝试 1/3)
2026-02-16 22:50:10,849 [DEBUG] urllib3.connectionpool: https://www.news.cn:443 "GET /comments/20251109/6b00591ab17745fea7cb418e8bc6b5fb/c.html HTTP/1.1" 200 3689
2026-02-16 22:50:10,850 [INFO] spiders: 成功获取: https://www.news.cn/comments/20251109/6b00591ab17745fea7cb418e8bc6b5fb/c.html (状态码: 200)
2026-02-16 22:50:10,855 [DEBUG] spiders: 成功获取详情: 新华网视评｜滥用AI模特有可能触碰法律红线
2026-02-16 22:50:10,855 [DEBUG] spiders: 请求URL: https://www.news.cn/comments/20251108/ba4b9dba40d54f82a0b9e2a94133bbe9/c.html (尝试 1/3)
2026-02-16 22:50:11,240 [DEBUG] urllib3.connectionpool: https://www.news.cn:443 "GET /comments/20251108/ba4b9dba40d54f82a0b9e2a94133bbe9/c.html HTTP/1.1" 200 3717
2026-02-16 22:50:11,240 [INFO] spiders: 成功获取: https://www.news.cn/comments/20251108/ba4b9dba40d54f82a0b9e2a94133bbe9/c.html (状态码: 200)
2026-02-16 22:50:11,245 [DEBUG] spiders: 成功获取详情: 新华网视评｜擅自替商家调价，是一种“霸权”行为
2026-02-16 22:50:11,245 [DEBUG] spiders: 请求URL: https://www.news.cn/comments/20251107/56175f4af0f34613b754a8cb2790f88c/c.html (尝试 1/3)
2026-02-16 22:50:11,390 [DEBUG] urllib3.connectionpool: https://www.news.cn:443 "GET /comments/20251107/56175f4af0f34613b754a8cb2790f88c/c.html HTTP/1.1" 200 3515
2026-02-16 22:50:11,390 [INFO] spiders: 成功获取: https://www.news.cn/comments/20251107/56175f4af0f34613b754a8cb2790f88c/c.html (状态码: 200)
2026-02-16 22:50:11,395 [DEBUG] spiders: 成功获取详情: 新华网视评｜“管不住”的套路，“够不着”的监管
2026-02-16 22:50:11,396 [INFO] __main__:   进度: 30/194
2026-02-16 22:50:11,396 [DEBUG] spiders: 请求URL: https://www.news.cn/comments/20251105/a7160cd0126d48d385e7c059bb217719/c.html (尝试 1/3)
2026-02-16 22:50:11,500 [DEBUG] urllib3.connectionpool: https://www.news.cn:443 "GET /comments/20251105/a7160cd0126d48d385e7c059bb217719/c.html HTTP/1.1" 200 3210
2026-02-16 22:50:11,500 [INFO] spiders: 成功获取: https://www.news.cn/comments/20251105/a7160cd0126d48d385e7c059bb217719/c.html (状态码: 200)
2026-02-16 22:50:11,503 [DEBUG] spiders: 成功获取详情: 新华网视评｜拿AI编造案例当诉讼依据，荒唐！
2026-02-16 22:50:11,503 [DEBUG] spiders: 请求URL: https://www.news.cn/comments/20251104/eaa20b0144744d7aa0096c2654fb1541/c.html (尝试 1/3)
2026-02-16 22:50:11,609 [DEBUG] urllib3.connectionpool: https://www.news.cn:443 "GET /comments/20251104/eaa20b0144744d7aa0096c2654fb1541/c.html HTTP/1.1" 200 3281
2026-02-16 22:50:11,610 [INFO] spiders: 成功获取: https://www.news.cn/comments/20251104/eaa20b0144744d7aa0096c2654fb1541/c.html (状态码: 200)
2026-02-16 22:50:11,612 [DEBUG] spiders: 成功获取详情: 新华网视评｜公共服务怎能给商业广告“让路”
2026-02-16 22:50:11,612 [DEBUG] spiders: 请求URL: https://www.news.cn/comments/20251030/bc44015020d0463b86796b5f461849e8/c.html (尝试 1/3)
2026-02-16 22:50:11,719 [DEBUG] urllib3.connectionpool: https://www.news.cn:443 "GET /comments/20251030/bc44015020d0463b86796b5f461849e8/c.html HTTP/1.1" 200 3436
2026-02-16 22:50:11,720 [INFO] spiders: 成功获取: https://www.news.cn/comments/20251030/bc44015020d0463b86796b5f461849e8/c.html (状态码: 200)
2026-02-16 22:50:11,722 [DEBUG] spiders: 成功获取详情: 新华网视评｜私域直播岂能变成“坑老”陷阱
2026-02-16 22:50:11,722 [DEBUG] spiders: 请求URL: https://www.news.cn/comments/20251024/cd2ae190abe749739ab1f45bd4c6333e/c.html (尝试 1/3)
2026-02-16 22:50:11,829 [DEBUG] urllib3.connectionpool: https://www.news.cn:443 "GET /comments/20251024/cd2ae190abe749739ab1f45bd4c6333e/c.html HTTP/1.1" 200 3248
2026-02-16 22:50:11,829 [INFO] spiders: 成功获取: https://www.news.cn/comments/20251024/cd2ae190abe749739ab1f45bd4c6333e/c.html (状态码: 200)
2026-02-16 22:50:11,832 [DEBUG] spiders: 成功获取详情: 新华网视评︱要有“卷尺哥”，更要有“听劝局”
2026-02-16 22:50:11,832 [DEBUG] spiders: 请求URL: https://www.news.cn/comments/20251016/338594fb7dcb429c90999b27a1b87c2b/c.html (尝试 1/3)
2026-02-16 22:50:11,939 [DEBUG] urllib3.connectionpool: https://www.news.cn:443 "GET /comments/20251016/338594fb7dcb429c90999b27a1b87c2b/c.html HTTP/1.1" 200 3239
2026-02-16 22:50:11,940 [INFO] spiders: 成功获取: https://www.news.cn/comments/20251016/338594fb7dcb429c90999b27a1b87c2b/c.html (状态码: 200)
2026-02-16 22:50:11,942 [DEBUG] spiders: 成功获取详情: 新华网视评｜主食浪费，触目惊心
2026-02-16 22:50:11,943 [INFO] __main__:   进度: 35/194
2026-02-16 22:50:11,943 [DEBUG] spiders: 请求URL: https://www.news.cn/comments/20251015/9c038263aed24813b93073f21fa99b89/c.html (尝试 1/3)
2026-02-16 22:50:12,089 [DEBUG] urllib3.connectionpool: https://www.news.cn:443 "GET /comments/20251015/9c038263aed24813b93073f21fa99b89/c.html HTTP/1.1" 200 3333
2026-02-16 22:50:12,090 [INFO] spiders: 成功获取: https://www.news.cn/comments/20251015/9c038263aed24813b93073f21fa99b89/c.html (状态码: 200)
2026-02-16 22:50:12,093 [DEBUG] spiders: 成功获取详情: 新华网视评｜“仪式感”不是浪费的遮羞布
2026-02-16 22:50:12,093 [DEBUG] spiders: 请求URL: https://www.news.cn/comments/20251014/1cb6b202b6324678888447ecc481c934/c.html (尝试 1/3)
2026-02-16 22:50:12,490 [DEBUG] urllib3.connectionpool: https://www.news.cn:443 "GET /comments/20251014/1cb6b202b6324678888447ecc481c934/c.html HTTP/1.1" 200 3504
2026-02-16 22:50:12,490 [INFO] spiders: 成功获取: https://www.news.cn/comments/20251014/1cb6b202b6324678888447ecc481c934/c.html (状态码: 200)
2026-02-16 22:50:12,495 [DEBUG] spiders: 成功获取详情: 新华网视评｜别让外卖“满减”成“浪费”
2026-02-16 22:50:12,495 [DEBUG] spiders: 请求URL: https://www.news.cn/comments/20251013/4a4e0cd2c97a477ebf402f2b911855b7/c.html (尝试 1/3)
2026-02-16 22:50:12,600 [DEBUG] urllib3.connectionpool: https://www.news.cn:443 "GET /comments/20251013/4a4e0cd2c97a477ebf402f2b911855b7/c.html HTTP/1.1" 200 3393
2026-02-16 22:50:12,600 [INFO] spiders: 成功获取: https://www.news.cn/comments/20251013/4a4e0cd2c97a477ebf402f2b911855b7/c.html (状态码: 200)
2026-02-16 22:50:12,603 [DEBUG] spiders: 成功获取详情: 新华网视评｜坚决刹住“AI换装”亵渎军警形象这股歪风
2026-02-16 22:50:12,603 [DEBUG] spiders: 请求URL: https://www.news.cn/comments/20251012/b5ce28fbd2fc441085c5030c30329805/c.html (尝试 1/3)
2026-02-16 22:50:12,710 [DEBUG] urllib3.connectionpool: https://www.news.cn:443 "GET /comments/20251012/b5ce28fbd2fc441085c5030c30329805/c.html HTTP/1.1" 200 3235
2026-02-16 22:50:12,711 [INFO] spiders: 成功获取: https://www.news.cn/comments/20251012/b5ce28fbd2fc441085c5030c30329805/c.html (状态码: 200)
2026-02-16 22:50:12,714 [DEBUG] spiders: 成功获取详情: 新华网视评｜必须撕开“伪正能量”的遮羞布
2026-02-16 22:50:12,715 [DEBUG] spiders: 请求URL: https://www.news.cn/comments/20251010/fef123988a7b4d44bb2820bcaf00a1a3/c.html (尝试 1/3)
2026-02-16 22:50:12,810 [DEBUG] urllib3.connectionpool: https://www.news.cn:443 "GET /comments/20251010/fef123988a7b4d44bb2820bcaf00a1a3/c.html HTTP/1.1" 200 3461
2026-02-16 22:50:12,810 [INFO] spiders: 成功获取: https://www.news.cn/comments/20251010/fef123988a7b4d44bb2820bcaf00a1a3/c.html (状态码: 200)
2026-02-16 22:50:12,813 [DEBUG] spiders: 成功获取详情: 新华网视评｜破解假日充电难需要新思维
2026-02-16 22:50:12,813 [INFO] __main__:   进度: 40/194
2026-02-16 22:50:12,813 [DEBUG] spiders: 请求URL: https://www.news.cn/comments/20251001/2ed991d92d2f4d25bbf01df81e949ac7/c.html (尝试 1/3)
2026-02-16 22:50:12,929 [DEBUG] urllib3.connectionpool: https://www.news.cn:443 "GET /comments/20251001/2ed991d92d2f4d25bbf01df81e949ac7/c.html HTTP/1.1" 200 3230
2026-02-16 22:50:12,930 [INFO] spiders: 成功获取: https://www.news.cn/comments/20251001/2ed991d92d2f4d25bbf01df81e949ac7/c.html (状态码: 200)
2026-02-16 22:50:12,932 [DEBUG] spiders: 成功获取详情: 新华网视评｜靠“智驾神器”，无异于“智障行为”
2026-02-16 22:50:12,932 [DEBUG] spiders: 请求URL: https://www.news.cn/comments/20250925/53655b0e295749f89dc570c916899a5c/c.html (尝试 1/3)
2026-02-16 22:50:13,040 [DEBUG] urllib3.connectionpool: https://www.news.cn:443 "GET /comments/20250925/53655b0e295749f89dc570c916899a5c/c.html HTTP/1.1" 200 3221
2026-02-16 22:50:13,041 [INFO] spiders: 成功获取: https://www.news.cn/comments/20250925/53655b0e295749f89dc570c916899a5c/c.html (状态码: 200)
2026-02-16 22:50:13,047 [DEBUG] spiders: 成功获取详情: 新华网视评｜节假日不能是“宰客日”
2026-02-16 22:50:13,047 [DEBUG] spiders: 请求URL: https://www.news.cn/comments/20250918/d0dcc27b937f42d4b43a7fa1b3bca29e/c.html (尝试 1/3)
2026-02-16 22:50:13,140 [DEBUG] urllib3.connectionpool: https://www.news.cn:443 "GET /comments/20250918/d0dcc27b937f42d4b43a7fa1b3bca29e/c.html HTTP/1.1" 200 3171
2026-02-16 22:50:13,140 [INFO] spiders: 成功获取: https://www.news.cn/comments/20250918/d0dcc27b937f42d4b43a7fa1b3bca29e/c.html (状态码: 200)
2026-02-16 22:50:13,146 [DEBUG] spiders: 成功获取详情: 新华网视评｜“柴怼怼”们栽得不冤！
2026-02-16 22:50:13,146 [DEBUG] spiders: 请求URL: https://www.news.cn/comments/20250916/dc504729c6bb44f9974ef3a9c804ab14/c.html (尝试 1/3)
2026-02-16 22:50:13,290 [DEBUG] urllib3.connectionpool: https://www.news.cn:443 "GET /comments/20250916/dc504729c6bb44f9974ef3a9c804ab14/c.html HTTP/1.1" 200 3062
2026-02-16 22:50:13,291 [INFO] spiders: 成功获取: https://www.news.cn/comments/20250916/dc504729c6bb44f9974ef3a9c804ab14/c.html (状态码: 200)
2026-02-16 22:50:13,295 [DEBUG] spiders: 成功获取详情: 新华网视评｜警服不是流量道具
2026-02-16 22:50:13,295 [DEBUG] spiders: 请求URL: https://www.news.cn/comments/20250909/a57e353511d14909a0ac1dc2daef8342/c.html (尝试 1/3)
2026-02-16 22:50:13,400 [DEBUG] urllib3.connectionpool: https://www.news.cn:443 "GET /comments/20250909/a57e353511d14909a0ac1dc2daef8342/c.html HTTP/1.1" 200 3556
2026-02-16 22:50:13,400 [INFO] spiders: 成功获取: https://www.news.cn/comments/20250909/a57e353511d14909a0ac1dc2daef8342/c.html (状态码: 200)
2026-02-16 22:50:13,404 [DEBUG] spiders: 成功获取详情: 新华网视评｜AI岂能成为形式主义的“帮手”
2026-02-16 22:50:13,405 [INFO] __main__:   进度: 45/194
2026-02-16 22:50:13,405 [DEBUG] spiders: 请求URL: https://www.news.cn/comments/20250829/8b419ce8ea6746beab2d03def3d8004c/c.html (尝试 1/3)
2026-02-16 22:50:13,540 [DEBUG] urllib3.connectionpool: https://www.news.cn:443 "GET /comments/20250829/8b419ce8ea6746beab2d03def3d8004c/c.html HTTP/1.1" 200 3280
2026-02-16 22:50:13,541 [INFO] spiders: 成功获取: https://www.news.cn/comments/20250829/8b419ce8ea6746beab2d03def3d8004c/c.html (状态码: 200)
2026-02-16 22:50:13,543 [DEBUG] spiders: 成功获取详情: 新华网视评｜别给骗子进入家长群大开方便之门
2026-02-16 22:50:13,543 [DEBUG] spiders: 请求URL: https://www.news.cn/comments/20250827/357666874a25467fad7f002bfc0fedff/c.html (尝试 1/3)
2026-02-16 22:50:13,640 [DEBUG] urllib3.connectionpool: https://www.news.cn:443 "GET /comments/20250827/357666874a25467fad7f002bfc0fedff/c.html HTTP/1.1" 200 3481
2026-02-16 22:50:13,641 [INFO] spiders: 成功获取: https://www.news.cn/comments/20250827/357666874a25467fad7f002bfc0fedff/c.html (状态码: 200)
2026-02-16 22:50:13,647 [DEBUG] spiders: 成功获取详情: 新华网视评｜任性冒险浪费公共资源，该罚！
2026-02-16 22:50:13,647 [DEBUG] spiders: 请求URL: https://www.news.cn/comments/20250811/59a28abe357c443a8c48b9ad0966ec4e/c.html (尝试 1/3)
2026-02-16 22:50:13,760 [DEBUG] urllib3.connectionpool: https://www.news.cn:443 "GET /comments/20250811/59a28abe357c443a8c48b9ad0966ec4e/c.html HTTP/1.1" 200 3386
2026-02-16 22:50:13,760 [INFO] spiders: 成功获取: https://www.news.cn/comments/20250811/59a28abe357c443a8c48b9ad0966ec4e/c.html (状态码: 200)
2026-02-16 22:50:13,765 [DEBUG] spiders: 成功获取详情: 新华网视评｜防范“育儿补贴”骗局，需要工作透明度
2026-02-16 22:50:13,765 [DEBUG] spiders: 请求URL: https://www.news.cn/comments/20250807/509903bbdd8f47058e778a08be30f27b/c.html (尝试 1/3)
2026-02-16 22:50:13,870 [DEBUG] urllib3.connectionpool: https://www.news.cn:443 "GET /comments/20250807/509903bbdd8f47058e778a08be30f27b/c.html HTTP/1.1" 200 3390
2026-02-16 22:50:13,871 [INFO] spiders: 成功获取: https://www.news.cn/comments/20250807/509903bbdd8f47058e778a08be30f27b/c.html (状态码: 200)
2026-02-16 22:50:13,874 [DEBUG] spiders: 成功获取详情: 新华网视评｜认证竟靠“3C贴纸”，在糊弄谁？
2026-02-16 22:50:13,874 [DEBUG] spiders: 请求URL: https://www.news.cn/comments/20250730/a7b6eed9ba6d47aeafa5773798d4a1d4/c.html (尝试 1/3)
2026-02-16 22:50:14,009 [DEBUG] urllib3.connectionpool: https://www.news.cn:443 "GET /comments/20250730/a7b6eed9ba6d47aeafa5773798d4a1d4/c.html HTTP/1.1" 200 3269
2026-02-16 22:50:14,010 [INFO] spiders: 成功获取: https://www.news.cn/comments/20250730/a7b6eed9ba6d47aeafa5773798d4a1d4/c.html (状态码: 200)
2026-02-16 22:50:14,013 [DEBUG] spiders: 成功获取详情: 新华网视评｜坚决打击汛情谣言
2026-02-16 22:50:14,013 [INFO] __main__:   进度: 50/194
2026-02-16 22:50:14,013 [DEBUG] spiders: 请求URL: https://www.news.cn/comments/20250725/4a905c90bc53452098221f7bcabbede9/c.html (尝试 1/3)
2026-02-16 22:50:14,120 [DEBUG] urllib3.connectionpool: https://www.news.cn:443 "GET /comments/20250725/4a905c90bc53452098221f7bcabbede9/c.html HTTP/1.1" 200 3151
2026-02-16 22:50:14,120 [INFO] spiders: 成功获取: https://www.news.cn/comments/20250725/4a905c90bc53452098221f7bcabbede9/c.html (状态码: 200)
2026-02-16 22:50:14,123 [DEBUG] spiders: 成功获取详情: 新华网视评｜“警情通报”也敢伪造？必须严惩
2026-02-16 22:50:14,123 [DEBUG] spiders: 请求URL: https://www.news.cn/comments/20250725/2d939592f7104dc0bc9a5e81ef51dc5c/c.html (尝试 1/3)
2026-02-16 22:50:14,270 [DEBUG] urllib3.connectionpool: https://www.news.cn:443 "GET /comments/20250725/2d939592f7104dc0bc9a5e81ef51dc5c/c.html HTTP/1.1" 200 3532
2026-02-16 22:50:14,270 [INFO] spiders: 成功获取: https://www.news.cn/comments/20250725/2d939592f7104dc0bc9a5e81ef51dc5c/c.html (状态码: 200)
2026-02-16 22:50:14,273 [DEBUG] spiders: 成功获取详情: 新华网视评｜期待外卖市场构建良性竞争格局
2026-02-16 22:50:14,274 [DEBUG] spiders: 请求URL: https://www.news.cn/comments/20250723/4e2abe3ef7aa42e0833dc5e6bc23c0a9/c.html (尝试 1/3)
2026-02-16 22:50:14,370 [DEBUG] urllib3.connectionpool: https://www.news.cn:443 "GET /comments/20250723/4e2abe3ef7aa42e0833dc5e6bc23c0a9/c.html HTTP/1.1" 200 3195
2026-02-16 22:50:14,370 [INFO] spiders: 成功获取: https://www.news.cn/comments/20250723/4e2abe3ef7aa42e0833dc5e6bc23c0a9/c.html (状态码: 200)
2026-02-16 22:50:14,374 [DEBUG] spiders: 成功获取详情: 新华网视评｜收费“向上取整”涉嫌变相加价
2026-02-16 22:50:14,374 [DEBUG] spiders: 请求URL: https://www.news.cn/comments/20250722/51031e84e5e847588fa15be8490b3d6e/c.html (尝试 1/3)
2026-02-16 22:50:14,561 [DEBUG] urllib3.connectionpool: https://www.news.cn:443 "GET /comments/20250722/51031e84e5e847588fa15be8490b3d6e/c.html HTTP/1.1" 200 3150
2026-02-16 22:50:14,562 [INFO] spiders: 成功获取: https://www.news.cn/comments/20250722/51031e84e5e847588fa15be8490b3d6e/c.html (状态码: 200)
2026-02-16 22:50:14,564 [DEBUG] spiders: 成功获取详情: 新华网视评｜青春之美无需太多“修整”
2026-02-16 22:50:14,564 [DEBUG] spiders: 请求URL: https://www.news.cn/comments/20250719/0f61832435c9448db9b44501a199c86f/c.html (尝试 1/3)
2026-02-16 22:50:14,672 [DEBUG] urllib3.connectionpool: https://www.news.cn:443 "GET /comments/20250719/0f61832435c9448db9b44501a199c86f/c.html HTTP/1.1" 200 3224
2026-02-16 22:50:14,673 [INFO] spiders: 成功获取: https://www.news.cn/comments/20250719/0f61832435c9448db9b44501a199c86f/c.html (状态码: 200)
2026-02-16 22:50:14,678 [DEBUG] spiders: 成功获取详情: 新华网视评｜恶意炮制“人猴大战”，用心险恶
2026-02-16 22:50:14,678 [INFO] __main__:   进度: 55/194
2026-02-16 22:50:14,678 [DEBUG] spiders: 请求URL: https://www.news.cn/comments/20250718/4729e282ea8c4bcab19c9446524657cc/c.html (尝试 1/3)
2026-02-16 22:50:14,810 [DEBUG] urllib3.connectionpool: https://www.news.cn:443 "GET /comments/20250718/4729e282ea8c4bcab19c9446524657cc/c.html HTTP/1.1" 200 3064
2026-02-16 22:50:14,813 [INFO] spiders: 成功获取: https://www.news.cn/comments/20250718/4729e282ea8c4bcab19c9446524657cc/c.html (状态码: 200)
2026-02-16 22:50:14,816 [DEBUG] spiders: 成功获取详情: 新华网视评｜官方通报贵在及时
2026-02-16 22:50:14,816 [DEBUG] spiders: 请求URL: https://www.news.cn/comments/20250714/1dcf17724a9d477ba4544e370b40535c/c.html (尝试 1/3)
2026-02-16 22:50:14,940 [DEBUG] urllib3.connectionpool: https://www.news.cn:443 "GET /comments/20250714/1dcf17724a9d477ba4544e370b40535c/c.html HTTP/1.1" 200 3431
2026-02-16 22:50:14,940 [INFO] spiders: 成功获取: https://www.news.cn/comments/20250714/1dcf17724a9d477ba4544e370b40535c/c.html (状态码: 200)
2026-02-16 22:50:14,943 [DEBUG] spiders: 成功获取详情: 新华网视评｜坚决打击网络谣言
2026-02-16 22:50:14,943 [DEBUG] spiders: 请求URL: https://www.news.cn/comments/20250705/e5d0671add744ca593c94d3a0e4c88be/c.html (尝试 1/3)
2026-02-16 22:50:15,080 [DEBUG] urllib3.connectionpool: https://www.news.cn:443 "GET /comments/20250705/e5d0671add744ca593c94d3a0e4c88be/c.html HTTP/1.1" 200 3339
2026-02-16 22:50:15,080 [INFO] spiders: 成功获取: https://www.news.cn/comments/20250705/e5d0671add744ca593c94d3a0e4c88be/c.html (状态码: 200)
2026-02-16 22:50:15,083 [DEBUG] spiders: 成功获取详情: 新华网视评｜警惕“吃谷”低龄化
2026-02-16 22:50:15,083 [DEBUG] spiders: 请求URL: https://www.news.cn/comments/20250703/999ed164a4ee40cbb4f60eab99089bf9/c.html (尝试 1/3)
2026-02-16 22:50:15,199 [DEBUG] urllib3.connectionpool: https://www.news.cn:443 "GET /comments/20250703/999ed164a4ee40cbb4f60eab99089bf9/c.html HTTP/1.1" 200 3499
2026-02-16 22:50:15,200 [INFO] spiders: 成功获取: https://www.news.cn/comments/20250703/999ed164a4ee40cbb4f60eab99089bf9/c.html (状态码: 200)
2026-02-16 22:50:15,202 [DEBUG] spiders: 成功获取详情: 新华网视评｜谁给伪专家开了“绿灯”？
2026-02-16 22:50:15,202 [DEBUG] spiders: 请求URL: https://www.news.cn/comments/20250702/e6b0b09c904943d4ab455471aa2853d9/c.html (尝试 1/3)
2026-02-16 22:50:15,309 [DEBUG] urllib3.connectionpool: https://www.news.cn:443 "GET /comments/20250702/e6b0b09c904943d4ab455471aa2853d9/c.html HTTP/1.1" 200 3665
2026-02-16 22:50:15,310 [INFO] spiders: 成功获取: https://www.news.cn/comments/20250702/e6b0b09c904943d4ab455471aa2853d9/c.html (状态码: 200)
2026-02-16 22:50:15,312 [DEBUG] spiders: 成功获取详情: 新华网视评｜大学校园向公众开放咋就这么难？
2026-02-16 22:50:15,312 [INFO] __main__:   进度: 60/194
2026-02-16 22:50:15,313 [DEBUG] spiders: 请求URL: https://www.news.cn/comments/20250628/3b608ecc75c44cac885844b9d92e1822/c.html (尝试 1/3)
2026-02-16 22:50:15,489 [DEBUG] urllib3.connectionpool: https://www.news.cn:443 "GET /comments/20250628/3b608ecc75c44cac885844b9d92e1822/c.html HTTP/1.1" 200 3134
2026-02-16 22:50:15,490 [INFO] spiders: 成功获取: https://www.news.cn/comments/20250628/3b608ecc75c44cac885844b9d92e1822/c.html (状态码: 200)
2026-02-16 22:50:15,493 [DEBUG] spiders: 成功获取详情: 新华网视评｜严肃的抗战历史岂容恶搞
2026-02-16 22:50:15,493 [DEBUG] spiders: 请求URL: https://www.news.cn/comments/20250627/25c1524cae8c40d3b0490ae81ba42f64/c.html (尝试 1/3)
2026-02-16 22:50:15,620 [DEBUG] urllib3.connectionpool: https://www.news.cn:443 "GET /comments/20250627/25c1524cae8c40d3b0490ae81ba42f64/c.html HTTP/1.1" 200 3284
2026-02-16 22:50:15,620 [INFO] spiders: 成功获取: https://www.news.cn/comments/20250627/25c1524cae8c40d3b0490ae81ba42f64/c.html (状态码: 200)
2026-02-16 22:50:15,623 [DEBUG] spiders: 成功获取详情: 新华网视评｜制止无底线吃播，平台责无旁贷
2026-02-16 22:50:15,623 [DEBUG] spiders: 请求URL: https://www.news.cn/comments/20250617/98286cbba95649cc97218b62a1f29ddc/c.html (尝试 1/3)
2026-02-16 22:50:15,720 [DEBUG] urllib3.connectionpool: https://www.news.cn:443 "GET /comments/20250617/98286cbba95649cc97218b62a1f29ddc/c.html HTTP/1.1" 200 3363
2026-02-16 22:50:15,720 [INFO] spiders: 成功获取: https://www.news.cn/comments/20250617/98286cbba95649cc97218b62a1f29ddc/c.html (状态码: 200)
2026-02-16 22:50:15,724 [DEBUG] spiders: 成功获取详情: 新华网视评｜检测报告岂能沦为三无产品的“遮羞布”
2026-02-16 22:50:15,724 [DEBUG] spiders: 请求URL: https://www.news.cn/comments/20250613/89db63140e3849418ca3b71a29920b42/c.html (尝试 1/3)
2026-02-16 22:50:15,879 [DEBUG] urllib3.connectionpool: https://www.news.cn:443 "GET /comments/20250613/89db63140e3849418ca3b71a29920b42/c.html HTTP/1.1" 200 6071
2026-02-16 22:50:15,879 [INFO] spiders: 成功获取: https://www.news.cn/comments/20250613/89db63140e3849418ca3b71a29920b42/c.html (状态码: 200)
2026-02-16 22:50:15,883 [DEBUG] spiders: 成功获取详情: 新华网视评｜我们需要怎样的创新，新华网连发三评
2026-02-16 22:50:15,883 [DEBUG] spiders: 请求URL: https://www.news.cn/comments/20250612/c165c0546c344909bc2168a2a7c2249a/c.html (尝试 1/3)
2026-02-16 22:50:16,259 [DEBUG] urllib3.connectionpool: https://www.news.cn:443 "GET /comments/20250612/c165c0546c344909bc2168a2a7c2249a/c.html HTTP/1.1" 200 3335
2026-02-16 22:50:16,259 [INFO] spiders: 成功获取: https://www.news.cn/comments/20250612/c165c0546c344909bc2168a2a7c2249a/c.html (状态码: 200)
2026-02-16 22:50:16,262 [DEBUG] spiders: 成功获取详情: 新华网视评｜“谁红蹭谁”的闹剧该终结了！
2026-02-16 22:50:16,262 [INFO] __main__:   进度: 65/194
2026-02-16 22:50:16,262 [DEBUG] spiders: 请求URL: https://www.news.cn/comments/20250610/4cb835437fd341479b4f999e6880d2e0/c.html (尝试 1/3)
2026-02-16 22:50:16,414 [DEBUG] urllib3.connectionpool: https://www.news.cn:443 "GET /comments/20250610/4cb835437fd341479b4f999e6880d2e0/c.html HTTP/1.1" 200 3889
2026-02-16 22:50:16,414 [INFO] spiders: 成功获取: https://www.news.cn/comments/20250610/4cb835437fd341479b4f999e6880d2e0/c.html (状态码: 200)
2026-02-16 22:50:16,417 [DEBUG] spiders: 成功获取详情: 新华网视评｜期待奇迹，也要校准预期
2026-02-16 22:50:16,417 [DEBUG] spiders: 请求URL: https://www.news.cn/comments/20250607/e60d0b70e0804942ad437e8a5daa8963/c.html (尝试 1/3)
2026-02-16 22:50:16,559 [DEBUG] urllib3.connectionpool: https://www.news.cn:443 "GET /comments/20250607/e60d0b70e0804942ad437e8a5daa8963/c.html HTTP/1.1" 200 3379
2026-02-16 22:50:16,559 [INFO] spiders: 成功获取: https://www.news.cn/comments/20250607/e60d0b70e0804942ad437e8a5daa8963/c.html (状态码: 200)
2026-02-16 22:50:16,562 [DEBUG] spiders: 成功获取详情: 新华网视评｜赞美成功，还需宽容失败
2026-02-16 22:50:16,562 [DEBUG] spiders: 请求URL: https://www.news.cn/comments/20250606/cc16bff96e2c43bf8f2e19a05c644a8c/c.html (尝试 1/3)
2026-02-16 22:50:16,672 [DEBUG] urllib3.connectionpool: https://www.news.cn:443 "GET /comments/20250606/cc16bff96e2c43bf8f2e19a05c644a8c/c.html HTTP/1.1" 200 3797
2026-02-16 22:50:16,672 [INFO] spiders: 成功获取: https://www.news.cn/comments/20250606/cc16bff96e2c43bf8f2e19a05c644a8c/c.html (状态码: 200)
2026-02-16 22:50:16,675 [DEBUG] spiders: 成功获取详情: 新华网视评｜等待观望，不如放手快干
2026-02-16 22:50:16,675 [DEBUG] spiders: 请求URL: https://www.news.cn/comments/20250607/b64050cf8b204d2ab54a0d906b095b85/c.html (尝试 1/3)
2026-02-16 22:50:16,799 [DEBUG] urllib3.connectionpool: https://www.news.cn:443 "GET /comments/20250607/b64050cf8b204d2ab54a0d906b095b85/c.html HTTP/1.1" 200 3310
2026-02-16 22:50:16,800 [INFO] spiders: 成功获取: https://www.news.cn/comments/20250607/b64050cf8b204d2ab54a0d906b095b85/c.html (状态码: 200)
2026-02-16 22:50:16,802 [DEBUG] spiders: 成功获取详情: 新华网视评｜杜绝“毒玩具”，这事得抓紧
2026-02-16 22:50:16,802 [DEBUG] spiders: 请求URL: https://www.news.cn/comments/20250606/261bbe59df3f42a9bbafcb6f5632b24d/c.html (尝试 1/3)
2026-02-16 22:50:16,909 [DEBUG] urllib3.connectionpool: https://www.news.cn:443 "GET /comments/20250606/261bbe59df3f42a9bbafcb6f5632b24d/c.html HTTP/1.1" 200 3457
2026-02-16 22:50:16,909 [INFO] spiders: 成功获取: https://www.news.cn/comments/20250606/261bbe59df3f42a9bbafcb6f5632b24d/c.html (状态码: 200)
2026-02-16 22:50:16,914 [DEBUG] spiders: 成功获取详情: 新华网视评｜莫拿商标文字游戏套路消费者
2026-02-16 22:50:16,915 [INFO] __main__:   进度: 70/194
2026-02-16 22:50:16,915 [DEBUG] spiders: 请求URL: https://www.news.cn/comments/20250521/2691127ad728426bb41e3d974279b3bf/c.html (尝试 1/3)
2026-02-16 22:50:17,009 [DEBUG] urllib3.connectionpool: https://www.news.cn:443 "GET /comments/20250521/2691127ad728426bb41e3d974279b3bf/c.html HTTP/1.1" 200 3296
2026-02-16 22:50:17,010 [INFO] spiders: 成功获取: https://www.news.cn/comments/20250521/2691127ad728426bb41e3d974279b3bf/c.html (状态码: 200)
2026-02-16 22:50:17,013 [DEBUG] spiders: 成功获取详情: 新华网视评｜攫取用户隐私终将玩火自焚
2026-02-16 22:50:17,013 [DEBUG] spiders: 请求URL: https://www.news.cn/comments/20250516/c33fed8706214bc08241dfbbd0015a4c/c.html (尝试 1/3)
2026-02-16 22:50:17,120 [DEBUG] urllib3.connectionpool: https://www.news.cn:443 "GET /comments/20250516/c33fed8706214bc08241dfbbd0015a4c/c.html HTTP/1.1" 200 3353
2026-02-16 22:50:17,120 [INFO] spiders: 成功获取: https://www.news.cn/comments/20250516/c33fed8706214bc08241dfbbd0015a4c/c.html (状态码: 200)
2026-02-16 22:50:17,123 [DEBUG] spiders: 成功获取详情: 新华网视评｜任何创新设计，不能偏离安全底线
2026-02-16 22:50:17,123 [DEBUG] spiders: 请求URL: https://www.news.cn/comments/20250515/26e41a13247245ae9d50288a9a01ae75/c.html (尝试 1/3)
2026-02-16 22:50:17,230 [DEBUG] urllib3.connectionpool: https://www.news.cn:443 "GET /comments/20250515/26e41a13247245ae9d50288a9a01ae75/c.html HTTP/1.1" 200 3370
2026-02-16 22:50:17,230 [INFO] spiders: 成功获取: https://www.news.cn/comments/20250515/26e41a13247245ae9d50288a9a01ae75/c.html (状态码: 200)
2026-02-16 22:50:17,233 [DEBUG] spiders: 成功获取详情: 新华网视评｜带“病”的健康证怎能守护健康
2026-02-16 22:50:17,234 [DEBUG] spiders: 请求URL: https://www.news.cn/comments/20250514/2772e8f5b31845b2ac0fe6ccf5028260/c.html (尝试 1/3)
2026-02-16 22:50:17,361 [DEBUG] urllib3.connectionpool: https://www.news.cn:443 "GET /comments/20250514/2772e8f5b31845b2ac0fe6ccf5028260/c.html HTTP/1.1" 200 3074
2026-02-16 22:50:17,361 [INFO] spiders: 成功获取: https://www.news.cn/comments/20250514/2772e8f5b31845b2ac0fe6ccf5028260/c.html (状态码: 200)
2026-02-16 22:50:17,363 [DEBUG] spiders: 成功获取详情: 新华网视评｜如此明目张胆“吃拿卡要”，谁给的胆子？
2026-02-16 22:50:17,364 [DEBUG] spiders: 请求URL: https://www.news.cn/comments/20250513/d6649ff3d482488585cae2663d06c2de/c.html (尝试 1/3)
2026-02-16 22:50:17,470 [DEBUG] urllib3.connectionpool: https://www.news.cn:443 "GET /comments/20250513/d6649ff3d482488585cae2663d06c2de/c.html HTTP/1.1" 200 3449
2026-02-16 22:50:17,470 [INFO] spiders: 成功获取: https://www.news.cn/comments/20250513/d6649ff3d482488585cae2663d06c2de/c.html (状态码: 200)
2026-02-16 22:50:17,473 [DEBUG] spiders: 成功获取详情: 新华网视评｜叫停75万买299元路由器，还欠公众一个说法
2026-02-16 22:50:17,473 [INFO] __main__:   进度: 75/194
2026-02-16 22:50:17,474 [DEBUG] spiders: 请求URL: https://www.news.cn/comments/20250510/6ccfc2f072ce4e239bfe04640b70ee41/c.html (尝试 1/3)
2026-02-16 22:50:17,640 [DEBUG] urllib3.connectionpool: https://www.news.cn:443 "GET /comments/20250510/6ccfc2f072ce4e239bfe04640b70ee41/c.html HTTP/1.1" 200 3554
2026-02-16 22:50:17,641 [INFO] spiders: 成功获取: https://www.news.cn/comments/20250510/6ccfc2f072ce4e239bfe04640b70ee41/c.html (状态码: 200)
2026-02-16 22:50:17,643 [DEBUG] spiders: 成功获取详情: 新华网视评｜新职业新工种，开启无限可能！
2026-02-16 22:50:17,644 [DEBUG] spiders: 请求URL: https://www.news.cn/comments/20250509/21ec4bf75be14233a60facf5d45ec40d/c.html (尝试 1/3)
2026-02-16 22:50:17,780 [DEBUG] urllib3.connectionpool: https://www.news.cn:443 "GET /comments/20250509/21ec4bf75be14233a60facf5d45ec40d/c.html HTTP/1.1" 200 3677
2026-02-16 22:50:17,780 [INFO] spiders: 成功获取: https://www.news.cn/comments/20250509/21ec4bf75be14233a60facf5d45ec40d/c.html (状态码: 200)
2026-02-16 22:50:17,783 [DEBUG] spiders: 成功获取详情: 新华网视评｜无人机任性“黑飞” 为何管不住？
2026-02-16 22:50:17,783 [DEBUG] spiders: 请求URL: https://www.news.cn/comments/20250429/8635bcdb614a4e28a078747e7e63c607/c.html (尝试 1/3)
2026-02-16 22:50:18,160 [DEBUG] urllib3.connectionpool: https://www.news.cn:443 "GET /comments/20250429/8635bcdb614a4e28a078747e7e63c607/c.html HTTP/1.1" 200 3288
2026-02-16 22:50:18,160 [INFO] spiders: 成功获取: https://www.news.cn/comments/20250429/8635bcdb614a4e28a078747e7e63c607/c.html (状态码: 200)
2026-02-16 22:50:18,163 [DEBUG] spiders: 成功获取详情: 新华网视评｜决不给“面子工程”留面子
2026-02-16 22:50:18,163 [DEBUG] spiders: 请求URL: https://www.news.cn/comments/20250417/684dbe3106524d8aac50497ba9a18de9/c.html (尝试 1/3)
2026-02-16 22:50:18,280 [DEBUG] urllib3.connectionpool: https://www.news.cn:443 "GET /comments/20250417/684dbe3106524d8aac50497ba9a18de9/c.html HTTP/1.1" 200 3428
2026-02-16 22:50:18,280 [INFO] spiders: 成功获取: https://www.news.cn/comments/20250417/684dbe3106524d8aac50497ba9a18de9/c.html (状态码: 200)
2026-02-16 22:50:18,283 [DEBUG] spiders: 成功获取详情: 新华网视评｜既要“看家神器”，更要邻里和谐
2026-02-16 22:50:18,283 [DEBUG] spiders: 请求URL: https://www.news.cn/comments/20250416/cab4ef0a638b4ddd845e6f17228fa52a/c.html (尝试 1/3)
2026-02-16 22:50:18,390 [DEBUG] urllib3.connectionpool: https://www.news.cn:443 "GET /comments/20250416/cab4ef0a638b4ddd845e6f17228fa52a/c.html HTTP/1.1" 200 3404
2026-02-16 22:50:18,390 [INFO] spiders: 成功获取: https://www.news.cn/comments/20250416/cab4ef0a638b4ddd845e6f17228fa52a/c.html (状态码: 200)
2026-02-16 22:50:18,393 [DEBUG] spiders: 成功获取详情: 新华网视评｜堵住公共摄像头“数据祼奔”的漏洞
2026-02-16 22:50:18,393 [INFO] __main__:   进度: 80/194
2026-02-16 22:50:18,393 [DEBUG] spiders: 请求URL: https://www.news.cn/comments/20250415/67dab00fb8d349fd98ea9fadd2e97b0d/c.html (尝试 1/3)
2026-02-16 22:50:18,520 [DEBUG] urllib3.connectionpool: https://www.news.cn:443 "GET /comments/20250415/67dab00fb8d349fd98ea9fadd2e97b0d/c.html HTTP/1.1" 200 3414
2026-02-16 22:50:18,520 [INFO] spiders: 成功获取: https://www.news.cn/comments/20250415/67dab00fb8d349fd98ea9fadd2e97b0d/c.html (状态码: 200)
2026-02-16 22:50:18,523 [DEBUG] spiders: 成功获取详情: 新华网视评｜为监控摄像头安装划定“红线”
2026-02-16 22:50:18,523 [DEBUG] spiders: 请求URL: https://www.news.cn/comments/20250414/9ba8ad384e034386997684e1b906ecd2/c.html (尝试 1/3)
2026-02-16 22:50:18,630 [DEBUG] urllib3.connectionpool: https://www.news.cn:443 "GET /comments/20250414/9ba8ad384e034386997684e1b906ecd2/c.html HTTP/1.1" 200 3312
2026-02-16 22:50:18,630 [INFO] spiders: 成功获取: https://www.news.cn/comments/20250414/9ba8ad384e034386997684e1b906ecd2/c.html (状态码: 200)
2026-02-16 22:50:18,633 [DEBUG] spiders: 成功获取详情: 新华网视评｜权力岂能如此任性
2026-02-16 22:50:18,633 [DEBUG] spiders: 请求URL: https://www.news.cn/comments/20250402/5d9801413c6d4f45b96a9c44f511c2e4/c.html (尝试 1/3)
2026-02-16 22:50:18,770 [DEBUG] urllib3.connectionpool: https://www.news.cn:443 "GET /comments/20250402/5d9801413c6d4f45b96a9c44f511c2e4/c.html HTTP/1.1" 200 6246
2026-02-16 22:50:18,770 [INFO] spiders: 成功获取: https://www.news.cn/comments/20250402/5d9801413c6d4f45b96a9c44f511c2e4/c.html (状态码: 200)
2026-02-16 22:50:18,774 [DEBUG] spiders: 成功获取详情: 新华网视评丨整治基层形式主义，新华网连发三评
2026-02-16 22:50:18,774 [DEBUG] spiders: 请求URL: https://www.news.cn/comments/20250401/c8612c324b5243cfb99140ed2d451045/c.html (尝试 1/3)
2026-02-16 22:50:18,889 [DEBUG] urllib3.connectionpool: https://www.news.cn:443 "GET /comments/20250401/c8612c324b5243cfb99140ed2d451045/c.html HTTP/1.1" 200 3480
2026-02-16 22:50:18,890 [INFO] spiders: 成功获取: https://www.news.cn/comments/20250401/c8612c324b5243cfb99140ed2d451045/c.html (状态码: 200)
2026-02-16 22:50:18,893 [DEBUG] spiders: 成功获取详情: 新华网视评｜坚持“零容忍”，让卫生巾真正“卫生”起来
2026-02-16 22:50:18,893 [DEBUG] spiders: 请求URL: https://www.news.cn/comments/20250328/8a1e141801c94f00bb25bc137bc790a0/c.html (尝试 1/3)
2026-02-16 22:50:19,029 [DEBUG] urllib3.connectionpool: https://www.news.cn:443 "GET /comments/20250328/8a1e141801c94f00bb25bc137bc790a0/c.html HTTP/1.1" 200 3301
2026-02-16 22:50:19,030 [INFO] spiders: 成功获取: https://www.news.cn/comments/20250328/8a1e141801c94f00bb25bc137bc790a0/c.html (状态码: 200)
2026-02-16 22:50:19,032 [DEBUG] spiders: 成功获取详情: 新华网视评｜让“零添加”凉凉只是一个开始
2026-02-16 22:50:19,033 [INFO] __main__:   进度: 85/194
2026-02-16 22:50:19,033 [DEBUG] spiders: 请求URL: https://www.news.cn/comments/20250327/754608408a004c55998c2148b24e9b26/c.html (尝试 1/3)
2026-02-16 22:50:19,160 [DEBUG] urllib3.connectionpool: https://www.news.cn:443 "GET /comments/20250327/754608408a004c55998c2148b24e9b26/c.html HTTP/1.1" 200 3349
2026-02-16 22:50:19,160 [INFO] spiders: 成功获取: https://www.news.cn/comments/20250327/754608408a004c55998c2148b24e9b26/c.html (状态码: 200)
2026-02-16 22:50:19,163 [DEBUG] spiders: 成功获取详情: 新华网视评｜别让基层成为“无关摊派”的“背锅侠”
2026-02-16 22:50:19,163 [DEBUG] spiders: 请求URL: https://www.news.cn/comments/20250326/dbf39140930a42dc973b1899dc1d2bc8/c.html (尝试 1/3)
2026-02-16 22:50:19,260 [DEBUG] urllib3.connectionpool: https://www.news.cn:443 "GET /comments/20250326/dbf39140930a42dc973b1899dc1d2bc8/c.html HTTP/1.1" 200 3420
2026-02-16 22:50:19,260 [INFO] spiders: 成功获取: https://www.news.cn/comments/20250326/dbf39140930a42dc973b1899dc1d2bc8/c.html (状态码: 200)
2026-02-16 22:50:19,263 [DEBUG] spiders: 成功获取详情: 新华网视评｜从源头上减少滥发牌子行为
2026-02-16 22:50:19,263 [DEBUG] spiders: 请求URL: https://www.news.cn/comments/20250325/cce51aa0a5d544b693e121ec716efea9/c.html (尝试 1/3)
2026-02-16 22:50:19,371 [DEBUG] urllib3.connectionpool: https://www.news.cn:443 "GET /comments/20250325/cce51aa0a5d544b693e121ec716efea9/c.html HTTP/1.1" 200 3480
2026-02-16 22:50:19,371 [INFO] spiders: 成功获取: https://www.news.cn/comments/20250325/cce51aa0a5d544b693e121ec716efea9/c.html (状态码: 200)
2026-02-16 22:50:19,374 [DEBUG] spiders: 成功获取详情: 新华网视评｜调研何必“层层陪同”
2026-02-16 22:50:19,374 [DEBUG] spiders: 请求URL: https://www.news.cn/comments/20250320/254b1413ddd84d0c88e2c60d4ef99fee/c.html (尝试 1/3)
2026-02-16 22:50:19,509 [DEBUG] urllib3.connectionpool: https://www.news.cn:443 "GET /comments/20250320/254b1413ddd84d0c88e2c60d4ef99fee/c.html HTTP/1.1" 200 3452
2026-02-16 22:50:19,510 [INFO] spiders: 成功获取: https://www.news.cn/comments/20250320/254b1413ddd84d0c88e2c60d4ef99fee/c.html (状态码: 200)
2026-02-16 22:50:19,513 [DEBUG] spiders: 成功获取详情: 新华网视评｜当“开盒”“反开盒”成常态，还有谁能一笑而过？
2026-02-16 22:50:19,513 [DEBUG] spiders: 请求URL: https://www.news.cn/comments/20250316/49eae275ff72465bb56799f0691e1695/c.html (尝试 1/3)
2026-02-16 22:50:19,610 [DEBUG] urllib3.connectionpool: https://www.news.cn:443 "GET /comments/20250316/49eae275ff72465bb56799f0691e1695/c.html HTTP/1.1" 200 3417
2026-02-16 22:50:19,610 [INFO] spiders: 成功获取: https://www.news.cn/comments/20250316/49eae275ff72465bb56799f0691e1695/c.html (状态码: 200)
2026-02-16 22:50:19,613 [DEBUG] spiders: 成功获取详情: 新华网视评｜民宿何以成为“幽灵”？
2026-02-16 22:50:19,613 [INFO] __main__:   进度: 90/194
2026-02-16 22:50:19,613 [DEBUG] spiders: 请求URL: https://www.news.cn/comments/20250315/0f6bfe88a78247e29bd0e4028cff5596/c.html (尝试 1/3)
2026-02-16 22:50:19,720 [DEBUG] urllib3.connectionpool: https://www.news.cn:443 "GET /comments/20250315/0f6bfe88a78247e29bd0e4028cff5596/c.html HTTP/1.1" 200 3531
2026-02-16 22:50:19,720 [INFO] spiders: 成功获取: https://www.news.cn/comments/20250315/0f6bfe88a78247e29bd0e4028cff5596/c.html (状态码: 200)
2026-02-16 22:50:19,723 [DEBUG] spiders: 成功获取详情: 新华网视评｜岂能让“滤镜”产品拉低游客体验
2026-02-16 22:50:19,723 [DEBUG] spiders: 请求URL: https://www.news.cn/comments/20250314/edf0c08233a34a7b99375345f0473053/c.html (尝试 1/3)
2026-02-16 22:50:19,869 [DEBUG] urllib3.connectionpool: https://www.news.cn:443 "GET /comments/20250314/edf0c08233a34a7b99375345f0473053/c.html HTTP/1.1" 200 3422
2026-02-16 22:50:19,870 [INFO] spiders: 成功获取: https://www.news.cn/comments/20250314/edf0c08233a34a7b99375345f0473053/c.html (状态码: 200)
2026-02-16 22:50:19,873 [DEBUG] spiders: 成功获取详情: 新华网视评｜刹一刹加价选座这个“行业惯例”
2026-02-16 22:50:19,873 [DEBUG] spiders: 请求URL: https://www.news.cn/comments/20250310/aa13e6000efc4c2e971f9590e71fbb0f/c.html (尝试 1/3)
2026-02-16 22:50:19,979 [DEBUG] urllib3.connectionpool: https://www.news.cn:443 "GET /comments/20250310/aa13e6000efc4c2e971f9590e71fbb0f/c.html HTTP/1.1" 200 3465
2026-02-16 22:50:19,980 [INFO] spiders: 成功获取: https://www.news.cn/comments/20250310/aa13e6000efc4c2e971f9590e71fbb0f/c.html (状态码: 200)
2026-02-16 22:50:19,982 [DEBUG] spiders: 成功获取详情: 新华网视评｜“内卷式”竞争，“卷”不出未来！
2026-02-16 22:50:19,982 [DEBUG] spiders: 请求URL: https://www.news.cn/comments/20250310/7ca55a6664e344fc860f71801a8b4352/c.html (尝试 1/3)
2026-02-16 22:50:20,091 [DEBUG] urllib3.connectionpool: https://www.news.cn:443 "GET /comments/20250310/7ca55a6664e344fc860f71801a8b4352/c.html HTTP/1.1" 200 3069
2026-02-16 22:50:20,091 [INFO] spiders: 成功获取: https://www.news.cn/comments/20250310/7ca55a6664e344fc860f71801a8b4352/c.html (状态码: 200)
2026-02-16 22:50:20,096 [DEBUG] spiders: 成功获取详情: 新华网视评｜“AI换脸”不能想换谁就换谁
2026-02-16 22:50:20,096 [DEBUG] spiders: 请求URL: https://www.news.cn/comments/20250306/8fef97142d494aa4802b225ea4ea87fe/c.html (尝试 1/3)
2026-02-16 22:50:20,200 [DEBUG] urllib3.connectionpool: https://www.news.cn:443 "GET /comments/20250306/8fef97142d494aa4802b225ea4ea87fe/c.html HTTP/1.1" 200 3286
2026-02-16 22:50:20,200 [INFO] spiders: 成功获取: https://www.news.cn/comments/20250306/8fef97142d494aa4802b225ea4ea87fe/c.html (状态码: 200)
2026-02-16 22:50:20,203 [DEBUG] spiders: 成功获取详情: 新华网视评｜两会in话题：AI跑得这么快，人才咋跟上？
2026-02-16 22:50:20,203 [INFO] __main__:   进度: 95/194
2026-02-16 22:50:20,204 [DEBUG] spiders: 请求URL: https://www.news.cn/comments/20250220/196bf61d082b4b98acb9b0892c8e69f9/c.html (尝试 1/3)
2026-02-16 22:50:20,310 [DEBUG] urllib3.connectionpool: https://www.news.cn:443 "GET /comments/20250220/196bf61d082b4b98acb9b0892c8e69f9/c.html HTTP/1.1" 200 3428
2026-02-16 22:50:20,310 [INFO] spiders: 成功获取: https://www.news.cn/comments/20250220/196bf61d082b4b98acb9b0892c8e69f9/c.html (状态码: 200)
2026-02-16 22:50:20,313 [DEBUG] spiders: 成功获取详情: 新华网视评｜给网课“套娃式”收费“解套”
2026-02-16 22:50:20,313 [DEBUG] spiders: 请求URL: https://www.news.cn/comments/20250219/af928366607f482397f3b04e4664870a/c.html (尝试 1/3)
2026-02-16 22:50:20,411 [DEBUG] urllib3.connectionpool: https://www.news.cn:443 "GET /comments/20250219/af928366607f482397f3b04e4664870a/c.html HTTP/1.1" 200 3389
2026-02-16 22:50:20,411 [INFO] spiders: 成功获取: https://www.news.cn/comments/20250219/af928366607f482397f3b04e4664870a/c.html (状态码: 200)
2026-02-16 22:50:20,414 [DEBUG] spiders: 成功获取详情: 新华网视评｜“考试包过”涉嫌违法
2026-02-16 22:50:20,414 [DEBUG] spiders: 请求URL: https://www.news.cn/comments/20250218/67d98b7b313844a8a546a901c891d5cc/c.html (尝试 1/3)
2026-02-16 22:50:20,550 [DEBUG] urllib3.connectionpool: https://www.news.cn:443 "GET /comments/20250218/67d98b7b313844a8a546a901c891d5cc/c.html HTTP/1.1" 200 3443
2026-02-16 22:50:20,550 [INFO] spiders: 成功获取: https://www.news.cn/comments/20250218/67d98b7b313844a8a546a901c891d5cc/c.html (状态码: 200)
2026-02-16 22:50:20,553 [DEBUG] spiders: 成功获取详情: 新华网视评｜警惕以新技术贩卖焦虑
2026-02-16 22:50:20,553 [DEBUG] spiders: 请求URL: https://www.news.cn/comments/20250213/ccc9e47d403548d9be084be0c92d3447/c.html (尝试 1/3)
2026-02-16 22:50:20,691 [DEBUG] urllib3.connectionpool: https://www.news.cn:443 "GET /comments/20250213/ccc9e47d403548d9be084be0c92d3447/c.html HTTP/1.1" 200 3360
2026-02-16 22:50:20,692 [INFO] spiders: 成功获取: https://www.news.cn/comments/20250213/ccc9e47d403548d9be084be0c92d3447/c.html (状态码: 200)
2026-02-16 22:50:20,695 [DEBUG] spiders: 成功获取详情: 新华网视评｜绝不容许“神医”“神药”借“山寨报刊”下乡害人
2026-02-16 22:50:20,695 [DEBUG] spiders: 请求URL: https://www.news.cn/comments/20250208/12c0188d3e6044bd94cc42320b2f6874/c.html (尝试 1/3)
2026-02-16 22:50:20,810 [DEBUG] urllib3.connectionpool: https://www.news.cn:443 "GET /comments/20250208/12c0188d3e6044bd94cc42320b2f6874/c.html HTTP/1.1" 200 3613
2026-02-16 22:50:20,810 [INFO] spiders: 成功获取: https://www.news.cn/comments/20250208/12c0188d3e6044bd94cc42320b2f6874/c.html (状态码: 200)
2026-02-16 22:50:20,813 [DEBUG] spiders: 成功获取详情: 新华网视评｜中国动画电影何以踩上“风火轮”？
2026-02-16 22:50:20,813 [INFO] __main__:   进度: 100/194
2026-02-16 22:50:20,813 [DEBUG] spiders: 请求URL: https://www.news.cn/comments/20250207/807ee775ff9a4bb7a78f8c1dc79b60a2/c.html (尝试 1/3)
2026-02-16 22:50:20,920 [DEBUG] urllib3.connectionpool: https://www.news.cn:443 "GET /comments/20250207/807ee775ff9a4bb7a78f8c1dc79b60a2/c.html HTTP/1.1" 200 3340
2026-02-16 22:50:20,920 [INFO] spiders: 成功获取: https://www.news.cn/comments/20250207/807ee775ff9a4bb7a78f8c1dc79b60a2/c.html (状态码: 200)
2026-02-16 22:50:20,923 [DEBUG] spiders: 成功获取详情: 新华网视评｜痛别“国之脊梁”，他值得永远铭记
2026-02-16 22:50:20,923 [DEBUG] spiders: 请求URL: https://www.news.cn/comments/20250206/ebdc97a3664d497186e337cd91e1ee9e/c.html (尝试 1/3)
2026-02-16 22:50:21,030 [DEBUG] urllib3.connectionpool: https://www.news.cn:443 "GET /comments/20250206/ebdc97a3664d497186e337cd91e1ee9e/c.html HTTP/1.1" 200 3682
2026-02-16 22:50:21,030 [INFO] spiders: 成功获取: https://www.news.cn/comments/20250206/ebdc97a3664d497186e337cd91e1ee9e/c.html (状态码: 200)
2026-02-16 22:50:21,033 [DEBUG] spiders: 成功获取详情: 新华网视评｜新春消费“燃”力十足！
2026-02-16 22:50:21,033 [DEBUG] spiders: 请求URL: https://www.news.cn/comments/20250203/db5b0e7aa12c457bb1e1c569841fde77/c.html (尝试 1/3)
2026-02-16 22:50:21,149 [DEBUG] urllib3.connectionpool: https://www.news.cn:443 "GET /comments/20250203/db5b0e7aa12c457bb1e1c569841fde77/c.html HTTP/1.1" 200 3328
2026-02-16 22:50:21,150 [INFO] spiders: 成功获取: https://www.news.cn/comments/20250203/db5b0e7aa12c457bb1e1c569841fde77/c.html (状态码: 200)
2026-02-16 22:50:21,153 [DEBUG] spiders: 成功获取详情: 新华网视评｜“村咖”热销，热的是向往的生活
2026-02-16 22:50:21,153 [DEBUG] spiders: 请求URL: https://www.news.cn/comments/20250202/5997b862bb044f1ea546c0fe6c0127fd/c.html (尝试 1/3)
2026-02-16 22:50:21,250 [DEBUG] urllib3.connectionpool: https://www.news.cn:443 "GET /comments/20250202/5997b862bb044f1ea546c0fe6c0127fd/c.html HTTP/1.1" 200 3351
2026-02-16 22:50:21,250 [INFO] spiders: 成功获取: https://www.news.cn/comments/20250202/5997b862bb044f1ea546c0fe6c0127fd/c.html (状态码: 200)
2026-02-16 22:50:21,253 [DEBUG] spiders: 成功获取详情: 新华网视评｜“村跑”火热，跑出特色、跑进人心
2026-02-16 22:50:21,253 [DEBUG] spiders: 请求URL: https://www.news.cn/comments/20250201/c705550159d94bc2a6df9ba043cb0569/c.html (尝试 1/3)
2026-02-16 22:50:21,359 [DEBUG] urllib3.connectionpool: https://www.news.cn:443 "GET /comments/20250201/c705550159d94bc2a6df9ba043cb0569/c.html HTTP/1.1" 200 3260
2026-02-16 22:50:21,360 [INFO] spiders: 成功获取: https://www.news.cn/comments/20250201/c705550159d94bc2a6df9ba043cb0569/c.html (状态码: 200)
2026-02-16 22:50:21,363 [DEBUG] spiders: 成功获取详情: 新华网视评｜“村晚”圈粉，又土又快乐
2026-02-16 22:50:21,363 [INFO] __main__:   进度: 105/194
2026-02-16 22:50:21,363 [DEBUG] spiders: 请求URL: https://www.news.cn/comments/20250131/677f37b552624089939f9c104b31f8a2/c.html (尝试 1/3)
2026-02-16 22:50:21,470 [DEBUG] urllib3.connectionpool: https://www.news.cn:443 "GET /comments/20250131/677f37b552624089939f9c104b31f8a2/c.html HTTP/1.1" 200 3236
2026-02-16 22:50:21,470 [INFO] spiders: 成功获取: https://www.news.cn/comments/20250131/677f37b552624089939f9c104b31f8a2/c.html (状态码: 200)
2026-02-16 22:50:21,473 [DEBUG] spiders: 成功获取详情: 新华网视评｜“新春战袍”秀出文化自信
2026-02-16 22:50:21,473 [DEBUG] spiders: 请求URL: https://www.news.cn/comments/20250127/6919dc3b9e76459db2db8c2d454933e4/c.html (尝试 1/3)
2026-02-16 22:50:21,571 [DEBUG] urllib3.connectionpool: https://www.news.cn:443 "GET /comments/20250127/6919dc3b9e76459db2db8c2d454933e4/c.html HTTP/1.1" 200 3357
2026-02-16 22:50:21,572 [INFO] spiders: 成功获取: https://www.news.cn/comments/20250127/6919dc3b9e76459db2db8c2d454933e4/c.html (状态码: 200)
2026-02-16 22:50:21,574 [DEBUG] spiders: 成功获取详情: 新华网视评｜对跨境电诈就是要追着打
2026-02-16 22:50:21,575 [DEBUG] spiders: 请求URL: https://www.news.cn/comments/20250126/918dd0df91274174b981640867d2779d/c.html (尝试 1/3)
2026-02-16 22:50:21,690 [DEBUG] urllib3.connectionpool: https://www.news.cn:443 "GET /comments/20250126/918dd0df91274174b981640867d2779d/c.html HTTP/1.1" 200 3444
2026-02-16 22:50:21,690 [INFO] spiders: 成功获取: https://www.news.cn/comments/20250126/918dd0df91274174b981640867d2779d/c.html (状态码: 200)
2026-02-16 22:50:21,693 [DEBUG] spiders: 成功获取详情: 新华网视评丨给年货加点“中国新特产”
2026-02-16 22:50:21,693 [DEBUG] spiders: 请求URL: https://www.news.cn/comments/20250124/587d5d4a78824bcc9161d952d0e8a438/c.html (尝试 1/3)
2026-02-16 22:50:21,800 [DEBUG] urllib3.connectionpool: https://www.news.cn:443 "GET /comments/20250124/587d5d4a78824bcc9161d952d0e8a438/c.html HTTP/1.1" 200 3263
2026-02-16 22:50:21,800 [INFO] spiders: 成功获取: https://www.news.cn/comments/20250124/587d5d4a78824bcc9161d952d0e8a438/c.html (状态码: 200)
2026-02-16 22:50:21,803 [DEBUG] spiders: 成功获取详情: 新华网视评｜这种写真就是让个人信息“裸奔”
2026-02-16 22:50:21,803 [DEBUG] spiders: 请求URL: https://www.news.cn/comments/20250123/402dc43989304262b9131053d6b9fc9c/c.html (尝试 1/3)
2026-02-16 22:50:21,940 [DEBUG] urllib3.connectionpool: https://www.news.cn:443 "GET /comments/20250123/402dc43989304262b9131053d6b9fc9c/c.html HTTP/1.1" 200 3277
2026-02-16 22:50:21,940 [INFO] spiders: 成功获取: https://www.news.cn/comments/20250123/402dc43989304262b9131053d6b9fc9c/c.html (状态码: 200)
2026-02-16 22:50:21,942 [DEBUG] spiders: 成功获取详情: 新华网视评｜让压岁钱回归年俗祝福本真
2026-02-16 22:50:21,943 [INFO] __main__:   进度: 110/194
2026-02-16 22:50:21,943 [DEBUG] spiders: 请求URL: https://www.news.cn/comments/20250114/3655c3740ce6420995bd3599b9369a5e/c.html (尝试 1/3)
2026-02-16 22:50:22,059 [DEBUG] urllib3.connectionpool: https://www.news.cn:443 "GET /comments/20250114/3655c3740ce6420995bd3599b9369a5e/c.html HTTP/1.1" 200 3598
2026-02-16 22:50:22,060 [INFO] spiders: 成功获取: https://www.news.cn/comments/20250114/3655c3740ce6420995bd3599b9369a5e/c.html (状态码: 200)
2026-02-16 22:50:22,063 [DEBUG] spiders: 成功获取详情: 新华网视评丨岂能让“黄牛”截胡消费券
2026-02-16 22:50:22,063 [DEBUG] spiders: 请求URL: https://www.news.cn/comments/20250110/999a50655f674a0cadebac07ad57fef4/c.html (尝试 1/3)
2026-02-16 22:50:22,155 [DEBUG] urllib3.connectionpool: https://www.news.cn:443 "GET /comments/20250110/999a50655f674a0cadebac07ad57fef4/c.html HTTP/1.1" 200 3384
2026-02-16 22:50:22,155 [INFO] spiders: 成功获取: https://www.news.cn/comments/20250110/999a50655f674a0cadebac07ad57fef4/c.html (状态码: 200)
2026-02-16 22:50:22,158 [DEBUG] spiders: 成功获取详情: 新华网视评｜“智慧停车”不能有了便利忘了安全
2026-02-16 22:50:22,158 [DEBUG] spiders: 请求URL: https://www.news.cn/comments/20250108/4efad181d48242e28f02fc99ea15d1da/c.html (尝试 1/3)
2026-02-16 22:50:22,271 [DEBUG] urllib3.connectionpool: https://www.news.cn:443 "GET /comments/20250108/4efad181d48242e28f02fc99ea15d1da/c.html HTTP/1.1" 200 3818
2026-02-16 22:50:22,271 [INFO] spiders: 成功获取: https://www.news.cn/comments/20250108/4efad181d48242e28f02fc99ea15d1da/c.html (状态码: 200)
2026-02-16 22:50:22,274 [DEBUG] spiders: 成功获取详情: 新华网视评｜春运“上分” 新的一年排面拉满！
2026-02-16 22:50:22,274 [DEBUG] spiders: 请求URL: https://www.news.cn/comments/20250103/cd93558b5519430798534e6127898d98/c.html (尝试 1/3)
2026-02-16 22:50:22,389 [DEBUG] urllib3.connectionpool: https://www.news.cn:443 "GET /comments/20250103/cd93558b5519430798534e6127898d98/c.html HTTP/1.1" 200 3357
2026-02-16 22:50:22,390 [INFO] spiders: 成功获取: https://www.news.cn/comments/20250103/cd93558b5519430798534e6127898d98/c.html (状态码: 200)
2026-02-16 22:50:22,393 [DEBUG] spiders: 成功获取详情: 新华网视评丨电子处方不能有了方便忘了安全
2026-02-16 22:50:22,393 [DEBUG] spiders: 请求URL: http://www.news.cn/comments/20250102/8279f9435a0549de9fb133668e877716/c.html (尝试 1/3)
2026-02-16 22:50:22,393 [DEBUG] urllib3.connectionpool: Starting new HTTP connection (1): www.news.cn:80
2026-02-16 22:50:22,610 [DEBUG] urllib3.connectionpool: http://www.news.cn:80 "GET /comments/20250102/8279f9435a0549de9fb133668e877716/c.html HTTP/1.1" 200 3225
2026-02-16 22:50:22,610 [INFO] spiders: 成功获取: http://www.news.cn/comments/20250102/8279f9435a0549de9fb133668e877716/c.html (状态码: 200)
2026-02-16 22:50:22,613 [DEBUG] spiders: 成功获取详情: 新华网视评｜陌生快递，当心有诈！
2026-02-16 22:50:22,613 [INFO] __main__:   进度: 115/194
2026-02-16 22:50:22,614 [DEBUG] spiders: 请求URL: https://www.news.cn/comments/20241230/5dc0f641045d458ca919f8ed77b424e0/c.html (尝试 1/3)
2026-02-16 22:50:22,860 [DEBUG] urllib3.connectionpool: https://www.news.cn:443 "GET /comments/20241230/5dc0f641045d458ca919f8ed77b424e0/c.html HTTP/1.1" 200 5726
2026-02-16 22:50:22,861 [INFO] spiders: 成功获取: https://www.news.cn/comments/20241230/5dc0f641045d458ca919f8ed77b424e0/c.html (状态码: 200)
2026-02-16 22:50:22,865 [DEBUG] spiders: 成功获取详情: 新华网视评｜2024年度热点话题揭晓
2026-02-16 22:50:22,865 [DEBUG] spiders: 请求URL: https://www.news.cn/comments/20241218/4d089a0ce6634079adabfeb46b2de081/c.html (尝试 1/3)
2026-02-16 22:50:22,990 [DEBUG] urllib3.connectionpool: https://www.news.cn:443 "GET /comments/20241218/4d089a0ce6634079adabfeb46b2de081/c.html HTTP/1.1" 200 3447
2026-02-16 22:50:22,990 [INFO] spiders: 成功获取: https://www.news.cn/comments/20241218/4d089a0ce6634079adabfeb46b2de081/c.html (状态码: 200)
2026-02-16 22:50:22,994 [DEBUG] spiders: 成功获取详情: 新华网视评丨莫让“吃谷”变味
2026-02-16 22:50:22,994 [DEBUG] spiders: 请求URL: https://www.news.cn/comments/20241213/042b8a63182c4fa19102fb2b20617ed1/c.html (尝试 1/3)
2026-02-16 22:50:23,100 [DEBUG] urllib3.connectionpool: https://www.news.cn:443 "GET /comments/20241213/042b8a63182c4fa19102fb2b20617ed1/c.html HTTP/1.1" 200 3327
2026-02-16 22:50:23,100 [INFO] spiders: 成功获取: https://www.news.cn/comments/20241213/042b8a63182c4fa19102fb2b20617ed1/c.html (状态码: 200)
2026-02-16 22:50:23,103 [DEBUG] spiders: 成功获取详情: 新华网视评丨“被直播”要勇于维权
2026-02-16 22:50:23,103 [DEBUG] spiders: 请求URL: https://www.news.cn/comments/20241211/08ed0325c1b54276992f3ad1a0210d1a/c.html (尝试 1/3)
2026-02-16 22:50:23,220 [DEBUG] urllib3.connectionpool: https://www.news.cn:443 "GET /comments/20241211/08ed0325c1b54276992f3ad1a0210d1a/c.html HTTP/1.1" 200 3446
2026-02-16 22:50:23,220 [INFO] spiders: 成功获取: https://www.news.cn/comments/20241211/08ed0325c1b54276992f3ad1a0210d1a/c.html (状态码: 200)
2026-02-16 22:50:23,223 [DEBUG] spiders: 成功获取详情: 新华网视评丨“第三方测评”也该“测评”一下
2026-02-16 22:50:23,223 [DEBUG] spiders: 请求URL: https://www.news.cn/comments/20241210/53989e11037544918f3b9bf888973d09/c.html (尝试 1/3)
2026-02-16 22:50:23,381 [DEBUG] urllib3.connectionpool: https://www.news.cn:443 "GET /comments/20241210/53989e11037544918f3b9bf888973d09/c.html HTTP/1.1" 200 3382
2026-02-16 22:50:23,381 [INFO] spiders: 成功获取: https://www.news.cn/comments/20241210/53989e11037544918f3b9bf888973d09/c.html (状态码: 200)
2026-02-16 22:50:23,384 [DEBUG] spiders: 成功获取详情: 新华网视评丨AI客服不能只会“打太极”
2026-02-16 22:50:23,384 [INFO] __main__:   进度: 120/194
2026-02-16 22:50:23,384 [DEBUG] spiders: 请求URL: https://www.news.cn/comments/20241209/5e76126ff30248dbbf671fbbe8243e6d/c.html (尝试 1/3)
2026-02-16 22:50:23,531 [DEBUG] urllib3.connectionpool: https://www.news.cn:443 "GET /comments/20241209/5e76126ff30248dbbf671fbbe8243e6d/c.html HTTP/1.1" 200 3248
2026-02-16 22:50:23,531 [INFO] spiders: 成功获取: https://www.news.cn/comments/20241209/5e76126ff30248dbbf671fbbe8243e6d/c.html (状态码: 200)
2026-02-16 22:50:23,534 [DEBUG] spiders: 成功获取详情: 新华网视评丨AI技术不应用来造谣生事
2026-02-16 22:50:23,534 [DEBUG] spiders: 请求URL: https://www.news.cn/comments/20241128/cf7bc62521b54680be4e4817d8ab11be/c.html (尝试 1/3)
2026-02-16 22:50:23,660 [DEBUG] urllib3.connectionpool: https://www.news.cn:443 "GET /comments/20241128/cf7bc62521b54680be4e4817d8ab11be/c.html HTTP/1.1" 200 3547
2026-02-16 22:50:23,660 [INFO] spiders: 成功获取: https://www.news.cn/comments/20241128/cf7bc62521b54680be4e4817d8ab11be/c.html (状态码: 200)
2026-02-16 22:50:23,663 [DEBUG] spiders: 成功获取详情: 新华网视评丨不能让“假羽绒”寒身更寒心
2026-02-16 22:50:23,663 [DEBUG] spiders: 请求URL: https://www.news.cn/comments/20241127/06f48035c009454db4d52317aa6a6396/c.html (尝试 1/3)
2026-02-16 22:50:23,770 [DEBUG] urllib3.connectionpool: https://www.news.cn:443 "GET /comments/20241127/06f48035c009454db4d52317aa6a6396/c.html HTTP/1.1" 200 3496
2026-02-16 22:50:23,770 [INFO] spiders: 成功获取: https://www.news.cn/comments/20241127/06f48035c009454db4d52317aa6a6396/c.html (状态码: 200)
2026-02-16 22:50:23,775 [DEBUG] spiders: 成功获取详情: 新华网视评丨“先用后付”不能让人莫名其妙
2026-02-16 22:50:23,775 [DEBUG] spiders: 请求URL: https://www.news.cn/comments/20241114/c2ac5d14ef314b4f9e295b307d31b4d3/c.html (尝试 1/3)
2026-02-16 22:50:23,889 [DEBUG] urllib3.connectionpool: https://www.news.cn:443 "GET /comments/20241114/c2ac5d14ef314b4f9e295b307d31b4d3/c.html HTTP/1.1" 200 3329
2026-02-16 22:50:23,890 [INFO] spiders: 成功获取: https://www.news.cn/comments/20241114/c2ac5d14ef314b4f9e295b307d31b4d3/c.html (状态码: 200)
2026-02-16 22:50:23,893 [DEBUG] spiders: 成功获取详情: 新华网视评丨女理发师爆火戳中了消费痛点
2026-02-16 22:50:23,893 [DEBUG] spiders: 请求URL: https://www.news.cn/comments/20241113/11e411ab9ca24246a90ee22e184fcbd0/c.html (尝试 1/3)
2026-02-16 22:50:24,000 [DEBUG] urllib3.connectionpool: https://www.news.cn:443 "GET /comments/20241113/11e411ab9ca24246a90ee22e184fcbd0/c.html HTTP/1.1" 200 3411
2026-02-16 22:50:24,001 [INFO] spiders: 成功获取: https://www.news.cn/comments/20241113/11e411ab9ca24246a90ee22e184fcbd0/c.html (状态码: 200)
2026-02-16 22:50:24,003 [DEBUG] spiders: 成功获取详情: 新华网视评丨纠正幼儿园“抢跑”的重要一步
2026-02-16 22:50:24,003 [INFO] __main__:   进度: 125/194
2026-02-16 22:50:24,004 [DEBUG] spiders: 请求URL: http://www.news.cn/comments/20241112/e3fbce8d19bd406e81568b06eb322ed0/c.html (尝试 1/3)
2026-02-16 22:50:24,100 [DEBUG] urllib3.connectionpool: http://www.news.cn:80 "GET /comments/20241112/e3fbce8d19bd406e81568b06eb322ed0/c.html HTTP/1.1" 200 3075
2026-02-16 22:50:24,101 [INFO] spiders: 成功获取: http://www.news.cn/comments/20241112/e3fbce8d19bd406e81568b06eb322ed0/c.html (状态码: 200)
2026-02-16 22:50:24,108 [DEBUG] spiders: 成功获取详情: 新华网视评丨坚决打击消防器材造假
2026-02-16 22:50:24,108 [DEBUG] spiders: 请求URL: https://www.news.cn/comments/20241106/bc3c4c22be8246959b48af0e6a2635d2/c.html (尝试 1/3)
2026-02-16 22:50:24,220 [DEBUG] urllib3.connectionpool: https://www.news.cn:443 "GET /comments/20241106/bc3c4c22be8246959b48af0e6a2635d2/c.html HTTP/1.1" 200 3355
2026-02-16 22:50:24,220 [INFO] spiders: 成功获取: https://www.news.cn/comments/20241106/bc3c4c22be8246959b48af0e6a2635d2/c.html (状态码: 200)
2026-02-16 22:50:24,223 [DEBUG] spiders: 成功获取详情: 新华网视评丨治一治那些恼人的弹窗链接
2026-02-16 22:50:24,223 [DEBUG] spiders: 请求URL: https://www.news.cn/comments/20241105/74affef517684cebbf4f12f8537ed342/c.html (尝试 1/3)
2026-02-16 22:50:24,370 [DEBUG] urllib3.connectionpool: https://www.news.cn:443 "GET /comments/20241105/74affef517684cebbf4f12f8537ed342/c.html HTTP/1.1" 200 5432
2026-02-16 22:50:24,371 [INFO] spiders: 成功获取: https://www.news.cn/comments/20241105/74affef517684cebbf4f12f8537ed342/c.html (状态码: 200)
2026-02-16 22:50:24,374 [DEBUG] spiders: 成功获取详情: 新华网视评丨新华网三连评，警惕“网购套路”
2026-02-16 22:50:24,374 [DEBUG] spiders: 请求URL: https://www.news.cn/comments/20241102/9159576acff64aed9117e374a1ad80ea/c.html (尝试 1/3)
2026-02-16 22:50:24,489 [DEBUG] urllib3.connectionpool: https://www.news.cn:443 "GET /comments/20241102/9159576acff64aed9117e374a1ad80ea/c.html HTTP/1.1" 200 3450
2026-02-16 22:50:24,490 [INFO] spiders: 成功获取: https://www.news.cn/comments/20241102/9159576acff64aed9117e374a1ad80ea/c.html (状态码: 200)
2026-02-16 22:50:24,493 [DEBUG] spiders: 成功获取详情: 新华网视评丨不可轻信“买家秀”
2026-02-16 22:50:24,493 [DEBUG] spiders: 请求URL: https://www.news.cn/comments/20241102/f5fa69d9050f4772a2a5d08668378a4c/c.html (尝试 1/3)
2026-02-16 22:50:24,629 [DEBUG] urllib3.connectionpool: https://www.news.cn:443 "GET /comments/20241102/f5fa69d9050f4772a2a5d08668378a4c/c.html HTTP/1.1" 200 3276
2026-02-16 22:50:24,630 [INFO] spiders: 成功获取: https://www.news.cn/comments/20241102/f5fa69d9050f4772a2a5d08668378a4c/c.html (状态码: 200)
2026-02-16 22:50:24,633 [DEBUG] spiders: 成功获取详情: 新华网视评丨不能被动被大数据“算计”
2026-02-16 22:50:24,633 [INFO] __main__:   进度: 130/194
2026-02-16 22:50:24,633 [DEBUG] spiders: 请求URL: https://www.news.cn/comments/20241101/35018905f6f34270bcd3892e62fb914a/c.html (尝试 1/3)
2026-02-16 22:50:24,772 [DEBUG] urllib3.connectionpool: https://www.news.cn:443 "GET /comments/20241101/35018905f6f34270bcd3892e62fb914a/c.html HTTP/1.1" 200 3290
2026-02-16 22:50:24,772 [INFO] spiders: 成功获取: https://www.news.cn/comments/20241101/35018905f6f34270bcd3892e62fb914a/c.html (状态码: 200)
2026-02-16 22:50:24,775 [DEBUG] spiders: 成功获取详情: 新华网视评丨不被所谓“低价”误导
2026-02-16 22:50:24,775 [DEBUG] spiders: 请求URL: http://www.news.cn/comments/20241024/8ee487c2d392449e8b27da73f434b6ed/c.html (尝试 1/3)
2026-02-16 22:50:24,870 [DEBUG] urllib3.connectionpool: http://www.news.cn:80 "GET /comments/20241024/8ee487c2d392449e8b27da73f434b6ed/c.html HTTP/1.1" 200 3073
2026-02-16 22:50:24,870 [INFO] spiders: 成功获取: http://www.news.cn/comments/20241024/8ee487c2d392449e8b27da73f434b6ed/c.html (状态码: 200)
2026-02-16 22:50:24,873 [DEBUG] spiders: 成功获取详情: 新华网视评｜充电桩成“价格刺客”，该管管了！
2026-02-16 22:50:24,873 [DEBUG] spiders: 请求URL: http://www.news.cn/comments/20241023/1348ae43e7d44144b7ee0808cdb07465/c.html (尝试 1/3)
2026-02-16 22:50:24,980 [DEBUG] urllib3.connectionpool: http://www.news.cn:80 "GET /comments/20241023/1348ae43e7d44144b7ee0808cdb07465/c.html HTTP/1.1" 200 2981
2026-02-16 22:50:24,980 [INFO] spiders: 成功获取: http://www.news.cn/comments/20241023/1348ae43e7d44144b7ee0808cdb07465/c.html (状态码: 200)
2026-02-16 22:50:24,982 [DEBUG] spiders: 成功获取详情: 新华网视评｜“高空抛物判死刑”是一次震慑
2026-02-16 22:50:24,983 [DEBUG] spiders: 请求URL: http://www.news.cn/comments/20241017/2c191e32a61f4b579f2a7414ecc79b82/c.html (尝试 1/3)
2026-02-16 22:50:25,140 [DEBUG] urllib3.connectionpool: http://www.news.cn:80 "GET /comments/20241017/2c191e32a61f4b579f2a7414ecc79b82/c.html HTTP/1.1" 200 5700
2026-02-16 22:50:25,140 [INFO] spiders: 成功获取: http://www.news.cn/comments/20241017/2c191e32a61f4b579f2a7414ecc79b82/c.html (状态码: 200)
2026-02-16 22:50:25,144 [DEBUG] spiders: 成功获取详情: 新华网视评｜新华网三连评，持续关注网络坑老骗老现象
2026-02-16 22:50:25,145 [DEBUG] spiders: 请求URL: http://www.news.cn/comments/20241015/279dde8f62934e878f521950fd5867ca/c.html (尝试 1/3)
2026-02-16 22:50:25,241 [DEBUG] urllib3.connectionpool: http://www.news.cn:80 "GET /comments/20241015/279dde8f62934e878f521950fd5867ca/c.html HTTP/1.1" 200 3590
2026-02-16 22:50:25,242 [INFO] spiders: 成功获取: http://www.news.cn/comments/20241015/279dde8f62934e878f521950fd5867ca/c.html (状态码: 200)
2026-02-16 22:50:25,245 [DEBUG] spiders: 成功获取详情: 新华网视评丨为这支“国家队”点赞
2026-02-16 22:50:25,245 [INFO] __main__:   进度: 135/194
2026-02-16 22:50:25,245 [DEBUG] spiders: 请求URL: http://www.news.cn/comments/20241013/86ea1784aade497294a1dad04bfc9fd2/c.html (尝试 1/3)
2026-02-16 22:50:25,370 [DEBUG] urllib3.connectionpool: http://www.news.cn:80 "GET /comments/20241013/86ea1784aade497294a1dad04bfc9fd2/c.html HTTP/1.1" 200 3650
2026-02-16 22:50:25,370 [INFO] spiders: 成功获取: http://www.news.cn/comments/20241013/86ea1784aade497294a1dad04bfc9fd2/c.html (状态码: 200)
2026-02-16 22:50:25,373 [DEBUG] spiders: 成功获取详情: 新华网视评丨管一管专坑老人的“养生骗局”
2026-02-16 22:50:25,373 [DEBUG] spiders: 请求URL: http://www.news.cn/comments/20241012/b1c3a0810c2e46adacfc1ad74c6dde70/c.html (尝试 1/3)
2026-02-16 22:50:25,470 [DEBUG] urllib3.connectionpool: http://www.news.cn:80 "GET /comments/20241012/b1c3a0810c2e46adacfc1ad74c6dde70/c.html HTTP/1.1" 200 3637
2026-02-16 22:50:25,471 [INFO] spiders: 成功获取: http://www.news.cn/comments/20241012/b1c3a0810c2e46adacfc1ad74c6dde70/c.html (状态码: 200)
2026-02-16 22:50:25,474 [DEBUG] spiders: 成功获取详情: 新华网视评丨老年人沉迷霸总短剧，不容忽视
2026-02-16 22:50:25,475 [DEBUG] spiders: 请求URL: http://www.news.cn/comments/20241011/6643a99d51664c4e97367ac5994b45bb/c.html (尝试 1/3)
2026-02-16 22:50:25,630 [DEBUG] urllib3.connectionpool: http://www.news.cn:80 "GET /comments/20241011/6643a99d51664c4e97367ac5994b45bb/c.html HTTP/1.1" 200 3496
2026-02-16 22:50:25,631 [INFO] spiders: 成功获取: http://www.news.cn/comments/20241011/6643a99d51664c4e97367ac5994b45bb/c.html (状态码: 200)
2026-02-16 22:50:25,637 [DEBUG] spiders: 成功获取详情: 新华网视评丨网络直播间岂能成“坑老间”
2026-02-16 22:50:25,637 [DEBUG] spiders: 请求URL: http://www.news.cn/comments/20241010/fd00ef349be045738bf6b7b77efea9e2/c.html (尝试 1/3)
2026-02-16 22:50:25,800 [DEBUG] urllib3.connectionpool: http://www.news.cn:80 "GET /comments/20241010/fd00ef349be045738bf6b7b77efea9e2/c.html HTTP/1.1" 200 3105
2026-02-16 22:50:25,800 [INFO] spiders: 成功获取: http://www.news.cn/comments/20241010/fd00ef349be045738bf6b7b77efea9e2/c.html (状态码: 200)
2026-02-16 22:50:25,803 [DEBUG] spiders: 成功获取详情: 新华网视评丨乐见年轻人“整顿”婚礼
2026-02-16 22:50:25,803 [DEBUG] spiders: 请求URL: http://www.news.cn/comments/20241009/15564dfc03a0469f85e01f3645f64e91/c.html (尝试 1/3)
2026-02-16 22:50:25,951 [DEBUG] urllib3.connectionpool: http://www.news.cn:80 "GET /comments/20241009/15564dfc03a0469f85e01f3645f64e91/c.html HTTP/1.1" 200 3278
2026-02-16 22:50:25,951 [INFO] spiders: 成功获取: http://www.news.cn/comments/20241009/15564dfc03a0469f85e01f3645f64e91/c.html (状态码: 200)
2026-02-16 22:50:25,954 [DEBUG] spiders: 成功获取详情: 新华网视评丨出游不能太任性
2026-02-16 22:50:25,954 [INFO] __main__:   进度: 140/194
2026-02-16 22:50:25,955 [DEBUG] spiders: 请求URL: http://www.news.cn/comments/20240930/5748bd2682924667b2e7668e610d90b3/c.html (尝试 1/3)
2026-02-16 22:50:26,060 [DEBUG] urllib3.connectionpool: http://www.news.cn:80 "GET /comments/20240930/5748bd2682924667b2e7668e610d90b3/c.html HTTP/1.1" 200 3412
2026-02-16 22:50:26,060 [INFO] spiders: 成功获取: http://www.news.cn/comments/20240930/5748bd2682924667b2e7668e610d90b3/c.html (状态码: 200)
2026-02-16 22:50:26,064 [DEBUG] spiders: 成功获取详情: 新华网视评丨英雄，照亮民族前行路
2026-02-16 22:50:26,064 [DEBUG] spiders: 请求URL: http://www.news.cn/comments/20240927/d64ebd8dd26b429e8af160887ad0f4fc/c.html (尝试 1/3)
2026-02-16 22:50:26,250 [DEBUG] urllib3.connectionpool: http://www.news.cn:80 "GET /comments/20240927/d64ebd8dd26b429e8af160887ad0f4fc/c.html HTTP/1.1" 200 3192
2026-02-16 22:50:26,251 [INFO] spiders: 成功获取: http://www.news.cn/comments/20240927/d64ebd8dd26b429e8af160887ad0f4fc/c.html (状态码: 200)
2026-02-16 22:50:26,254 [DEBUG] spiders: 成功获取详情: 新华网视评丨斩断偷拍黑产，须用重拳
2026-02-16 22:50:26,254 [DEBUG] spiders: 请求URL: http://www.news.cn/comments/20240925/745adddd0457401f851f6625fe4ca79b/c.html (尝试 1/3)
2026-02-16 22:50:26,450 [DEBUG] urllib3.connectionpool: http://www.news.cn:80 "GET /comments/20240925/745adddd0457401f851f6625fe4ca79b/c.html HTTP/1.1" 200 3222
2026-02-16 22:50:26,450 [INFO] spiders: 成功获取: http://www.news.cn/comments/20240925/745adddd0457401f851f6625fe4ca79b/c.html (状态码: 200)
2026-02-16 22:50:26,455 [DEBUG] spiders: 成功获取详情: 新华网视评丨景区玩“套路”，赚了快钱失了人心
2026-02-16 22:50:26,456 [DEBUG] spiders: 请求URL: http://www.news.cn/comments/20240923/54ca5fd4bd614affafd71f26eebc7e8b/c.html (尝试 1/3)
2026-02-16 22:50:26,815 [DEBUG] urllib3.connectionpool: http://www.news.cn:80 "GET /comments/20240923/54ca5fd4bd614affafd71f26eebc7e8b/c.html HTTP/1.1" 200 3499
2026-02-16 22:50:26,816 [INFO] spiders: 成功获取: http://www.news.cn/comments/20240923/54ca5fd4bd614affafd71f26eebc7e8b/c.html (状态码: 200)
2026-02-16 22:50:26,820 [DEBUG] spiders: 成功获取详情: 新华网视评丨自动续费咋能这么“坑”
2026-02-16 22:50:26,820 [DEBUG] spiders: 请求URL: http://www.news.cn/comments/20240915/c57a9698599843a7b2f0aa71948ad860/c.html (尝试 1/3)
2026-02-16 22:50:26,940 [DEBUG] urllib3.connectionpool: http://www.news.cn:80 "GET /comments/20240915/c57a9698599843a7b2f0aa71948ad860/c.html HTTP/1.1" 200 3678
2026-02-16 22:50:26,940 [INFO] spiders: 成功获取: http://www.news.cn/comments/20240915/c57a9698599843a7b2f0aa71948ad860/c.html (状态码: 200)
2026-02-16 22:50:26,943 [DEBUG] spiders: 成功获取详情: 新华网视评｜让AI成“帮手”而不是“帮凶”
2026-02-16 22:50:26,943 [INFO] __main__:   进度: 145/194
2026-02-16 22:50:26,943 [DEBUG] spiders: 请求URL: http://www.news.cn/comments/20240914/1a91cd8679824f1191ad53935bd95589/c.html (尝试 1/3)
2026-02-16 22:50:27,080 [DEBUG] urllib3.connectionpool: http://www.news.cn:80 "GET /comments/20240914/1a91cd8679824f1191ad53935bd95589/c.html HTTP/1.1" 200 3549
2026-02-16 22:50:27,083 [INFO] spiders: 成功获取: http://www.news.cn/comments/20240914/1a91cd8679824f1191ad53935bd95589/c.html (状态码: 200)
2026-02-16 22:50:27,085 [DEBUG] spiders: 成功获取详情: 新华网视评丨要比“无上限服务”，而不是“无下限流量”
2026-02-16 22:50:27,085 [DEBUG] spiders: 请求URL: http://www.news.cn/comments/20240912/9782eaf04d8b449db1792036c1e9bccd/c.html (尝试 1/3)
2026-02-16 22:50:27,240 [DEBUG] urllib3.connectionpool: http://www.news.cn:80 "GET /comments/20240912/9782eaf04d8b449db1792036c1e9bccd/c.html HTTP/1.1" 200 5844
2026-02-16 22:50:27,240 [INFO] spiders: 成功获取: http://www.news.cn/comments/20240912/9782eaf04d8b449db1792036c1e9bccd/c.html (状态码: 200)
2026-02-16 22:50:27,246 [DEBUG] spiders: 成功获取详情: 新华网视评｜新华网三连评，为教师减负松绑
2026-02-16 22:50:27,246 [DEBUG] spiders: 请求URL: http://www.news.cn/comments/20240911/87f1ebec3c0a43e7a3eed8295b1e3f2f/c.html (尝试 1/3)
2026-02-16 22:50:27,343 [DEBUG] urllib3.connectionpool: http://www.news.cn:80 "GET /comments/20240911/87f1ebec3c0a43e7a3eed8295b1e3f2f/c.html HTTP/1.1" 200 3224
2026-02-16 22:50:27,344 [INFO] spiders: 成功获取: http://www.news.cn/comments/20240911/87f1ebec3c0a43e7a3eed8295b1e3f2f/c.html (状态码: 200)
2026-02-16 22:50:27,346 [DEBUG] spiders: 成功获取详情: 新华网视评丨教师不应承担与教育教学无关事项
2026-02-16 22:50:27,347 [DEBUG] spiders: 请求URL: http://www.news.cn/comments/20240910/ab06c17e643146ffbceb423da5a3d549/c.html (尝试 1/3)
2026-02-16 22:50:27,521 [DEBUG] urllib3.connectionpool: http://www.news.cn:80 "GET /comments/20240910/ab06c17e643146ffbceb423da5a3d549/c.html HTTP/1.1" 200 3424
2026-02-16 22:50:27,521 [INFO] spiders: 成功获取: http://www.news.cn/comments/20240910/ab06c17e643146ffbceb423da5a3d549/c.html (状态码: 200)
2026-02-16 22:50:27,526 [DEBUG] spiders: 成功获取详情: 新华网视评丨最好的礼物是让“尊师重教”成为常态
2026-02-16 22:50:27,526 [DEBUG] spiders: 请求URL: http://www.news.cn/comments/20240910/a135e0ed36fb4d9c8e5fa4c29b75a31c/c.html (尝试 1/3)
2026-02-16 22:50:27,630 [DEBUG] urllib3.connectionpool: http://www.news.cn:80 "GET /comments/20240910/a135e0ed36fb4d9c8e5fa4c29b75a31c/c.html HTTP/1.1" 200 3497
2026-02-16 22:50:27,631 [INFO] spiders: 成功获取: http://www.news.cn/comments/20240910/a135e0ed36fb4d9c8e5fa4c29b75a31c/c.html (状态码: 200)
2026-02-16 22:50:27,633 [DEBUG] spiders: 成功获取详情: 新华网视评丨教师的“戒尺”不该如此烫手
2026-02-16 22:50:27,633 [INFO] __main__:   进度: 150/194
2026-02-16 22:50:27,634 [DEBUG] spiders: 请求URL: http://www.news.cn/comments/20240904/4d83bbfd4a234121abee44996467c4ca/c.html (尝试 1/3)
2026-02-16 22:50:27,740 [DEBUG] urllib3.connectionpool: http://www.news.cn:80 "GET /comments/20240904/4d83bbfd4a234121abee44996467c4ca/c.html HTTP/1.1" 200 3503
2026-02-16 22:50:27,741 [INFO] spiders: 成功获取: http://www.news.cn/comments/20240904/4d83bbfd4a234121abee44996467c4ca/c.html (状态码: 200)
2026-02-16 22:50:27,743 [DEBUG] spiders: 成功获取详情: 新华网视评丨整治“人肉开盒”，不妨换个思路
2026-02-16 22:50:27,743 [DEBUG] spiders: 请求URL: http://www.news.cn/comments/20240903/aef7ae6db72643be9833da32e8090dfc/c.html (尝试 1/3)
2026-02-16 22:50:27,900 [DEBUG] urllib3.connectionpool: http://www.news.cn:80 "GET /comments/20240903/aef7ae6db72643be9833da32e8090dfc/c.html HTTP/1.1" 200 3389
2026-02-16 22:50:27,900 [INFO] spiders: 成功获取: http://www.news.cn/comments/20240903/aef7ae6db72643be9833da32e8090dfc/c.html (状态码: 200)
2026-02-16 22:50:27,903 [DEBUG] spiders: 成功获取详情: 新华网视评｜别被“断骨增高”忽悠瘸了
2026-02-16 22:50:27,903 [DEBUG] spiders: 请求URL: http://www.news.cn/comments/20240830/d1938ff63f3446b2a859d63a0ff6c06a/c.html (尝试 1/3)
2026-02-16 22:50:28,030 [DEBUG] urllib3.connectionpool: http://www.news.cn:80 "GET /comments/20240830/d1938ff63f3446b2a859d63a0ff6c06a/c.html HTTP/1.1" 200 3305
2026-02-16 22:50:28,030 [INFO] spiders: 成功获取: http://www.news.cn/comments/20240830/d1938ff63f3446b2a859d63a0ff6c06a/c.html (状态码: 200)
2026-02-16 22:50:28,033 [DEBUG] spiders: 成功获取详情: 新华网视评｜公共道路岂容“暴骑团”横冲直撞
2026-02-16 22:50:28,033 [DEBUG] spiders: 请求URL: http://www.news.cn/comments/20240829/e0bdc88e631a4552b824d52214dbb34e/c.html (尝试 1/3)
2026-02-16 22:50:28,138 [DEBUG] urllib3.connectionpool: http://www.news.cn:80 "GET /comments/20240829/e0bdc88e631a4552b824d52214dbb34e/c.html HTTP/1.1" 200 3423
2026-02-16 22:50:28,140 [INFO] spiders: 成功获取: http://www.news.cn/comments/20240829/e0bdc88e631a4552b824d52214dbb34e/c.html (状态码: 200)
2026-02-16 22:50:28,142 [DEBUG] spiders: 成功获取详情: 新华网视评｜让未成年人远离“盲盒诱惑”
2026-02-16 22:50:28,142 [DEBUG] spiders: 请求URL: http://www.news.cn/comments/20240828/e7ebc04217694c698f6d7db8da115c92/c.html (尝试 1/3)
2026-02-16 22:50:28,320 [DEBUG] urllib3.connectionpool: http://www.news.cn:80 "GET /comments/20240828/e7ebc04217694c698f6d7db8da115c92/c.html HTTP/1.1" 200 3298
2026-02-16 22:50:28,321 [INFO] spiders: 成功获取: http://www.news.cn/comments/20240828/e7ebc04217694c698f6d7db8da115c92/c.html (状态码: 200)
2026-02-16 22:50:28,324 [DEBUG] spiders: 成功获取详情: 新华网视评｜对英雄最朴素的致敬
2026-02-16 22:50:28,324 [INFO] __main__:   进度: 155/194
2026-02-16 22:50:28,325 [DEBUG] spiders: 请求URL: http://www.news.cn/comments/20240827/1aa7d9f57b3c4d90958d82826fad8eb9/c.html (尝试 1/3)
2026-02-16 22:50:28,520 [DEBUG] urllib3.connectionpool: http://www.news.cn:80 "GET /comments/20240827/1aa7d9f57b3c4d90958d82826fad8eb9/c.html HTTP/1.1" 200 5957
2026-02-16 22:50:28,520 [INFO] spiders: 成功获取: http://www.news.cn/comments/20240827/1aa7d9f57b3c4d90958d82826fad8eb9/c.html (状态码: 200)
2026-02-16 22:50:28,523 [DEBUG] spiders: 成功获取详情: 新华网视评｜新华网三连评，直指医美乱象
2026-02-16 22:50:28,523 [DEBUG] spiders: 请求URL: http://www.news.cn/comments/20240823/f6ead0550a9e463abab27a7daa50fb75/c.html (尝试 1/3)
2026-02-16 22:50:28,660 [DEBUG] urllib3.connectionpool: http://www.news.cn:80 "GET /comments/20240823/f6ead0550a9e463abab27a7daa50fb75/c.html HTTP/1.1" 200 3589
2026-02-16 22:50:28,660 [INFO] spiders: 成功获取: http://www.news.cn/comments/20240823/f6ead0550a9e463abab27a7daa50fb75/c.html (状态码: 200)
2026-02-16 22:50:28,665 [DEBUG] spiders: 成功获取详情: 新华网视评｜用“容貌焦虑”诱导青少年，必须制止
2026-02-16 22:50:28,665 [DEBUG] spiders: 请求URL: http://www.news.cn/comments/20240822/8fafcde1af48487e93763e4f10b18238/c.html (尝试 1/3)
2026-02-16 22:50:28,790 [DEBUG] urllib3.connectionpool: http://www.news.cn:80 "GET /comments/20240822/8fafcde1af48487e93763e4f10b18238/c.html HTTP/1.1" 200 3487
2026-02-16 22:50:28,791 [INFO] spiders: 成功获取: http://www.news.cn/comments/20240822/8fafcde1af48487e93763e4f10b18238/c.html (状态码: 200)
2026-02-16 22:50:28,793 [DEBUG] spiders: 成功获取详情: 新华网视评｜小心“轻医美”成为风险“重灾区”
2026-02-16 22:50:28,793 [DEBUG] spiders: 请求URL: http://www.news.cn/comments/20240821/a4235763e2e642d9bee9fb22205815ac/c.html (尝试 1/3)
2026-02-16 22:50:28,900 [DEBUG] urllib3.connectionpool: http://www.news.cn:80 "GET /comments/20240821/a4235763e2e642d9bee9fb22205815ac/c.html HTTP/1.1" 200 3427
2026-02-16 22:50:28,901 [INFO] spiders: 成功获取: http://www.news.cn/comments/20240821/a4235763e2e642d9bee9fb22205815ac/c.html (状态码: 200)
2026-02-16 22:50:28,905 [DEBUG] spiders: 成功获取详情: 新华网视评｜“黑医美”下沉县乡的苗头不容忽视
2026-02-16 22:50:28,905 [DEBUG] spiders: 请求URL: http://www.news.cn/comments/20240815/7101b16849544c1096ef5d2492437f66/c.html (尝试 1/3)
2026-02-16 22:50:29,041 [DEBUG] urllib3.connectionpool: http://www.news.cn:80 "GET /comments/20240815/7101b16849544c1096ef5d2492437f66/c.html HTTP/1.1" 200 3815
2026-02-16 22:50:29,041 [INFO] spiders: 成功获取: http://www.news.cn/comments/20240815/7101b16849544c1096ef5d2492437f66/c.html (状态码: 200)
2026-02-16 22:50:29,045 [DEBUG] spiders: 成功获取详情: 新华网视评｜恶性“内卷”产生不了世界一流企业
2026-02-16 22:50:29,045 [INFO] __main__:   进度: 160/194
2026-02-16 22:50:29,046 [DEBUG] spiders: 请求URL: http://www.news.cn/comments/20240815/2074a3f7958d4945947efa854a00046c/c.html (尝试 1/3)
2026-02-16 22:50:29,200 [DEBUG] urllib3.connectionpool: http://www.news.cn:80 "GET /comments/20240815/2074a3f7958d4945947efa854a00046c/c.html HTTP/1.1" 200 3177
2026-02-16 22:50:29,201 [INFO] spiders: 成功获取: http://www.news.cn/comments/20240815/2074a3f7958d4945947efa854a00046c/c.html (状态码: 200)
2026-02-16 22:50:29,205 [DEBUG] spiders: 成功获取详情: 新华网视评｜派出所大院开放给群众晒粮，点赞
2026-02-16 22:50:29,205 [DEBUG] spiders: 请求URL: http://www.news.cn/comments/20240810/c640a60901b24d5fb01c3e56fa0d68fb/c.html (尝试 1/3)
2026-02-16 22:50:29,380 [DEBUG] urllib3.connectionpool: http://www.news.cn:80 "GET /comments/20240810/c640a60901b24d5fb01c3e56fa0d68fb/c.html HTTP/1.1" 200 3530
2026-02-16 22:50:29,380 [INFO] spiders: 成功获取: http://www.news.cn/comments/20240810/c640a60901b24d5fb01c3e56fa0d68fb/c.html (状态码: 200)
2026-02-16 22:50:29,383 [DEBUG] spiders: 成功获取详情: 新华网视评｜这一刻，“更团结”
2026-02-16 22:50:29,383 [DEBUG] spiders: 请求URL: http://www.news.cn/comments/20240809/040b238ed721454892bb67b4654d99f6/c.html (尝试 1/3)
2026-02-16 22:50:29,510 [DEBUG] urllib3.connectionpool: http://www.news.cn:80 "GET /comments/20240809/040b238ed721454892bb67b4654d99f6/c.html HTTP/1.1" 200 3448
2026-02-16 22:50:29,510 [INFO] spiders: 成功获取: http://www.news.cn/comments/20240809/040b238ed721454892bb67b4654d99f6/c.html (状态码: 200)
2026-02-16 22:50:29,513 [DEBUG] spiders: 成功获取详情: 新华网视评｜这样“带货”，可能会“带祸”
2026-02-16 22:50:29,513 [DEBUG] spiders: 请求URL: http://www.news.cn/comments/20240809/7db5f131b69f402eb64194bb8cba147c/c.html (尝试 1/3)
2026-02-16 22:50:29,610 [DEBUG] urllib3.connectionpool: http://www.news.cn:80 "GET /comments/20240809/7db5f131b69f402eb64194bb8cba147c/c.html HTTP/1.1" 200 3507
2026-02-16 22:50:29,611 [INFO] spiders: 成功获取: http://www.news.cn/comments/20240809/7db5f131b69f402eb64194bb8cba147c/c.html (状态码: 200)
2026-02-16 22:50:29,613 [DEBUG] spiders: 成功获取详情: 新华网视评｜“水灵灵”的00后，扛事儿！
2026-02-16 22:50:29,613 [DEBUG] spiders: 请求URL: http://www.news.cn/comments/20240808/abeab28a26cb44d9a501962040baea94/c.html (尝试 1/3)
2026-02-16 22:50:29,790 [DEBUG] urllib3.connectionpool: http://www.news.cn:80 "GET /comments/20240808/abeab28a26cb44d9a501962040baea94/c.html HTTP/1.1" 200 5887
2026-02-16 22:50:29,790 [INFO] spiders: 成功获取: http://www.news.cn/comments/20240808/abeab28a26cb44d9a501962040baea94/c.html (状态码: 200)
2026-02-16 22:50:29,794 [DEBUG] spiders: 成功获取详情: 新华网视评｜新华网三连评，直指农村人居环境整治乱象
2026-02-16 22:50:29,794 [INFO] __main__:   进度: 165/194
2026-02-16 22:50:29,794 [DEBUG] spiders: 请求URL: http://www.news.cn/comments/20240808/9741c553842b421b9831d76abef37969/c.html (尝试 1/3)
2026-02-16 22:50:29,930 [DEBUG] urllib3.connectionpool: http://www.news.cn:80 "GET /comments/20240808/9741c553842b421b9831d76abef37969/c.html HTTP/1.1" 200 3202
2026-02-16 22:50:29,930 [INFO] spiders: 成功获取: http://www.news.cn/comments/20240808/9741c553842b421b9831d76abef37969/c.html (状态码: 200)
2026-02-16 22:50:29,934 [DEBUG] spiders: 成功获取详情: 新华网视评｜点赞！巴黎奥运赛场上的中国突破
2026-02-16 22:50:29,934 [DEBUG] spiders: 请求URL: http://www.news.cn/comments/20240805/80abb7c850764cb780a5070b4f9b0858/c.html (尝试 1/3)
2026-02-16 22:50:30,060 [DEBUG] urllib3.connectionpool: http://www.news.cn:80 "GET /comments/20240805/80abb7c850764cb780a5070b4f9b0858/c.html HTTP/1.1" 200 3278
2026-02-16 22:50:30,061 [INFO] spiders: 成功获取: http://www.news.cn/comments/20240805/80abb7c850764cb780a5070b4f9b0858/c.html (状态码: 200)
2026-02-16 22:50:30,064 [DEBUG] spiders: 成功获取详情: 新华网视评｜这样的“纳凉点”，很有人情味
2026-02-16 22:50:30,064 [DEBUG] spiders: 请求URL: http://www.news.cn/comments/20240801/b72664f2bd804c538b33a08d3d4d77f9/c.html (尝试 1/3)
2026-02-16 22:50:30,229 [DEBUG] urllib3.connectionpool: http://www.news.cn:80 "GET /comments/20240801/b72664f2bd804c538b33a08d3d4d77f9/c.html HTTP/1.1" 200 3491
2026-02-16 22:50:30,230 [INFO] spiders: 成功获取: http://www.news.cn/comments/20240801/b72664f2bd804c538b33a08d3d4d77f9/c.html (状态码: 200)
2026-02-16 22:50:30,232 [DEBUG] spiders: 成功获取详情: 新华网视评｜唯拼搏最可敬
2026-02-16 22:50:30,232 [DEBUG] spiders: 请求URL: http://www.news.cn/comments/20240731/206bfec03e05412e8894c3ff4c76b865/c.html (尝试 1/3)
2026-02-16 22:50:30,380 [DEBUG] urllib3.connectionpool: http://www.news.cn:80 "GET /comments/20240731/206bfec03e05412e8894c3ff4c76b865/c.html HTTP/1.1" 200 3577
2026-02-16 22:50:30,380 [INFO] spiders: 成功获取: http://www.news.cn/comments/20240731/206bfec03e05412e8894c3ff4c76b865/c.html (状态码: 200)
2026-02-16 22:50:30,383 [DEBUG] spiders: 成功获取详情: 新华网视评｜农村人居环境整治不能无视农民意愿
2026-02-16 22:50:30,383 [DEBUG] spiders: 请求URL: http://www.news.cn/comments/20240730/1f20248835014a389b93bbd76905d471/c.html (尝试 1/3)
2026-02-16 22:50:30,520 [DEBUG] urllib3.connectionpool: http://www.news.cn:80 "GET /comments/20240730/1f20248835014a389b93bbd76905d471/c.html HTTP/1.1" 200 3497
2026-02-16 22:50:30,520 [INFO] spiders: 成功获取: http://www.news.cn/comments/20240730/1f20248835014a389b93bbd76905d471/c.html (状态码: 200)
2026-02-16 22:50:30,523 [DEBUG] spiders: 成功获取详情: 新华网视评｜农村人居环境整治不可只要“面子”不顾“里子”
2026-02-16 22:50:30,523 [INFO] __main__:   进度: 170/194
2026-02-16 22:50:30,523 [DEBUG] spiders: 请求URL: http://www.news.cn/comments/20240729/41cf25a852884b3ea11d923c1a8459a2/c.html (尝试 1/3)
2026-02-16 22:50:30,620 [DEBUG] urllib3.connectionpool: http://www.news.cn:80 "GET /comments/20240729/41cf25a852884b3ea11d923c1a8459a2/c.html HTTP/1.1" 200 3411
2026-02-16 22:50:30,620 [INFO] spiders: 成功获取: http://www.news.cn/comments/20240729/41cf25a852884b3ea11d923c1a8459a2/c.html (状态码: 200)
2026-02-16 22:50:30,623 [DEBUG] spiders: 成功获取详情: 新华网视评｜农村人居环境整治岂能“千村一面”
2026-02-16 22:50:30,623 [DEBUG] spiders: 请求URL: http://www.news.cn/comments/20240728/6ebd0b1470dc42c097d4fac85a0e0db8/c.html (尝试 1/3)
2026-02-16 22:50:30,720 [DEBUG] urllib3.connectionpool: http://www.news.cn:80 "GET /comments/20240728/6ebd0b1470dc42c097d4fac85a0e0db8/c.html HTTP/1.1" 200 3290
2026-02-16 22:50:30,721 [INFO] spiders: 成功获取: http://www.news.cn/comments/20240728/6ebd0b1470dc42c097d4fac85a0e0db8/c.html (状态码: 200)
2026-02-16 22:50:30,724 [DEBUG] spiders: 成功获取详情: 新华网视评｜校园体育设施暑期“不放假”，点赞！
2026-02-16 22:50:30,725 [DEBUG] spiders: 请求URL: http://www.news.cn/comments/20240726/a2e88efc50a34cfb907029df2da83338/c.html (尝试 1/3)
2026-02-16 22:50:30,881 [DEBUG] urllib3.connectionpool: http://www.news.cn:80 "GET /comments/20240726/a2e88efc50a34cfb907029df2da83338/c.html HTTP/1.1" 200 3302
2026-02-16 22:50:30,881 [INFO] spiders: 成功获取: http://www.news.cn/comments/20240726/a2e88efc50a34cfb907029df2da83338/c.html (状态码: 200)
2026-02-16 22:50:30,884 [DEBUG] spiders: 成功获取详情: 新华网视评｜大数据“杀熟”，“杀”掉的是信任
2026-02-16 22:50:30,884 [DEBUG] spiders: 请求URL: http://www.news.cn/comments/20240721/a086b9e0c7a24a11b03b0e1e1b44fc87/c.html (尝试 1/3)
2026-02-16 22:50:30,990 [DEBUG] urllib3.connectionpool: http://www.news.cn:80 "GET /comments/20240721/a086b9e0c7a24a11b03b0e1e1b44fc87/c.html HTTP/1.1" 200 3449
2026-02-16 22:50:30,990 [INFO] spiders: 成功获取: http://www.news.cn/comments/20240721/a086b9e0c7a24a11b03b0e1e1b44fc87/c.html (状态码: 200)
2026-02-16 22:50:30,993 [DEBUG] spiders: 成功获取详情: 新华网视评｜图书馆借还书也能“快递”了，点赞!
2026-02-16 22:50:30,993 [DEBUG] spiders: 请求URL: http://www.news.cn/comments/20240720/9b75a78081a942d6af78067eb252aa71/c.html (尝试 1/3)
2026-02-16 22:50:31,080 [DEBUG] urllib3.connectionpool: http://www.news.cn:80 "GET /comments/20240720/9b75a78081a942d6af78067eb252aa71/c.html HTTP/1.1" 200 2804
2026-02-16 22:50:31,080 [INFO] spiders: 成功获取: http://www.news.cn/comments/20240720/9b75a78081a942d6af78067eb252aa71/c.html (状态码: 200)
2026-02-16 22:50:31,083 [DEBUG] spiders: 成功获取详情: 新华网视评｜对这样的“欺诈游”必须重拳出击！
2026-02-16 22:50:31,083 [INFO] __main__:   进度: 175/194
2026-02-16 22:50:31,085 [DEBUG] spiders: 请求URL: http://www.news.cn/comments/20240720/f0fa041fcafb4a3cb05a4e182f7a4211/c.html (尝试 1/3)
2026-02-16 22:50:31,211 [DEBUG] urllib3.connectionpool: http://www.news.cn:80 "GET /comments/20240720/f0fa041fcafb4a3cb05a4e182f7a4211/c.html HTTP/1.1" 200 3318
2026-02-16 22:50:31,211 [INFO] spiders: 成功获取: http://www.news.cn/comments/20240720/f0fa041fcafb4a3cb05a4e182f7a4211/c.html (状态码: 200)
2026-02-16 22:50:31,214 [DEBUG] spiders: 成功获取详情: 新华网视评｜为这一城市管理微创新点赞！
2026-02-16 22:50:31,214 [DEBUG] spiders: 请求URL: http://www.news.cn/comments/20240717/ac033d98dc4c4be98e2e040553f8eaad/c.html (尝试 1/3)
2026-02-16 22:50:31,500 [DEBUG] urllib3.connectionpool: http://www.news.cn:80 "GET /comments/20240717/ac033d98dc4c4be98e2e040553f8eaad/c.html HTTP/1.1" 200 2732
2026-02-16 22:50:31,500 [INFO] spiders: 成功获取: http://www.news.cn/comments/20240717/ac033d98dc4c4be98e2e040553f8eaad/c.html (状态码: 200)
2026-02-16 22:50:31,504 [DEBUG] spiders: 成功获取详情: 新华网视评｜莫让升学宴变成“绑架宴”
2026-02-16 22:50:31,504 [DEBUG] spiders: 请求URL: http://www.news.cn/comments/20240716/2100cd28096841e48e24571fcc598dde/c.html (尝试 1/3)
2026-02-16 22:50:31,648 [DEBUG] urllib3.connectionpool: http://www.news.cn:80 "GET /comments/20240716/2100cd28096841e48e24571fcc598dde/c.html HTTP/1.1" 200 3119
2026-02-16 22:50:31,649 [INFO] spiders: 成功获取: http://www.news.cn/comments/20240716/2100cd28096841e48e24571fcc598dde/c.html (状态码: 200)
2026-02-16 22:50:31,651 [DEBUG] spiders: 成功获取详情: 新华网视评｜为博物馆“延时开放”点赞
2026-02-16 22:50:31,652 [DEBUG] spiders: 请求URL: http://www.news.cn/comments/20240712/d9c254334ab7466887dbfd6ae16cd73c/c.html (尝试 1/3)
2026-02-16 22:50:31,791 [DEBUG] urllib3.connectionpool: http://www.news.cn:80 "GET /comments/20240712/d9c254334ab7466887dbfd6ae16cd73c/c.html HTTP/1.1" 200 3262
2026-02-16 22:50:31,791 [INFO] spiders: 成功获取: http://www.news.cn/comments/20240712/d9c254334ab7466887dbfd6ae16cd73c/c.html (状态码: 200)
2026-02-16 22:50:31,794 [DEBUG] spiders: 成功获取详情: 新华网视评｜景区摆渡车宰客，该好好治治了
2026-02-16 22:50:31,794 [DEBUG] spiders: 请求URL: http://www.news.cn/comments/20240709/c85cb09510a14e67a833afdf8e0882d5/c.html (尝试 1/3)
2026-02-16 22:50:31,971 [DEBUG] urllib3.connectionpool: http://www.news.cn:80 "GET /comments/20240709/c85cb09510a14e67a833afdf8e0882d5/c.html HTTP/1.1" 200 3364
2026-02-16 22:50:31,971 [INFO] spiders: 成功获取: http://www.news.cn/comments/20240709/c85cb09510a14e67a833afdf8e0882d5/c.html (状态码: 200)
2026-02-16 22:50:31,974 [DEBUG] spiders: 成功获取详情: 新华网视评｜拒绝暑假“弯道超车”焦虑
2026-02-16 22:50:31,974 [INFO] __main__:   进度: 180/194
2026-02-16 22:50:31,975 [DEBUG] spiders: 请求URL: http://www.news.cn/comments/20240704/aea90b65d7074cabb320cfe99b727944/c.html (尝试 1/3)
2026-02-16 22:50:32,080 [DEBUG] urllib3.connectionpool: http://www.news.cn:80 "GET /comments/20240704/aea90b65d7074cabb320cfe99b727944/c.html HTTP/1.1" 200 2709
2026-02-16 22:50:32,080 [INFO] spiders: 成功获取: http://www.news.cn/comments/20240704/aea90b65d7074cabb320cfe99b727944/c.html (状态码: 200)
2026-02-16 22:50:32,083 [DEBUG] spiders: 成功获取详情: 新华网视评｜研学游别只剩一个“游”字
2026-02-16 22:50:32,083 [DEBUG] spiders: 请求URL: http://www.news.cn/comments/20240702/faa14c0703d5481bbd0ebdfa4cee2a79/c.html (尝试 1/3)
2026-02-16 22:50:32,260 [DEBUG] urllib3.connectionpool: http://www.news.cn:80 "GET /comments/20240702/faa14c0703d5481bbd0ebdfa4cee2a79/c.html HTTP/1.1" 200 2635
2026-02-16 22:50:32,260 [INFO] spiders: 成功获取: http://www.news.cn/comments/20240702/faa14c0703d5481bbd0ebdfa4cee2a79/c.html (状态码: 200)
2026-02-16 22:50:32,263 [DEBUG] spiders: 成功获取详情: 新华网视评｜转变话风就是转变作风
2026-02-16 22:50:32,263 [DEBUG] spiders: 请求URL: http://www.news.cn/comments/20240630/a914fad6d58d4a86baa12542d60bf47c/c.html (尝试 1/3)
2026-02-16 22:50:32,410 [DEBUG] urllib3.connectionpool: http://www.news.cn:80 "GET /comments/20240630/a914fad6d58d4a86baa12542d60bf47c/c.html HTTP/1.1" 200 2669
2026-02-16 22:50:32,410 [INFO] spiders: 成功获取: http://www.news.cn/comments/20240630/a914fad6d58d4a86baa12542d60bf47c/c.html (状态码: 200)
2026-02-16 22:50:32,413 [DEBUG] spiders: 成功获取详情: 新华网视评｜自导自演的假闹剧该“收场”了
2026-02-16 22:50:32,413 [DEBUG] spiders: 请求URL: http://www.news.cn/comments/20240629/85fe770351b043fc997dfd0012ee4990/c.html (尝试 1/3)
2026-02-16 22:50:32,540 [DEBUG] urllib3.connectionpool: http://www.news.cn:80 "GET /comments/20240629/85fe770351b043fc997dfd0012ee4990/c.html HTTP/1.1" 200 2665
2026-02-16 22:50:32,540 [INFO] spiders: 成功获取: http://www.news.cn/comments/20240629/85fe770351b043fc997dfd0012ee4990/c.html (状态码: 200)
2026-02-16 22:50:32,543 [DEBUG] spiders: 成功获取详情: 新华网视评｜对网络“黑嘴”必须重拳出击
2026-02-16 22:50:32,543 [DEBUG] spiders: 请求URL: http://www.news.cn/comments/20240628/7aea933ad2764e6ca85e294f255a156d/c.html (尝试 1/3)
2026-02-16 22:50:32,650 [DEBUG] urllib3.connectionpool: http://www.news.cn:80 "GET /comments/20240628/7aea933ad2764e6ca85e294f255a156d/c.html HTTP/1.1" 200 2707
2026-02-16 22:50:32,651 [INFO] spiders: 成功获取: http://www.news.cn/comments/20240628/7aea933ad2764e6ca85e294f255a156d/c.html (状态码: 200)
2026-02-16 22:50:32,653 [DEBUG] spiders: 成功获取详情: 新华网视评｜靠炫富博流量注定是一条死胡同
2026-02-16 22:50:32,653 [INFO] __main__:   进度: 185/194
2026-02-16 22:50:32,654 [DEBUG] spiders: 请求URL: http://www.news.cn/comments/20240627/f095baad1e5c482ba0f10b9bb6d61d7d/c.html (尝试 1/3)
2026-02-16 22:50:32,770 [DEBUG] urllib3.connectionpool: http://www.news.cn:80 "GET /comments/20240627/f095baad1e5c482ba0f10b9bb6d61d7d/c.html HTTP/1.1" 200 2663
2026-02-16 22:50:32,771 [INFO] spiders: 成功获取: http://www.news.cn/comments/20240627/f095baad1e5c482ba0f10b9bb6d61d7d/c.html (状态码: 200)
2026-02-16 22:50:32,774 [DEBUG] spiders: 成功获取详情: 新华网视评｜以这样的方式谋出圈，只能出丑
2026-02-16 22:50:32,774 [DEBUG] spiders: 请求URL: http://www.news.cn/comments/20240627/9cd6917db16047b180d340cc0de87e4a/c.html (尝试 1/3)
2026-02-16 22:50:32,891 [DEBUG] urllib3.connectionpool: http://www.news.cn:80 "GET /comments/20240627/9cd6917db16047b180d340cc0de87e4a/c.html HTTP/1.1" 200 2714
2026-02-16 22:50:32,891 [INFO] spiders: 成功获取: http://www.news.cn/comments/20240627/9cd6917db16047b180d340cc0de87e4a/c.html (状态码: 200)
2026-02-16 22:50:32,894 [DEBUG] spiders: 成功获取详情: 新华网视评｜连一只鸡都容不下？作风之“病”得治！
2026-02-16 22:50:32,894 [DEBUG] spiders: 请求URL: http://www.news.cn/comments/20240624/9d8bc64c7e614c058093c6d4a6bffb67/c.html (尝试 1/3)
2026-02-16 22:50:33,000 [DEBUG] urllib3.connectionpool: http://www.news.cn:80 "GET /comments/20240624/9d8bc64c7e614c058093c6d4a6bffb67/c.html HTTP/1.1" 200 2733
2026-02-16 22:50:33,000 [INFO] spiders: 成功获取: http://www.news.cn/comments/20240624/9d8bc64c7e614c058093c6d4a6bffb67/c.html (状态码: 200)
2026-02-16 22:50:33,005 [DEBUG] spiders: 成功获取详情: 新华网视评｜警惕高考志愿填报“骗局”
2026-02-16 22:50:33,005 [DEBUG] spiders: 请求URL: http://www.news.cn/comments/20240619/b7629d96a0264d18a7dc15e7b0fbc27f/c.html (尝试 1/3)
2026-02-16 22:50:33,180 [DEBUG] urllib3.connectionpool: http://www.news.cn:80 "GET /comments/20240619/b7629d96a0264d18a7dc15e7b0fbc27f/c.html HTTP/1.1" 200 2715
2026-02-16 22:50:33,180 [INFO] spiders: 成功获取: http://www.news.cn/comments/20240619/b7629d96a0264d18a7dc15e7b0fbc27f/c.html (状态码: 200)
2026-02-16 22:50:33,183 [DEBUG] spiders: 成功获取详情: 新华网视评｜真人版“盗墓笔记”？别玩脱了
2026-02-16 22:50:33,183 [DEBUG] spiders: 请求URL: http://www.news.cn/comments/20240618/765db27502874983bbcfe9bf2080502d/c.html (尝试 1/3)
2026-02-16 22:50:33,291 [DEBUG] urllib3.connectionpool: http://www.news.cn:80 "GET /comments/20240618/765db27502874983bbcfe9bf2080502d/c.html HTTP/1.1" 200 2719
2026-02-16 22:50:33,291 [INFO] spiders: 成功获取: http://www.news.cn/comments/20240618/765db27502874983bbcfe9bf2080502d/c.html (状态码: 200)
2026-02-16 22:50:33,294 [DEBUG] spiders: 成功获取详情: 新华网视评｜别拿天热不当回事儿
2026-02-16 22:50:33,294 [INFO] __main__:   进度: 190/194
2026-02-16 22:50:33,294 [DEBUG] spiders: 请求URL: http://www.news.cn/comments/20240618/cd99712a7c0447409465ef534157b403/c.html (尝试 1/3)
2026-02-16 22:50:33,436 [DEBUG] urllib3.connectionpool: http://www.news.cn:80 "GET /comments/20240618/cd99712a7c0447409465ef534157b403/c.html HTTP/1.1" 200 2686
2026-02-16 22:50:33,436 [INFO] spiders: 成功获取: http://www.news.cn/comments/20240618/cd99712a7c0447409465ef534157b403/c.html (状态码: 200)
2026-02-16 22:50:33,440 [DEBUG] spiders: 成功获取详情: 新华网视评｜不合时宜的景区实名预约应退尽退
2026-02-16 22:50:33,440 [DEBUG] spiders: 请求URL: http://www.news.cn/comments/20240614/b0b3eda1a8ec41f890f3f919f24eb1ca/c.html (尝试 1/3)
2026-02-16 22:50:33,631 [DEBUG] urllib3.connectionpool: http://www.news.cn:80 "GET /comments/20240614/b0b3eda1a8ec41f890f3f919f24eb1ca/c.html HTTP/1.1" 200 2741
2026-02-16 22:50:33,631 [INFO] spiders: 成功获取: http://www.news.cn/comments/20240614/b0b3eda1a8ec41f890f3f919f24eb1ca/c.html (状态码: 200)
2026-02-16 22:50:33,634 [DEBUG] spiders: 成功获取详情: 新华网视评｜假公益真圈钱 “支教生意”必须严查
2026-02-16 22:50:33,634 [DEBUG] spiders: 请求URL: http://www.news.cn/comments/20240613/88085015d29d49ae9d0f7ac2d32b7c92/c.html (尝试 1/3)
2026-02-16 22:50:33,730 [DEBUG] urllib3.connectionpool: http://www.news.cn:80 "GET /comments/20240613/88085015d29d49ae9d0f7ac2d32b7c92/c.html HTTP/1.1" 200 2706
2026-02-16 22:50:33,730 [INFO] spiders: 成功获取: http://www.news.cn/comments/20240613/88085015d29d49ae9d0f7ac2d32b7c92/c.html (状态码: 200)
2026-02-16 22:50:33,734 [DEBUG] spiders: 成功获取详情: 新华网视评｜对“环保老赖”要一督到底
2026-02-16 22:50:33,734 [DEBUG] spiders: 请求URL: http://www.news.cn/comments/20240612/166e3406460b4b7e96b038363806f667/c.html (尝试 1/3)
2026-02-16 22:50:33,870 [DEBUG] urllib3.connectionpool: http://www.news.cn:80 "GET /comments/20240612/166e3406460b4b7e96b038363806f667/c.html HTTP/1.1" 200 2676
2026-02-16 22:50:33,870 [INFO] spiders: 成功获取: http://www.news.cn/comments/20240612/166e3406460b4b7e96b038363806f667/c.html (状态码: 200)
2026-02-16 22:50:33,873 [DEBUG] spiders: 成功获取详情: 新华网视评｜孩子个子长了，课桌椅高度怎么还不变？
2026-02-16 22:50:33,896 [DEBUG] db_storage: 保存文章成功: 新华网视评丨这样的暖心服务，可以更多些 (ID: 305)
2026-02-16 22:50:33,918 [DEBUG] db_storage: 保存文章成功: 新华网视评丨这个“网红”记大功，追授优秀共产党员称号 (ID: 306)
2026-02-16 22:50:33,921 [DEBUG] db_storage: 保存文章成功: 新华网视评丨厘清家校权责边界 (ID: 307)
2026-02-16 22:50:33,923 [DEBUG] db_storage: 保存文章成功: 新华网视评丨家长当好家长 老师做好老师 (ID: 308)
2026-02-16 22:50:33,925 [DEBUG] db_storage: 保存文章成功: 新华网视评丨春运出行，这些谣言必须当心 (ID: 309)
2026-02-16 22:50:33,951 [DEBUG] db_storage: 保存文章成功: 新华网视评丨致敬这些平凡而伟大的守护 (ID: 310)
2026-02-16 22:50:33,956 [DEBUG] db_storage: 保存文章成功: 新华网视评丨这三起典型案例，都暴露出同一个问题 (ID: 311)
2026-02-16 22:50:33,960 [DEBUG] db_storage: 保存文章成功: 新华网视评丨一个行业协会，真的需要这么多副会长吗？ (ID: 312)
2026-02-16 22:50:33,980 [DEBUG] db_storage: 保存文章成功: 新华网视评丨平台越大，越要守规矩有担当 (ID: 313)
2026-02-16 22:50:33,984 [DEBUG] db_storage: 保存文章成功: 新华网视评丨司法公开不能“匿名”，责任担当不可“隐身” (ID: 314)
2026-02-16 22:50:34,012 [DEBUG] db_storage: 保存文章成功: 新华网视评丨敬畏自然，敬畏生命 (ID: 315)
2026-02-16 22:50:34,029 [DEBUG] db_storage: 保存文章成功: 新华网视评丨“宝华月季”，因何而美？ (ID: 316)
2026-02-16 22:50:34,043 [DEBUG] db_storage: 保存文章成功: 新华网视评｜易燃易爆的氢气球，并非浪漫的选择 (ID: 317)
2026-02-16 22:50:34,059 [DEBUG] db_storage: 保存文章成功: 新华网视评｜电动自行车上楼入户，除了“防”还得“疏” (ID: 567)
2026-02-16 22:50:34,075 [DEBUG] db_storage: 保存文章成功: 新华网视评｜警惕这些年底诈骗新招 (ID: 319)
2026-02-16 22:50:34,079 [DEBUG] db_storage: 保存文章成功: 新华网视评｜给幼儿园乱收费戴上“紧箍咒” (ID: 320)
2026-02-16 22:50:34,106 [DEBUG] db_storage: 保存文章成功: 新华网视评｜别让“闹心事”透支航司口碑 (ID: 321)
2026-02-16 22:50:34,122 [DEBUG] db_storage: 保存文章成功: 新华网视评｜让食物发挥“余热”，点赞！ (ID: 322)
2026-02-16 22:50:34,140 [DEBUG] db_storage: 保存文章成功: 新华网视评｜儿童设施不能只注重美观 (ID: 323)
2026-02-16 22:50:34,175 [DEBUG] db_storage: 保存文章成功: 新华网视评｜城市更新，无障碍设施也要更新 (ID: 324)
2026-02-16 22:50:34,202 [DEBUG] db_storage: 保存文章成功: 新华网视评｜公共标识让大家看懂是前提 (ID: 325)
2026-02-16 22:50:34,216 [DEBUG] db_storage: 保存文章成功: 新华网视评｜善听消费者声音很有必要 (ID: 326)
2026-02-16 22:50:34,232 [DEBUG] db_storage: 保存文章成功: 新华网视评｜让低俗团播彻底“下线退场” (ID: 327)
2026-02-16 22:50:34,248 [DEBUG] db_storage: 保存文章成功: 新华网视评｜剜除“摆拍造谣”这颗网络毒瘤 (ID: 328)
2026-02-16 22:50:34,253 [DEBUG] db_storage: 保存文章成功: 新华网视评丨别让“随口一说”成为扎向企业的“软刀子” (ID: 329)
2026-02-16 22:50:34,278 [DEBUG] db_storage: 保存文章成功: 新华网视评丨警惕政策一上新谣言就上线 (ID: 330)
2026-02-16 22:50:34,293 [DEBUG] db_storage: 保存文章成功: 新华网视评丨“免费”谣言引哄抢，这样的闹剧当休矣 (ID: 331)
2026-02-16 22:50:34,309 [DEBUG] db_storage: 保存文章成功: 新华网视评｜滥用AI模特有可能触碰法律红线 (ID: 332)
2026-02-16 22:50:34,323 [DEBUG] db_storage: 保存文章成功: 新华网视评｜擅自替商家调价，是一种“霸权”行为 (ID: 333)
2026-02-16 22:50:34,339 [DEBUG] db_storage: 保存文章成功: 新华网视评｜“管不住”的套路，“够不着”的监管 (ID: 334)
2026-02-16 22:50:34,343 [DEBUG] db_storage: 保存文章成功: 新华网视评｜拿AI编造案例当诉讼依据，荒唐！ (ID: 335)
2026-02-16 22:50:34,371 [DEBUG] db_storage: 保存文章成功: 新华网视评｜公共服务怎能给商业广告“让路” (ID: 336)
2026-02-16 22:50:34,385 [DEBUG] db_storage: 保存文章成功: 新华网视评｜私域直播岂能变成“坑老”陷阱 (ID: 337)
2026-02-16 22:50:34,403 [DEBUG] db_storage: 保存文章成功: 新华网视评︱要有“卷尺哥”，更要有“听劝局” (ID: 338)
2026-02-16 22:50:34,418 [DEBUG] db_storage: 保存文章成功: 新华网视评｜主食浪费，触目惊心 (ID: 339)
2026-02-16 22:50:34,433 [DEBUG] db_storage: 保存文章成功: 新华网视评｜“仪式感”不是浪费的遮羞布 (ID: 340)
2026-02-16 22:50:34,449 [DEBUG] db_storage: 保存文章成功: 新华网视评｜别让外卖“满减”成“浪费” (ID: 341)
2026-02-16 22:50:34,464 [DEBUG] db_storage: 保存文章成功: 新华网视评｜坚决刹住“AI换装”亵渎军警形象这股歪风 (ID: 342)
2026-02-16 22:50:34,479 [DEBUG] db_storage: 保存文章成功: 新华网视评｜必须撕开“伪正能量”的遮羞布 (ID: 343)
2026-02-16 22:50:34,494 [DEBUG] db_storage: 保存文章成功: 新华网视评｜破解假日充电难需要新思维 (ID: 344)
2026-02-16 22:50:34,526 [DEBUG] db_storage: 保存文章成功: 新华网视评｜靠“智驾神器”，无异于“智障行为” (ID: 345)
2026-02-16 22:50:34,555 [DEBUG] db_storage: 保存文章成功: 新华网视评｜节假日不能是“宰客日” (ID: 346)
2026-02-16 22:50:34,618 [DEBUG] db_storage: 保存文章成功: 新华网视评｜“柴怼怼”们栽得不冤！ (ID: 347)
2026-02-16 22:50:34,632 [DEBUG] db_storage: 保存文章成功: 新华网视评｜警服不是流量道具 (ID: 348)
2026-02-16 22:50:34,636 [DEBUG] db_storage: 保存文章成功: 新华网视评｜AI岂能成为形式主义的“帮手” (ID: 349)
2026-02-16 22:50:34,638 [DEBUG] db_storage: 保存文章成功: 新华网视评｜别给骗子进入家长群大开方便之门 (ID: 350)
2026-02-16 22:50:34,666 [DEBUG] db_storage: 保存文章成功: 新华网视评｜任性冒险浪费公共资源，该罚！ (ID: 351)
2026-02-16 22:50:34,696 [DEBUG] db_storage: 保存文章成功: 新华网视评｜防范“育儿补贴”骗局，需要工作透明度 (ID: 352)
2026-02-16 22:50:34,712 [DEBUG] db_storage: 保存文章成功: 新华网视评｜认证竟靠“3C贴纸”，在糊弄谁？ (ID: 353)
2026-02-16 22:50:34,727 [DEBUG] db_storage: 保存文章成功: 新华网视评｜坚决打击汛情谣言 (ID: 354)
2026-02-16 22:50:34,744 [DEBUG] db_storage: 保存文章成功: 新华网视评｜“警情通报”也敢伪造？必须严惩 (ID: 355)
2026-02-16 22:50:34,758 [DEBUG] db_storage: 保存文章成功: 新华网视评｜期待外卖市场构建良性竞争格局 (ID: 356)
2026-02-16 22:50:34,774 [DEBUG] db_storage: 保存文章成功: 新华网视评｜收费“向上取整”涉嫌变相加价 (ID: 357)
2026-02-16 22:50:34,795 [DEBUG] db_storage: 保存文章成功: 新华网视评｜青春之美无需太多“修整” (ID: 358)
2026-02-16 22:50:34,797 [DEBUG] db_storage: 保存文章成功: 新华网视评｜恶意炮制“人猴大战”，用心险恶 (ID: 359)
2026-02-16 22:50:34,822 [DEBUG] db_storage: 保存文章成功: 新华网视评｜官方通报贵在及时 (ID: 360)
2026-02-16 22:50:34,838 [DEBUG] db_storage: 保存文章成功: 新华网视评｜坚决打击网络谣言 (ID: 361)
2026-02-16 22:50:34,855 [DEBUG] db_storage: 保存文章成功: 新华网视评｜警惕“吃谷”低龄化 (ID: 362)
2026-02-16 22:50:34,884 [DEBUG] db_storage: 保存文章成功: 新华网视评｜谁给伪专家开了“绿灯”？ (ID: 363)
2026-02-16 22:50:34,898 [DEBUG] db_storage: 保存文章成功: 新华网视评｜大学校园向公众开放咋就这么难？ (ID: 364)
2026-02-16 22:50:34,916 [DEBUG] db_storage: 保存文章成功: 新华网视评｜严肃的抗战历史岂容恶搞 (ID: 365)
2026-02-16 22:50:34,930 [DEBUG] db_storage: 保存文章成功: 新华网视评｜制止无底线吃播，平台责无旁贷 (ID: 366)
2026-02-16 22:50:34,944 [DEBUG] db_storage: 保存文章成功: 新华网视评｜检测报告岂能沦为三无产品的“遮羞布” (ID: 367)
2026-02-16 22:50:34,961 [DEBUG] db_storage: 保存文章成功: 新华网视评｜我们需要怎样的创新，新华网连发三评 (ID: 368)
2026-02-16 22:50:34,977 [DEBUG] db_storage: 保存文章成功: 新华网视评｜“谁红蹭谁”的闹剧该终结了！ (ID: 369)
2026-02-16 22:50:34,994 [DEBUG] db_storage: 保存文章成功: 新华网视评｜期待奇迹，也要校准预期 (ID: 370)
2026-02-16 22:50:35,008 [DEBUG] db_storage: 保存文章成功: 新华网视评｜赞美成功，还需宽容失败 (ID: 371)
2026-02-16 22:50:35,024 [DEBUG] db_storage: 保存文章成功: 新华网视评｜等待观望，不如放手快干 (ID: 372)
2026-02-16 22:50:35,038 [DEBUG] db_storage: 保存文章成功: 新华网视评｜杜绝“毒玩具”，这事得抓紧 (ID: 373)
2026-02-16 22:50:35,054 [DEBUG] db_storage: 保存文章成功: 新华网视评｜莫拿商标文字游戏套路消费者 (ID: 374)
2026-02-16 22:50:35,069 [DEBUG] db_storage: 保存文章成功: 新华网视评｜攫取用户隐私终将玩火自焚 (ID: 375)
2026-02-16 22:50:35,086 [DEBUG] db_storage: 保存文章成功: 新华网视评｜任何创新设计，不能偏离安全底线 (ID: 376)
2026-02-16 22:50:35,114 [DEBUG] db_storage: 保存文章成功: 新华网视评｜带“病”的健康证怎能守护健康 (ID: 377)
2026-02-16 22:50:35,116 [DEBUG] db_storage: 保存文章成功: 新华网视评｜如此明目张胆“吃拿卡要”，谁给的胆子？ (ID: 378)
2026-02-16 22:50:35,147 [DEBUG] db_storage: 保存文章成功: 新华网视评｜叫停75万买299元路由器，还欠公众一个说法 (ID: 379)
2026-02-16 22:50:35,163 [DEBUG] db_storage: 保存文章成功: 新华网视评｜新职业新工种，开启无限可能！ (ID: 380)
2026-02-16 22:50:35,181 [DEBUG] db_storage: 保存文章成功: 新华网视评｜无人机任性“黑飞” 为何管不住？ (ID: 381)
2026-02-16 22:50:35,238 [DEBUG] db_storage: 保存文章成功: 新华网视评｜决不给“面子工程”留面子 (ID: 382)
2026-02-16 22:50:35,257 [DEBUG] db_storage: 保存文章成功: 新华网视评｜既要“看家神器”，更要邻里和谐 (ID: 383)
2026-02-16 22:50:35,273 [DEBUG] db_storage: 保存文章成功: 新华网视评｜堵住公共摄像头“数据祼奔”的漏洞 (ID: 384)
2026-02-16 22:50:35,275 [DEBUG] db_storage: 保存文章成功: 新华网视评｜为监控摄像头安装划定“红线” (ID: 385)
2026-02-16 22:50:35,304 [DEBUG] db_storage: 保存文章成功: 新华网视评｜权力岂能如此任性 (ID: 386)
2026-02-16 22:50:35,318 [DEBUG] db_storage: 保存文章成功: 新华网视评丨整治基层形式主义，新华网连发三评 (ID: 387)
2026-02-16 22:50:35,336 [DEBUG] db_storage: 保存文章成功: 新华网视评｜坚持“零容忍”，让卫生巾真正“卫生”起来 (ID: 388)
2026-02-16 22:50:35,365 [DEBUG] db_storage: 保存文章成功: 新华网视评｜让“零添加”凉凉只是一个开始 (ID: 389)
2026-02-16 22:50:35,380 [DEBUG] db_storage: 保存文章成功: 新华网视评｜别让基层成为“无关摊派”的“背锅侠” (ID: 390)
2026-02-16 22:50:35,395 [DEBUG] db_storage: 保存文章成功: 新华网视评｜从源头上减少滥发牌子行为 (ID: 391)
2026-02-16 22:50:35,411 [DEBUG] db_storage: 保存文章成功: 新华网视评｜调研何必“层层陪同” (ID: 392)
2026-02-16 22:50:35,415 [DEBUG] db_storage: 保存文章成功: 新华网视评｜当“开盒”“反开盒”成常态，还有谁能一笑而过？ (ID: 393)
2026-02-16 22:50:35,442 [DEBUG] db_storage: 保存文章成功: 新华网视评｜民宿何以成为“幽灵”？ (ID: 394)
2026-02-16 22:50:35,458 [DEBUG] db_storage: 保存文章成功: 新华网视评｜岂能让“滤镜”产品拉低游客体验 (ID: 395)
2026-02-16 22:50:35,474 [DEBUG] db_storage: 保存文章成功: 新华网视评｜刹一刹加价选座这个“行业惯例” (ID: 396)
2026-02-16 22:50:35,489 [DEBUG] db_storage: 保存文章成功: 新华网视评｜“内卷式”竞争，“卷”不出未来！ (ID: 397)
2026-02-16 22:50:35,505 [DEBUG] db_storage: 保存文章成功: 新华网视评｜“AI换脸”不能想换谁就换谁 (ID: 398)
2026-02-16 22:50:35,519 [DEBUG] db_storage: 保存文章成功: 新华网视评｜两会in话题：AI跑得这么快，人才咋跟上？ (ID: 399)
2026-02-16 22:50:35,536 [DEBUG] db_storage: 保存文章成功: 新华网视评｜给网课“套娃式”收费“解套” (ID: 400)
2026-02-16 22:50:35,552 [DEBUG] db_storage: 保存文章成功: 新华网视评｜“考试包过”涉嫌违法 (ID: 401)
2026-02-16 22:50:35,554 [DEBUG] db_storage: 保存文章成功: 新华网视评｜警惕以新技术贩卖焦虑 (ID: 402)
2026-02-16 22:50:35,567 [DEBUG] db_storage: 保存文章成功: 新华网视评｜绝不容许“神医”“神药”借“山寨报刊”下乡害人 (ID: 403)
2026-02-16 22:50:35,585 [DEBUG] db_storage: 保存文章成功: 新华网视评｜中国动画电影何以踩上“风火轮”？ (ID: 404)
2026-02-16 22:50:35,599 [DEBUG] db_storage: 保存文章成功: 新华网视评｜痛别“国之脊梁”，他值得永远铭记 (ID: 405)
2026-02-16 22:50:35,601 [DEBUG] db_storage: 保存文章成功: 新华网视评｜新春消费“燃”力十足！ (ID: 406)
2026-02-16 22:50:35,630 [DEBUG] db_storage: 保存文章成功: 新华网视评｜“村咖”热销，热的是向往的生活 (ID: 407)
2026-02-16 22:50:35,633 [DEBUG] db_storage: 保存文章成功: 新华网视评｜“村跑”火热，跑出特色、跑进人心 (ID: 408)
2026-02-16 22:50:35,661 [DEBUG] db_storage: 保存文章成功: 新华网视评｜“村晚”圈粉，又土又快乐 (ID: 409)
2026-02-16 22:50:35,663 [DEBUG] db_storage: 保存文章成功: 新华网视评｜“新春战袍”秀出文化自信 (ID: 410)
2026-02-16 22:50:35,694 [DEBUG] db_storage: 保存文章成功: 新华网视评｜对跨境电诈就是要追着打 (ID: 411)
2026-02-16 22:50:35,723 [DEBUG] db_storage: 保存文章成功: 新华网视评丨给年货加点“中国新特产” (ID: 412)
2026-02-16 22:50:35,725 [DEBUG] db_storage: 保存文章成功: 新华网视评｜这种写真就是让个人信息“裸奔” (ID: 413)
2026-02-16 22:50:35,727 [DEBUG] db_storage: 保存文章成功: 新华网视评｜让压岁钱回归年俗祝福本真 (ID: 414)
2026-02-16 22:50:35,753 [DEBUG] db_storage: 保存文章成功: 新华网视评丨岂能让“黄牛”截胡消费券 (ID: 415)
2026-02-16 22:50:35,769 [DEBUG] db_storage: 保存文章成功: 新华网视评｜“智慧停车”不能有了便利忘了安全 (ID: 416)
2026-02-16 22:50:35,773 [DEBUG] db_storage: 保存文章成功: 新华网视评｜春运“上分” 新的一年排面拉满！ (ID: 417)
2026-02-16 22:50:35,802 [DEBUG] db_storage: 保存文章成功: 新华网视评丨电子处方不能有了方便忘了安全 (ID: 418)
2026-02-16 22:50:35,816 [DEBUG] db_storage: 保存文章成功: 新华网视评｜陌生快递，当心有诈！ (ID: 419)
2026-02-16 22:50:35,831 [DEBUG] db_storage: 保存文章成功: 新华网视评｜2024年度热点话题揭晓 (ID: 420)
2026-02-16 22:50:35,847 [DEBUG] db_storage: 保存文章成功: 新华网视评丨莫让“吃谷”变味 (ID: 421)
2026-02-16 22:50:35,863 [DEBUG] db_storage: 保存文章成功: 新华网视评丨“被直播”要勇于维权 (ID: 422)
2026-02-16 22:50:35,880 [DEBUG] db_storage: 保存文章成功: 新华网视评丨“第三方测评”也该“测评”一下 (ID: 423)
2026-02-16 22:50:35,893 [DEBUG] db_storage: 保存文章成功: 新华网视评丨AI客服不能只会“打太极” (ID: 424)
2026-02-16 22:50:35,907 [DEBUG] db_storage: 保存文章成功: 新华网视评丨AI技术不应用来造谣生事 (ID: 425)
2026-02-16 22:50:35,909 [DEBUG] db_storage: 保存文章成功: 新华网视评丨不能让“假羽绒”寒身更寒心 (ID: 426)
2026-02-16 22:50:35,911 [DEBUG] db_storage: 保存文章成功: 新华网视评丨“先用后付”不能让人莫名其妙 (ID: 427)
2026-02-16 22:50:35,939 [DEBUG] db_storage: 保存文章成功: 新华网视评丨女理发师爆火戳中了消费痛点 (ID: 428)
2026-02-16 22:50:35,955 [DEBUG] db_storage: 保存文章成功: 新华网视评丨纠正幼儿园“抢跑”的重要一步 (ID: 429)
2026-02-16 22:50:35,973 [DEBUG] db_storage: 保存文章成功: 新华网视评丨坚决打击消防器材造假 (ID: 430)
2026-02-16 22:50:35,988 [DEBUG] db_storage: 保存文章成功: 新华网视评丨治一治那些恼人的弹窗链接 (ID: 431)
2026-02-16 22:50:36,003 [DEBUG] db_storage: 保存文章成功: 新华网视评丨新华网三连评，警惕“网购套路” (ID: 432)
2026-02-16 22:50:36,018 [DEBUG] db_storage: 保存文章成功: 新华网视评丨不可轻信“买家秀” (ID: 433)
2026-02-16 22:50:36,037 [DEBUG] db_storage: 保存文章成功: 新华网视评丨不能被动被大数据“算计” (ID: 434)
2026-02-16 22:50:36,065 [DEBUG] db_storage: 保存文章成功: 新华网视评丨不被所谓“低价”误导 (ID: 435)
2026-02-16 22:50:36,081 [DEBUG] db_storage: 保存文章成功: 新华网视评｜充电桩成“价格刺客”，该管管了！ (ID: 436)
2026-02-16 22:50:36,095 [DEBUG] db_storage: 保存文章成功: 新华网视评｜“高空抛物判死刑”是一次震慑 (ID: 437)
2026-02-16 22:50:36,112 [DEBUG] db_storage: 保存文章成功: 新华网视评｜新华网三连评，持续关注网络坑老骗老现象 (ID: 438)
2026-02-16 22:50:36,115 [DEBUG] db_storage: 保存文章成功: 新华网视评丨为这支“国家队”点赞 (ID: 439)
2026-02-16 22:50:36,143 [DEBUG] db_storage: 保存文章成功: 新华网视评丨管一管专坑老人的“养生骗局” (ID: 440)
2026-02-16 22:50:36,158 [DEBUG] db_storage: 保存文章成功: 新华网视评丨老年人沉迷霸总短剧，不容忽视 (ID: 441)
2026-02-16 22:50:36,173 [DEBUG] db_storage: 保存文章成功: 新华网视评丨网络直播间岂能成“坑老间” (ID: 442)
2026-02-16 22:50:36,191 [DEBUG] db_storage: 保存文章成功: 新华网视评丨乐见年轻人“整顿”婚礼 (ID: 443)
2026-02-16 22:50:36,205 [DEBUG] db_storage: 保存文章成功: 新华网视评丨出游不能太任性 (ID: 444)
2026-02-16 22:50:36,224 [DEBUG] db_storage: 保存文章成功: 新华网视评丨英雄，照亮民族前行路 (ID: 445)
2026-02-16 22:50:36,253 [DEBUG] db_storage: 保存文章成功: 新华网视评丨斩断偷拍黑产，须用重拳 (ID: 446)
2026-02-16 22:50:36,268 [DEBUG] db_storage: 保存文章成功: 新华网视评丨景区玩“套路”，赚了快钱失了人心 (ID: 447)
2026-02-16 22:50:36,283 [DEBUG] db_storage: 保存文章成功: 新华网视评丨自动续费咋能这么“坑” (ID: 448)
2026-02-16 22:50:36,300 [DEBUG] db_storage: 保存文章成功: 新华网视评｜让AI成“帮手”而不是“帮凶” (ID: 449)
2026-02-16 22:50:36,316 [DEBUG] db_storage: 保存文章成功: 新华网视评丨要比“无上限服务”，而不是“无下限流量” (ID: 450)
2026-02-16 22:50:36,319 [DEBUG] db_storage: 保存文章成功: 新华网视评｜新华网三连评，为教师减负松绑 (ID: 451)
2026-02-16 22:50:36,350 [DEBUG] db_storage: 保存文章成功: 新华网视评丨教师不应承担与教育教学无关事项 (ID: 452)
2026-02-16 22:50:36,378 [DEBUG] db_storage: 保存文章成功: 新华网视评丨最好的礼物是让“尊师重教”成为常态 (ID: 453)
2026-02-16 22:50:36,393 [DEBUG] db_storage: 保存文章成功: 新华网视评丨教师的“戒尺”不该如此烫手 (ID: 454)
2026-02-16 22:50:36,396 [DEBUG] db_storage: 保存文章成功: 新华网视评丨整治“人肉开盒”，不妨换个思路 (ID: 455)
2026-02-16 22:50:36,419 [DEBUG] db_storage: 保存文章成功: 新华网视评｜别被“断骨增高”忽悠瘸了 (ID: 456)
2026-02-16 22:50:36,443 [DEBUG] db_storage: 保存文章成功: 新华网视评｜公共道路岂容“暴骑团”横冲直撞 (ID: 457)
2026-02-16 22:50:36,446 [DEBUG] db_storage: 保存文章成功: 新华网视评｜让未成年人远离“盲盒诱惑” (ID: 458)
2026-02-16 22:50:36,474 [DEBUG] db_storage: 保存文章成功: 新华网视评｜对英雄最朴素的致敬 (ID: 459)
2026-02-16 22:50:36,489 [DEBUG] db_storage: 保存文章成功: 新华网视评｜新华网三连评，直指医美乱象 (ID: 460)
2026-02-16 22:50:36,504 [DEBUG] db_storage: 保存文章成功: 新华网视评｜用“容貌焦虑”诱导青少年，必须制止 (ID: 461)
2026-02-16 22:50:36,520 [DEBUG] db_storage: 保存文章成功: 新华网视评｜小心“轻医美”成为风险“重灾区” (ID: 462)
2026-02-16 22:50:36,524 [DEBUG] db_storage: 保存文章成功: 新华网视评｜“黑医美”下沉县乡的苗头不容忽视 (ID: 463)
2026-02-16 22:50:36,551 [DEBUG] db_storage: 保存文章成功: 新华网视评｜恶性“内卷”产生不了世界一流企业 (ID: 464)
2026-02-16 22:50:36,567 [DEBUG] db_storage: 保存文章成功: 新华网视评｜派出所大院开放给群众晒粮，点赞 (ID: 465)
2026-02-16 22:50:36,583 [DEBUG] db_storage: 保存文章成功: 新华网视评｜这一刻，“更团结” (ID: 466)
2026-02-16 22:50:36,597 [DEBUG] db_storage: 保存文章成功: 新华网视评｜这样“带货”，可能会“带祸” (ID: 467)
2026-02-16 22:50:36,613 [DEBUG] db_storage: 保存文章成功: 新华网视评｜“水灵灵”的00后，扛事儿！ (ID: 468)
2026-02-16 22:50:36,628 [DEBUG] db_storage: 保存文章成功: 新华网视评｜新华网三连评，直指农村人居环境整治乱象 (ID: 469)
2026-02-16 22:50:36,644 [DEBUG] db_storage: 保存文章成功: 新华网视评｜点赞！巴黎奥运赛场上的中国突破 (ID: 470)
2026-02-16 22:50:36,660 [DEBUG] db_storage: 保存文章成功: 新华网视评｜这样的“纳凉点”，很有人情味 (ID: 471)
2026-02-16 22:50:36,675 [DEBUG] db_storage: 保存文章成功: 新华网视评｜唯拼搏最可敬 (ID: 472)
2026-02-16 22:50:36,692 [DEBUG] db_storage: 保存文章成功: 新华网视评｜农村人居环境整治不能无视农民意愿 (ID: 473)
2026-02-16 22:50:36,706 [DEBUG] db_storage: 保存文章成功: 新华网视评｜农村人居环境整治不可只要“面子”不顾“里子” (ID: 474)
2026-02-16 22:50:36,723 [DEBUG] db_storage: 保存文章成功: 新华网视评｜农村人居环境整治岂能“千村一面” (ID: 475)
2026-02-16 22:50:36,727 [DEBUG] db_storage: 保存文章成功: 新华网视评｜校园体育设施暑期“不放假”，点赞！ (ID: 476)
2026-02-16 22:50:36,755 [DEBUG] db_storage: 保存文章成功: 新华网视评｜大数据“杀熟”，“杀”掉的是信任 (ID: 477)
2026-02-16 22:50:36,772 [DEBUG] db_storage: 保存文章成功: 新华网视评｜图书馆借还书也能“快递”了，点赞! (ID: 478)
2026-02-16 22:50:36,787 [DEBUG] db_storage: 保存文章成功: 新华网视评｜对这样的“欺诈游”必须重拳出击！ (ID: 479)
2026-02-16 22:50:36,802 [DEBUG] db_storage: 保存文章成功: 新华网视评｜为这一城市管理微创新点赞！ (ID: 480)
2026-02-16 22:50:36,806 [DEBUG] db_storage: 保存文章成功: 新华网视评｜莫让升学宴变成“绑架宴” (ID: 481)
2026-02-16 22:50:36,836 [DEBUG] db_storage: 保存文章成功: 新华网视评｜为博物馆“延时开放”点赞 (ID: 482)
2026-02-16 22:50:36,867 [DEBUG] db_storage: 保存文章成功: 新华网视评｜景区摆渡车宰客，该好好治治了 (ID: 483)
2026-02-16 22:50:36,883 [DEBUG] db_storage: 保存文章成功: 新华网视评｜拒绝暑假“弯道超车”焦虑 (ID: 484)
2026-02-16 22:50:36,897 [DEBUG] db_storage: 保存文章成功: 新华网视评｜研学游别只剩一个“游”字 (ID: 485)
2026-02-16 22:50:36,914 [DEBUG] db_storage: 保存文章成功: 新华网视评｜转变话风就是转变作风 (ID: 486)
2026-02-16 22:50:36,944 [DEBUG] db_storage: 保存文章成功: 新华网视评｜自导自演的假闹剧该“收场”了 (ID: 487)
2026-02-16 22:50:36,960 [DEBUG] db_storage: 保存文章成功: 新华网视评｜对网络“黑嘴”必须重拳出击 (ID: 488)
2026-02-16 22:50:36,963 [DEBUG] db_storage: 保存文章成功: 新华网视评｜靠炫富博流量注定是一条死胡同 (ID: 489)
2026-02-16 22:50:36,981 [DEBUG] db_storage: 保存文章成功: 新华网视评｜以这样的方式谋出圈，只能出丑 (ID: 490)
2026-02-16 22:50:36,983 [DEBUG] db_storage: 保存文章成功: 新华网视评｜连一只鸡都容不下？作风之“病”得治！ (ID: 491)
2026-02-16 22:50:36,985 [DEBUG] db_storage: 保存文章成功: 新华网视评｜警惕高考志愿填报“骗局” (ID: 492)
2026-02-16 22:50:37,005 [DEBUG] db_storage: 保存文章成功: 新华网视评｜真人版“盗墓笔记”？别玩脱了 (ID: 493)
2026-02-16 22:50:37,008 [DEBUG] db_storage: 保存文章成功: 新华网视评｜别拿天热不当回事儿 (ID: 494)
2026-02-16 22:50:37,010 [DEBUG] db_storage: 保存文章成功: 新华网视评｜不合时宜的景区实名预约应退尽退 (ID: 495)
2026-02-16 22:50:37,039 [DEBUG] db_storage: 保存文章成功: 新华网视评｜假公益真圈钱 “支教生意”必须严查 (ID: 496)
2026-02-16 22:50:37,054 [DEBUG] db_storage: 保存文章成功: 新华网视评｜对“环保老赖”要一督到底 (ID: 497)
2026-02-16 22:50:37,068 [DEBUG] db_storage: 保存文章成功: 新华网视评｜孩子个子长了，课桌椅高度怎么还不变？ (ID: 498)
2026-02-16 22:50:37,068 [INFO] db_storage: 批量保存完成: 成功=194, 跳过=0, 失败=0
2026-02-16 22:50:37,068 [INFO] __main__:   ✓ 完成: 爬取=194, 保存=194, 跳过=0
2026-02-16 22:50:37,069 [INFO] __main__: 
[人民网评] 开始爬取...
2026-02-16 22:50:37,069 [INFO] spiders: 开始爬取: 人民网评
2026-02-16 22:50:37,069 [DEBUG] spiders: 请求URL: http://opinion.people.com.cn/GB/223228/index.html (尝试 1/3)
2026-02-16 22:50:37,072 [DEBUG] urllib3.connectionpool: Starting new HTTP connection (1): opinion.people.com.cn:80
2026-02-16 22:50:37,234 [DEBUG] urllib3.connectionpool: http://opinion.people.com.cn:80 "GET /GB/223228/index.html HTTP/1.1" 200 6420
2026-02-16 22:50:37,240 [INFO] spiders: 成功获取: http://opinion.people.com.cn/GB/223228/index.html (状态码: 200)
2026-02-16 22:50:37,252 [INFO] spiders: 人民网评 解析到 55 篇文章
2026-02-16 22:50:39,253 [INFO] __main__:   开始爬取详情 (55 篇)...
2026-02-16 22:50:39,254 [DEBUG] spiders: 请求URL: http://opinion.people.com.cn/n1/2026/0214/c223228-40666159.html (尝试 1/3)
2026-02-16 22:50:39,317 [DEBUG] urllib3.connectionpool: http://opinion.people.com.cn:80 "GET /n1/2026/0214/c223228-40666159.html HTTP/1.1" 200 11559
2026-02-16 22:50:39,321 [INFO] spiders: 成功获取: http://opinion.people.com.cn/n1/2026/0214/c223228-40666159.html (状态码: 200)
2026-02-16 22:50:39,336 [DEBUG] spiders: 成功获取详情: 人民网评：新春问暖见初心，民生烟火最动人
2026-02-16 22:50:39,336 [DEBUG] spiders: 请求URL: http://opinion.people.com.cn/n1/2026/0213/c223228-40665697.html (尝试 1/3)
2026-02-16 22:50:39,401 [DEBUG] urllib3.connectionpool: http://opinion.people.com.cn:80 "GET /n1/2026/0213/c223228-40665697.html HTTP/1.1" 200 12437
2026-02-16 22:50:39,410 [INFO] spiders: 成功获取: http://opinion.people.com.cn/n1/2026/0213/c223228-40665697.html (状态码: 200)
2026-02-16 22:50:39,426 [DEBUG] spiders: 成功获取详情: 每一个投资创业者都是营商环境的检验员、宣传员
2026-02-16 22:50:39,426 [DEBUG] spiders: 请求URL: http://opinion.people.com.cn/n1/2026/0213/c223228-40665688.html (尝试 1/3)
2026-02-16 22:50:39,496 [DEBUG] urllib3.connectionpool: http://opinion.people.com.cn:80 "GET /n1/2026/0213/c223228-40665688.html HTTP/1.1" 200 11488
2026-02-16 22:50:39,500 [INFO] spiders: 成功获取: http://opinion.people.com.cn/n1/2026/0213/c223228-40665688.html (状态码: 200)
2026-02-16 22:50:39,515 [DEBUG] spiders: 成功获取详情: 人民网评：推动儿科医疗资源下沉 精准对接群众需求
2026-02-16 22:50:39,515 [DEBUG] spiders: 请求URL: http://opinion.people.com.cn/n1/2026/0212/c1003-40664733.html (尝试 1/3)
2026-02-16 22:50:39,586 [DEBUG] urllib3.connectionpool: http://opinion.people.com.cn:80 "GET /n1/2026/0212/c1003-40664733.html HTTP/1.1" 200 12132
2026-02-16 22:50:39,590 [INFO] spiders: 成功获取: http://opinion.people.com.cn/n1/2026/0212/c1003-40664733.html (状态码: 200)
2026-02-16 22:50:39,607 [DEBUG] spiders: 成功获取详情: 人民网评：日本需要“大智慧”，绝非“小聪明”
2026-02-16 22:50:39,607 [DEBUG] spiders: 请求URL: http://opinion.people.com.cn/n1/2026/0212/c223228-40664390.html (尝试 1/3)
2026-02-16 22:50:39,695 [DEBUG] urllib3.connectionpool: http://opinion.people.com.cn:80 "GET /n1/2026/0212/c223228-40664390.html HTTP/1.1" 200 11412
2026-02-16 22:50:39,700 [INFO] spiders: 成功获取: http://opinion.people.com.cn/n1/2026/0212/c223228-40664390.html (状态码: 200)
2026-02-16 22:50:39,715 [DEBUG] spiders: 成功获取详情: 人民网评：推动“汗水农业”向“智慧农业”转型升级
2026-02-16 22:50:39,715 [INFO] __main__:   进度: 5/55
2026-02-16 22:50:39,716 [DEBUG] spiders: 请求URL: http://opinion.people.com.cn/n1/2026/0212/c223228-40664387.html (尝试 1/3)
2026-02-16 22:50:39,781 [DEBUG] urllib3.connectionpool: http://opinion.people.com.cn:80 "GET /n1/2026/0212/c223228-40664387.html HTTP/1.1" 200 11409
2026-02-16 22:50:39,789 [INFO] spiders: 成功获取: http://opinion.people.com.cn/n1/2026/0212/c223228-40664387.html (状态码: 200)
2026-02-16 22:50:39,805 [DEBUG] spiders: 成功获取详情: 人民网评：守牢安全防线 让新春更祥和
2026-02-16 22:50:39,805 [DEBUG] spiders: 请求URL: http://opinion.people.com.cn/n1/2026/0211/c223228-40663810.html (尝试 1/3)
2026-02-16 22:50:39,876 [DEBUG] urllib3.connectionpool: http://opinion.people.com.cn:80 "GET /n1/2026/0211/c223228-40663810.html HTTP/1.1" 200 12406
2026-02-16 22:50:39,880 [INFO] spiders: 成功获取: http://opinion.people.com.cn/n1/2026/0211/c223228-40663810.html (状态码: 200)
2026-02-16 22:50:39,895 [DEBUG] spiders: 成功获取详情: 人民网评：日本内政分裂加剧，用向外转嫁掩盖无力
2026-02-16 22:50:39,895 [DEBUG] spiders: 请求URL: http://opinion.people.com.cn/n1/2026/0211/c223228-40663681.html (尝试 1/3)
2026-02-16 22:50:39,957 [DEBUG] urllib3.connectionpool: http://opinion.people.com.cn:80 "GET /n1/2026/0211/c223228-40663681.html HTTP/1.1" 200 11597
2026-02-16 22:50:39,960 [INFO] spiders: 成功获取: http://opinion.people.com.cn/n1/2026/0211/c223228-40663681.html (状态码: 200)
2026-02-16 22:50:39,975 [DEBUG] spiders: 成功获取详情: 人民网评：从“有屋住”到“住得好”，因地制宜建设和美乡村
2026-02-16 22:50:39,975 [DEBUG] spiders: 请求URL: http://opinion.people.com.cn/n1/2026/0210/c223228-40663231.html (尝试 1/3)
2026-02-16 22:50:40,106 [DEBUG] urllib3.connectionpool: http://opinion.people.com.cn:80 "GET /n1/2026/0210/c223228-40663231.html HTTP/1.1" 200 12217
2026-02-16 22:50:40,110 [INFO] spiders: 成功获取: http://opinion.people.com.cn/n1/2026/0210/c223228-40663231.html (状态码: 200)
2026-02-16 22:50:40,125 [DEBUG] spiders: 成功获取详情: 人民网评：高市妄动冒进，日本失信周边
2026-02-16 22:50:40,125 [DEBUG] spiders: 请求URL: http://opinion.people.com.cn/n1/2026/0210/c223228-40663004.html (尝试 1/3)
2026-02-16 22:50:40,194 [DEBUG] urllib3.connectionpool: http://opinion.people.com.cn:80 "GET /n1/2026/0210/c223228-40663004.html HTTP/1.1" 200 11298
2026-02-16 22:50:40,195 [INFO] spiders: 成功获取: http://opinion.people.com.cn/n1/2026/0210/c223228-40663004.html (状态码: 200)
2026-02-16 22:50:40,219 [DEBUG] spiders: 成功获取详情: 人民网评：精准帮扶常态化，把资源用在刀刃上
2026-02-16 22:50:40,219 [INFO] __main__:   进度: 10/55
2026-02-16 22:50:40,219 [DEBUG] spiders: 请求URL: http://opinion.people.com.cn/n1/2026/0209/c223228-40662428.html (尝试 1/3)
2026-02-16 22:50:40,292 [DEBUG] urllib3.connectionpool: http://opinion.people.com.cn:80 "GET /n1/2026/0209/c223228-40662428.html HTTP/1.1" 200 11592
2026-02-16 22:50:40,296 [INFO] spiders: 成功获取: http://opinion.people.com.cn/n1/2026/0209/c223228-40662428.html (状态码: 200)
2026-02-16 22:50:40,312 [DEBUG] spiders: 成功获取详情: 人民网评：粮食安全没有“休止符”
2026-02-16 22:50:40,312 [DEBUG] spiders: 请求URL: http://opinion.people.com.cn/n1/2026/0206/c223228-40660674.html (尝试 1/3)
2026-02-16 22:50:40,399 [DEBUG] urllib3.connectionpool: http://opinion.people.com.cn:80 "GET /n1/2026/0206/c223228-40660674.html HTTP/1.1" 200 11179
2026-02-16 22:50:40,400 [INFO] spiders: 成功获取: http://opinion.people.com.cn/n1/2026/0206/c223228-40660674.html (状态码: 200)
2026-02-16 22:50:40,415 [DEBUG] spiders: 成功获取详情: 人民网评：让更多残疾人“好就业、就好业”
2026-02-16 22:50:40,415 [DEBUG] spiders: 请求URL: http://opinion.people.com.cn/n1/2026/0204/c223228-40659132.html (尝试 1/3)
2026-02-16 22:50:40,488 [DEBUG] urllib3.connectionpool: http://opinion.people.com.cn:80 "GET /n1/2026/0204/c223228-40659132.html HTTP/1.1" 200 11459
2026-02-16 22:50:40,490 [INFO] spiders: 成功获取: http://opinion.people.com.cn/n1/2026/0204/c223228-40659132.html (状态码: 200)
2026-02-16 22:50:40,505 [DEBUG] spiders: 成功获取详情: 人民网评：让“地球之肾”永葆活力
2026-02-16 22:50:40,505 [DEBUG] spiders: 请求URL: http://opinion.people.com.cn/n1/2026/0204/c223228-40659108.html (尝试 1/3)
2026-02-16 22:50:40,609 [DEBUG] urllib3.connectionpool: http://opinion.people.com.cn:80 "GET /n1/2026/0204/c223228-40659108.html HTTP/1.1" 200 11627
2026-02-16 22:50:40,610 [INFO] spiders: 成功获取: http://opinion.people.com.cn/n1/2026/0204/c223228-40659108.html (状态码: 200)
2026-02-16 22:50:40,625 [DEBUG] spiders: 成功获取详情: 人民网评：小视角映射大时代，走基层凝聚奋进伟力
2026-02-16 22:50:40,625 [DEBUG] spiders: 请求URL: http://opinion.people.com.cn/n1/2026/0203/c223228-40658695.html (尝试 1/3)
2026-02-16 22:50:40,738 [DEBUG] urllib3.connectionpool: http://opinion.people.com.cn:80 "GET /n1/2026/0203/c223228-40658695.html HTTP/1.1" 200 10966
2026-02-16 22:50:40,740 [INFO] spiders: 成功获取: http://opinion.people.com.cn/n1/2026/0203/c223228-40658695.html (状态码: 200)
2026-02-16 22:50:40,757 [DEBUG] spiders: 成功获取详情: 人民网评：司法精准发力，全链条打击毒品犯罪
2026-02-16 22:50:40,757 [INFO] __main__:   进度: 15/55
2026-02-16 22:50:40,757 [DEBUG] spiders: 请求URL: http://opinion.people.com.cn/n1/2026/0203/c223228-40658646.html (尝试 1/3)
2026-02-16 22:50:40,842 [DEBUG] urllib3.connectionpool: http://opinion.people.com.cn:80 "GET /n1/2026/0203/c223228-40658646.html HTTP/1.1" 200 11304
2026-02-16 22:50:40,847 [INFO] spiders: 成功获取: http://opinion.people.com.cn/n1/2026/0203/c223228-40658646.html (状态码: 200)
2026-02-16 22:50:40,861 [DEBUG] spiders: 成功获取详情: 人民网评：呈现活力中国，走基层“新”字当先
2026-02-16 22:50:40,861 [DEBUG] spiders: 请求URL: http://opinion.people.com.cn/n1/2026/0202/c223228-40657949.html (尝试 1/3)
2026-02-16 22:50:40,958 [DEBUG] urllib3.connectionpool: http://opinion.people.com.cn:80 "GET /n1/2026/0202/c223228-40657949.html HTTP/1.1" 200 11200
2026-02-16 22:50:40,959 [INFO] spiders: 成功获取: http://opinion.people.com.cn/n1/2026/0202/c223228-40657949.html (状态码: 200)
2026-02-16 22:50:40,974 [DEBUG] spiders: 成功获取详情: 人民网评：新春走基层，听真话察真情研究真问题
2026-02-16 22:50:40,974 [DEBUG] spiders: 请求URL: http://opinion.people.com.cn/n1/2026/0201/c223228-40657263.html (尝试 1/3)
2026-02-16 22:50:41,058 [DEBUG] urllib3.connectionpool: http://opinion.people.com.cn:80 "GET /n1/2026/0201/c223228-40657263.html HTTP/1.1" 200 11443
2026-02-16 22:50:41,060 [INFO] spiders: 成功获取: http://opinion.people.com.cn/n1/2026/0201/c223228-40657263.html (状态码: 200)
2026-02-16 22:50:41,076 [DEBUG] spiders: 成功获取详情: 人民网评：宝可梦，为何总是明知故犯？
2026-02-16 22:50:41,076 [DEBUG] spiders: 请求URL: http://opinion.people.com.cn/n1/2026/0129/c223228-40655570.html (尝试 1/3)
2026-02-16 22:50:41,215 [DEBUG] urllib3.connectionpool: http://opinion.people.com.cn:80 "GET /n1/2026/0129/c223228-40655570.html HTTP/1.1" 200 11080
2026-02-16 22:50:41,221 [INFO] spiders: 成功获取: http://opinion.people.com.cn/n1/2026/0129/c223228-40655570.html (状态码: 200)
2026-02-16 22:50:41,235 [DEBUG] spiders: 成功获取详情: 人民网评：构建适配新时代医药产业发展的法治框架
2026-02-16 22:50:41,235 [DEBUG] spiders: 请求URL: http://opinion.people.com.cn/n1/2026/0129/c223228-40655182.html (尝试 1/3)
2026-02-16 22:50:41,348 [DEBUG] urllib3.connectionpool: http://opinion.people.com.cn:80 "GET /n1/2026/0129/c223228-40655182.html HTTP/1.1" 200 11929
2026-02-16 22:50:41,350 [INFO] spiders: 成功获取: http://opinion.people.com.cn/n1/2026/0129/c223228-40655182.html (状态码: 200)
2026-02-16 22:50:41,365 [DEBUG] spiders: 成功获取详情: 人民网评：该为的必须为、能为的努力为、不该为的决不为
2026-02-16 22:50:41,365 [INFO] __main__:   进度: 20/55
2026-02-16 22:50:41,365 [DEBUG] spiders: 请求URL: http://opinion.people.com.cn/n1/2026/0128/c223228-40654424.html (尝试 1/3)
2026-02-16 22:50:41,459 [DEBUG] urllib3.connectionpool: http://opinion.people.com.cn:80 "GET /n1/2026/0128/c223228-40654424.html HTTP/1.1" 200 12103
2026-02-16 22:50:41,470 [INFO] spiders: 成功获取: http://opinion.people.com.cn/n1/2026/0128/c223228-40654424.html (状态码: 200)
2026-02-16 22:50:41,488 [DEBUG] spiders: 成功获取详情: 人民网评：既明白是什么，又明白为什么、怎么做
2026-02-16 22:50:41,488 [DEBUG] spiders: 请求URL: http://opinion.people.com.cn/n1/2026/0128/c223228-40654304.html (尝试 1/3)
2026-02-16 22:50:41,618 [DEBUG] urllib3.connectionpool: http://opinion.people.com.cn:80 "GET /n1/2026/0128/c223228-40654304.html HTTP/1.1" 200 11284
2026-02-16 22:50:41,620 [INFO] spiders: 成功获取: http://opinion.people.com.cn/n1/2026/0128/c223228-40654304.html (状态码: 200)
2026-02-16 22:50:41,636 [DEBUG] spiders: 成功获取详情: 人民网评：让农民工群体过好年稳好业
2026-02-16 22:50:41,636 [DEBUG] spiders: 请求URL: http://opinion.people.com.cn/n1/2026/0127/c223228-40654006.html (尝试 1/3)
2026-02-16 22:50:41,716 [DEBUG] urllib3.connectionpool: http://opinion.people.com.cn:80 "GET /n1/2026/0127/c223228-40654006.html HTTP/1.1" 200 11332
2026-02-16 22:50:41,720 [INFO] spiders: 成功获取: http://opinion.people.com.cn/n1/2026/0127/c223228-40654006.html (状态码: 200)
2026-02-16 22:50:41,735 [DEBUG] spiders: 成功获取详情: 人民网评：煤矸石铺路，水源地岂能如此“图方便”！
2026-02-16 22:50:41,735 [DEBUG] spiders: 请求URL: http://opinion.people.com.cn/n1/2026/0127/c223228-40653530.html (尝试 1/3)
2026-02-16 22:50:41,798 [DEBUG] urllib3.connectionpool: http://opinion.people.com.cn:80 "GET /n1/2026/0127/c223228-40653530.html HTTP/1.1" 200 11581
2026-02-16 22:50:41,800 [INFO] spiders: 成功获取: http://opinion.people.com.cn/n1/2026/0127/c223228-40653530.html (状态码: 200)
2026-02-16 22:50:41,814 [DEBUG] spiders: 成功获取详情: 人民网评：要以全局视野领会全会精神
2026-02-16 22:50:41,815 [DEBUG] spiders: 请求URL: http://opinion.people.com.cn/n1/2026/0127/c223228-40653396.html (尝试 1/3)
2026-02-16 22:50:41,905 [DEBUG] urllib3.connectionpool: http://opinion.people.com.cn:80 "GET /n1/2026/0127/c223228-40653396.html HTTP/1.1" 200 11513
2026-02-16 22:50:41,907 [INFO] spiders: 成功获取: http://opinion.people.com.cn/n1/2026/0127/c223228-40653396.html (状态码: 200)
2026-02-16 22:50:41,924 [DEBUG] spiders: 成功获取详情: 人民网评：送岗更送暖，托举困难群体就业
2026-02-16 22:50:41,924 [INFO] __main__:   进度: 25/55
2026-02-16 22:50:41,924 [DEBUG] spiders: 请求URL: http://opinion.people.com.cn/n1/2026/0126/c223228-40652924.html (尝试 1/3)
2026-02-16 22:50:42,028 [DEBUG] urllib3.connectionpool: http://opinion.people.com.cn:80 "GET /n1/2026/0126/c223228-40652924.html HTTP/1.1" 200 11218
2026-02-16 22:50:42,031 [INFO] spiders: 成功获取: http://opinion.people.com.cn/n1/2026/0126/c223228-40652924.html (状态码: 200)
2026-02-16 22:50:42,048 [DEBUG] spiders: 成功获取详情: 人民网评：廊涿干渠验收的“马拉松”何时能休？
2026-02-16 22:50:42,048 [DEBUG] spiders: 请求URL: http://opinion.people.com.cn/n1/2026/0124/c1003-40651979.html (尝试 1/3)
2026-02-16 22:50:42,197 [DEBUG] urllib3.connectionpool: http://opinion.people.com.cn:80 "GET /n1/2026/0124/c1003-40651979.html HTTP/1.1" 200 11342
2026-02-16 22:50:42,198 [INFO] spiders: 成功获取: http://opinion.people.com.cn/n1/2026/0124/c1003-40651979.html (状态码: 200)
2026-02-16 22:50:42,213 [DEBUG] spiders: 成功获取详情: 人民网评：从"量"入"质"，知识产权赋能创新发展
2026-02-16 22:50:42,213 [DEBUG] spiders: 请求URL: http://opinion.people.com.cn/n1/2026/0123/c223228-40651334.html (尝试 1/3)
2026-02-16 22:50:42,268 [DEBUG] urllib3.connectionpool: http://opinion.people.com.cn:80 "GET /n1/2026/0123/c223228-40651334.html HTTP/1.1" 200 11637
2026-02-16 22:50:42,270 [INFO] spiders: 成功获取: http://opinion.people.com.cn/n1/2026/0123/c223228-40651334.html (状态码: 200)
2026-02-16 22:50:42,284 [DEBUG] spiders: 成功获取详情: 人民网评：稳就业强保障，以民生温度筑发展根基
2026-02-16 22:50:42,284 [DEBUG] spiders: 请求URL: http://opinion.people.com.cn/n1/2026/0120/c223228-40649091.html (尝试 1/3)
2026-02-16 22:50:42,352 [DEBUG] urllib3.connectionpool: http://opinion.people.com.cn:80 "GET /n1/2026/0120/c223228-40649091.html HTTP/1.1" 200 11366
2026-02-16 22:50:42,361 [INFO] spiders: 成功获取: http://opinion.people.com.cn/n1/2026/0120/c223228-40649091.html (状态码: 200)
2026-02-16 22:50:42,376 [DEBUG] spiders: 成功获取详情: 人民网评：安全生产是企业运营的“基本盘”
2026-02-16 22:50:42,376 [DEBUG] spiders: 请求URL: http://opinion.people.com.cn/n1/2026/0119/c223228-40648270.html (尝试 1/3)
2026-02-16 22:50:42,487 [DEBUG] urllib3.connectionpool: http://opinion.people.com.cn:80 "GET /n1/2026/0119/c223228-40648270.html HTTP/1.1" 200 11411
2026-02-16 22:50:42,491 [INFO] spiders: 成功获取: http://opinion.people.com.cn/n1/2026/0119/c223228-40648270.html (状态码: 200)
2026-02-16 22:50:42,506 [DEBUG] spiders: 成功获取详情: 人民网评：全力答好春运考卷
2026-02-16 22:50:42,506 [INFO] __main__:   进度: 30/55
2026-02-16 22:50:42,506 [DEBUG] spiders: 请求URL: http://opinion.people.com.cn/n1/2026/0117/c1003-40647069.html (尝试 1/3)
2026-02-16 22:50:42,693 [DEBUG] urllib3.connectionpool: http://opinion.people.com.cn:80 "GET /n1/2026/0117/c1003-40647069.html HTTP/1.1" 200 10799
2026-02-16 22:50:42,694 [INFO] spiders: 成功获取: http://opinion.people.com.cn/n1/2026/0117/c1003-40647069.html (状态码: 200)
2026-02-16 22:50:42,710 [DEBUG] spiders: 成功获取详情: 人民网评：中国“含绿量”持续转化为“含金量”
2026-02-16 22:50:42,710 [DEBUG] spiders: 请求URL: http://opinion.people.com.cn/n1/2026/0115/c223228-40646100.html (尝试 1/3)
2026-02-16 22:50:42,819 [DEBUG] urllib3.connectionpool: http://opinion.people.com.cn:80 "GET /n1/2026/0115/c223228-40646100.html HTTP/1.1" 200 11662
2026-02-16 22:50:42,820 [INFO] spiders: 成功获取: http://opinion.people.com.cn/n1/2026/0115/c223228-40646100.html (状态码: 200)
2026-02-16 22:50:42,837 [DEBUG] spiders: 成功获取详情: 人民网评：以更高标准、更实举措推进全面从严治党
2026-02-16 22:50:42,837 [DEBUG] spiders: 请求URL: http://opinion.people.com.cn/n1/2026/0115/c223228-40646040.html (尝试 1/3)
2026-02-16 22:50:42,950 [DEBUG] urllib3.connectionpool: http://opinion.people.com.cn:80 "GET /n1/2026/0115/c223228-40646040.html HTTP/1.1" 200 11154
2026-02-16 22:50:42,952 [INFO] spiders: 成功获取: http://opinion.people.com.cn/n1/2026/0115/c223228-40646040.html (状态码: 200)
2026-02-16 22:50:42,966 [DEBUG] spiders: 成功获取详情: 人民网评：以反垄断为切入口，助平台回归服务本质
2026-02-16 22:50:42,966 [DEBUG] spiders: 请求URL: http://opinion.people.com.cn/n1/2026/0114/c223228-40645315.html (尝试 1/3)
2026-02-16 22:50:43,054 [DEBUG] urllib3.connectionpool: http://opinion.people.com.cn:80 "GET /n1/2026/0114/c223228-40645315.html HTTP/1.1" 200 11264
2026-02-16 22:50:43,060 [INFO] spiders: 成功获取: http://opinion.people.com.cn/n1/2026/0114/c223228-40645315.html (状态码: 200)
2026-02-16 22:50:43,074 [DEBUG] spiders: 成功获取详情: 人民网评：农业根基更稳、底色更绿
2026-02-16 22:50:43,075 [DEBUG] spiders: 请求URL: http://opinion.people.com.cn/n1/2026/0108/c223228-40641533.html (尝试 1/3)
2026-02-16 22:50:43,139 [DEBUG] urllib3.connectionpool: http://opinion.people.com.cn:80 "GET /n1/2026/0108/c223228-40641533.html HTTP/1.1" 200 11360
2026-02-16 22:50:43,140 [INFO] spiders: 成功获取: http://opinion.people.com.cn/n1/2026/0108/c223228-40641533.html (状态码: 200)
2026-02-16 22:50:43,154 [DEBUG] spiders: 成功获取详情: 人民网评：好药新药加速惠及百姓 健康中国根基更牢
2026-02-16 22:50:43,154 [INFO] __main__:   进度: 35/55
2026-02-16 22:50:43,155 [DEBUG] spiders: 请求URL: http://opinion.people.com.cn/n1/2026/0107/c223228-40640864.html (尝试 1/3)
2026-02-16 22:50:43,231 [DEBUG] urllib3.connectionpool: http://opinion.people.com.cn:80 "GET /n1/2026/0107/c223228-40640864.html HTTP/1.1" 200 11416
2026-02-16 22:50:43,232 [INFO] spiders: 成功获取: http://opinion.people.com.cn/n1/2026/0107/c223228-40640864.html (状态码: 200)
2026-02-16 22:50:43,247 [DEBUG] spiders: 成功获取详情: 人民网评：拧紧生产“安全阀”
2026-02-16 22:50:43,248 [DEBUG] spiders: 请求URL: http://opinion.people.com.cn/n1/2026/0107/c223228-40640767.html (尝试 1/3)
2026-02-16 22:50:43,365 [DEBUG] urllib3.connectionpool: http://opinion.people.com.cn:80 "GET /n1/2026/0107/c223228-40640767.html HTTP/1.1" 200 11695
2026-02-16 22:50:43,367 [INFO] spiders: 成功获取: http://opinion.people.com.cn/n1/2026/0107/c223228-40640767.html (状态码: 200)
2026-02-16 22:50:43,383 [DEBUG] spiders: 成功获取详情: 人民网评：十年大江焕颜，谱写生态与发展共赢新篇章
2026-02-16 22:50:43,383 [DEBUG] spiders: 请求URL: http://opinion.people.com.cn/n1/2026/0106/c1003-40640116.html (尝试 1/3)
2026-02-16 22:50:43,503 [DEBUG] urllib3.connectionpool: http://opinion.people.com.cn:80 "GET /n1/2026/0106/c1003-40640116.html HTTP/1.1" 200 10775
2026-02-16 22:50:43,504 [INFO] spiders: 成功获取: http://opinion.people.com.cn/n1/2026/0106/c1003-40640116.html (状态码: 200)
2026-02-16 22:50:43,518 [DEBUG] spiders: 成功获取详情: 人民网评：以“全链条责任”织密冬春季防灾减灾安全网
2026-02-16 22:50:43,518 [DEBUG] spiders: 请求URL: http://opinion.people.com.cn/n1/2025/1231/c223228-40637077.html (尝试 1/3)
2026-02-16 22:50:43,640 [DEBUG] urllib3.connectionpool: http://opinion.people.com.cn:80 "GET /n1/2025/1231/c223228-40637077.html HTTP/1.1" 200 11178
2026-02-16 22:50:43,642 [INFO] spiders: 成功获取: http://opinion.people.com.cn/n1/2025/1231/c223228-40637077.html (状态码: 200)
2026-02-16 22:50:43,665 [DEBUG] spiders: 成功获取详情: 人民网评：热气腾腾的生活，蒸蒸日上的中国
2026-02-16 22:50:43,665 [DEBUG] spiders: 请求URL: http://opinion.people.com.cn/n1/2025/1231/c223228-40637075.html (尝试 1/3)
2026-02-16 22:50:43,845 [DEBUG] urllib3.connectionpool: http://opinion.people.com.cn:80 "GET /n1/2025/1231/c223228-40637075.html HTTP/1.1" 200 12009
2026-02-16 22:50:43,847 [INFO] spiders: 成功获取: http://opinion.people.com.cn/n1/2025/1231/c223228-40637075.html (状态码: 200)
2026-02-16 22:50:43,861 [DEBUG] spiders: 成功获取详情: 人民网评：中国乡村的未来，希望无限！
2026-02-16 22:50:43,861 [INFO] __main__:   进度: 40/55
2026-02-16 22:50:43,861 [DEBUG] spiders: 请求URL: http://opinion.people.com.cn/n1/2025/1231/c223228-40637029.html (尝试 1/3)
2026-02-16 22:50:43,983 [DEBUG] urllib3.connectionpool: http://opinion.people.com.cn:80 "GET /n1/2025/1231/c223228-40637029.html HTTP/1.1" 200 41263
2026-02-16 22:50:43,993 [INFO] spiders: 成功获取: http://opinion.people.com.cn/n1/2025/1231/c223228-40637029.html (状态码: 200)
2026-02-16 22:50:44,007 [DEBUG] spiders: 成功获取详情: 人民网评：让学前学籍切实守护好孩子们的成长
2026-02-16 22:50:44,007 [DEBUG] spiders: 请求URL: http://opinion.people.com.cn/n1/2025/1231/c223228-40636244.html (尝试 1/3)
2026-02-16 22:50:44,121 [DEBUG] urllib3.connectionpool: http://opinion.people.com.cn:80 "GET /n1/2025/1231/c223228-40636244.html HTTP/1.1" 200 12438
2026-02-16 22:50:44,126 [INFO] spiders: 成功获取: http://opinion.people.com.cn/n1/2025/1231/c223228-40636244.html (状态码: 200)
2026-02-16 22:50:44,144 [DEBUG] spiders: 成功获取详情: 人民网评：坚定信心、用好优势、应对挑战
2026-02-16 22:50:44,144 [DEBUG] spiders: 请求URL: http://opinion.people.com.cn/n1/2025/1231/c223228-40636220.html (尝试 1/3)
2026-02-16 22:50:44,262 [DEBUG] urllib3.connectionpool: http://opinion.people.com.cn:80 "GET /n1/2025/1231/c223228-40636220.html HTTP/1.1" 200 12394
2026-02-16 22:50:44,270 [INFO] spiders: 成功获取: http://opinion.people.com.cn/n1/2025/1231/c223228-40636220.html (状态码: 200)
2026-02-16 22:50:44,285 [DEBUG] spiders: 成功获取详情: 人民网评：总有一种力量让我们向前一步、再一步
2026-02-16 22:50:44,285 [DEBUG] spiders: 请求URL: http://opinion.people.com.cn/n1/2025/1230/c223228-40635154.html (尝试 1/3)
2026-02-16 22:50:44,456 [DEBUG] urllib3.connectionpool: http://opinion.people.com.cn:80 "GET /n1/2025/1230/c223228-40635154.html HTTP/1.1" 200 12738
2026-02-16 22:50:44,460 [INFO] spiders: 成功获取: http://opinion.people.com.cn/n1/2025/1230/c223228-40635154.html (状态码: 200)
2026-02-16 22:50:44,474 [DEBUG] spiders: 成功获取详情: 人民网评：让每个人在AI时代都能找到自我定位
2026-02-16 22:50:44,474 [DEBUG] spiders: 请求URL: http://opinion.people.com.cn/n1/2025/1229/c223228-40634171.html (尝试 1/3)
2026-02-16 22:50:44,579 [DEBUG] urllib3.connectionpool: http://opinion.people.com.cn:80 "GET /n1/2025/1229/c223228-40634171.html HTTP/1.1" 200 11644
2026-02-16 22:50:44,580 [INFO] spiders: 成功获取: http://opinion.people.com.cn/n1/2025/1229/c223228-40634171.html (状态码: 200)
2026-02-16 22:50:44,594 [DEBUG] spiders: 成功获取详情: 人民网评：与“Z世代“一起重塑经济未来
2026-02-16 22:50:44,594 [INFO] __main__:   进度: 45/55
2026-02-16 22:50:44,595 [DEBUG] spiders: 请求URL: http://opinion.people.com.cn/n1/2025/1225/c223228-40632234.html (尝试 1/3)
2026-02-16 22:50:44,695 [DEBUG] urllib3.connectionpool: http://opinion.people.com.cn:80 "GET /n1/2025/1225/c223228-40632234.html HTTP/1.1" 200 11386
2026-02-16 22:50:44,699 [INFO] spiders: 成功获取: http://opinion.people.com.cn/n1/2025/1225/c223228-40632234.html (状态码: 200)
2026-02-16 22:50:44,715 [DEBUG] spiders: 成功获取详情: 人民网评：保护南极，立在当下、利在长远
2026-02-16 22:50:44,715 [DEBUG] spiders: 请求URL: http://opinion.people.com.cn/n1/2025/1223/c1003-40630426.html (尝试 1/3)
2026-02-16 22:50:44,847 [DEBUG] urllib3.connectionpool: http://opinion.people.com.cn:80 "GET /n1/2025/1223/c1003-40630426.html HTTP/1.1" 200 10757
2026-02-16 22:50:44,850 [INFO] spiders: 成功获取: http://opinion.people.com.cn/n1/2025/1223/c1003-40630426.html (状态码: 200)
2026-02-16 22:50:44,869 [DEBUG] spiders: 成功获取详情: 人民网评：从“惩戒”到“修复”，信用治理更精准
2026-02-16 22:50:44,869 [DEBUG] spiders: 请求URL: http://opinion.people.com.cn/n1/2025/1221/c223228-40628802.html (尝试 1/3)
2026-02-16 22:50:44,950 [DEBUG] urllib3.connectionpool: http://opinion.people.com.cn:80 "GET /n1/2025/1221/c223228-40628802.html HTTP/1.1" 200 10749
2026-02-16 22:50:44,951 [INFO] spiders: 成功获取: http://opinion.people.com.cn/n1/2025/1221/c223228-40628802.html (状态码: 200)
2026-02-16 22:50:44,974 [DEBUG] spiders: 成功获取详情: 人民网评：持续加码医保投入 夯实健康中国
2026-02-16 22:50:44,974 [DEBUG] spiders: 请求URL: http://opinion.people.com.cn/n1/2025/1218/c223228-40627197.html (尝试 1/3)
2026-02-16 22:50:45,068 [DEBUG] urllib3.connectionpool: http://opinion.people.com.cn:80 "GET /n1/2025/1218/c223228-40627197.html HTTP/1.1" 200 11110
2026-02-16 22:50:45,070 [INFO] spiders: 成功获取: http://opinion.people.com.cn/n1/2025/1218/c223228-40627197.html (状态码: 200)
2026-02-16 22:50:45,084 [DEBUG] spiders: 成功获取详情: 人民网评：以法治之力涵养书香中国
2026-02-16 22:50:45,084 [DEBUG] spiders: 请求URL: http://opinion.people.com.cn/n1/2025/1213/c223228-40623616.html (尝试 1/3)
2026-02-16 22:50:45,139 [DEBUG] urllib3.connectionpool: http://opinion.people.com.cn:80 "GET /n1/2025/1213/c223228-40623616.html HTTP/1.1" 200 11414
2026-02-16 22:50:45,140 [INFO] spiders: 成功获取: http://opinion.people.com.cn/n1/2025/1213/c223228-40623616.html (状态码: 200)
2026-02-16 22:50:45,155 [DEBUG] spiders: 成功获取详情: 人民网评：不能忘、不敢忘、不会忘！
2026-02-16 22:50:45,155 [INFO] __main__:   进度: 50/55
2026-02-16 22:50:45,155 [DEBUG] spiders: 请求URL: http://opinion.people.com.cn/n1/2025/1211/c223228-40622454.html (尝试 1/3)
2026-02-16 22:50:45,288 [DEBUG] urllib3.connectionpool: http://opinion.people.com.cn:80 "GET /n1/2025/1211/c223228-40622454.html HTTP/1.1" 200 10978
2026-02-16 22:50:45,289 [INFO] spiders: 成功获取: http://opinion.people.com.cn/n1/2025/1211/c223228-40622454.html (状态码: 200)
2026-02-16 22:50:45,303 [DEBUG] spiders: 成功获取详情: 青春华章｜人民网评：让蓝色大海成为金色聚宝盆
2026-02-16 22:50:45,303 [DEBUG] spiders: 请求URL: http://opinion.people.com.cn/n1/2025/1210/c223228-40621518.html (尝试 1/3)
2026-02-16 22:50:45,434 [DEBUG] urllib3.connectionpool: http://opinion.people.com.cn:80 "GET /n1/2025/1210/c223228-40621518.html HTTP/1.1" 200 10880
2026-02-16 22:50:45,440 [INFO] spiders: 成功获取: http://opinion.people.com.cn/n1/2025/1210/c223228-40621518.html (状态码: 200)
2026-02-16 22:50:45,455 [DEBUG] spiders: 成功获取详情: 青春华章｜人民网评：练就向海图强的“超能力”
2026-02-16 22:50:45,455 [DEBUG] spiders: 请求URL: http://opinion.people.com.cn/n1/2025/1210/c427456-40621032.html (尝试 1/3)
2026-02-16 22:50:45,555 [DEBUG] urllib3.connectionpool: http://opinion.people.com.cn:80 "GET /n1/2025/1210/c427456-40621032.html HTTP/1.1" 200 12421
2026-02-16 22:50:45,560 [INFO] spiders: 成功获取: http://opinion.people.com.cn/n1/2025/1210/c427456-40621032.html (状态码: 200)
2026-02-16 22:50:45,578 [DEBUG] spiders: 成功获取详情: 中国经济“向新力”｜创新药迎来“量质双升”
2026-02-16 22:50:45,578 [DEBUG] spiders: 请求URL: http://opinion.people.com.cn/n1/2025/1209/c223228-40620457.html (尝试 1/3)
2026-02-16 22:50:45,745 [DEBUG] urllib3.connectionpool: http://opinion.people.com.cn:80 "GET /n1/2025/1209/c223228-40620457.html HTTP/1.1" 200 11374
2026-02-16 22:50:45,749 [INFO] spiders: 成功获取: http://opinion.people.com.cn/n1/2025/1209/c223228-40620457.html (状态码: 200)
2026-02-16 22:50:45,763 [DEBUG] spiders: 成功获取详情: 人民网评：以司法力量护航民营经济行稳致远
2026-02-16 22:50:45,763 [DEBUG] spiders: 请求URL: http://opinion.people.com.cn/n1/2025/1209/c223228-40620253.html (尝试 1/3)
2026-02-16 22:50:45,828 [DEBUG] urllib3.connectionpool: http://opinion.people.com.cn:80 "GET /n1/2025/1209/c223228-40620253.html HTTP/1.1" 200 11424
2026-02-16 22:50:45,830 [INFO] spiders: 成功获取: http://opinion.people.com.cn/n1/2025/1209/c223228-40620253.html (状态码: 200)
2026-02-16 22:50:45,845 [DEBUG] spiders: 成功获取详情: 青春华章｜人民网评：勇立潮头担使命，谋海济国写青春
2026-02-16 22:50:45,845 [INFO] __main__:   进度: 55/55
2026-02-16 22:50:45,874 [DEBUG] db_storage: 保存文章成功: 人民网评：新春问暖见初心，民生烟火最动人 (ID: 499)
2026-02-16 22:50:45,900 [DEBUG] db_storage: 保存文章成功: 每一个投资创业者都是营商环境的检验员、宣传员 (ID: 500)
2026-02-16 22:50:45,903 [DEBUG] db_storage: 保存文章成功: 人民网评：推动儿科医疗资源下沉 精准对接群众需求 (ID: 501)
2026-02-16 22:50:45,932 [DEBUG] db_storage: 保存文章成功: 人民网评：日本需要“大智慧”，绝非“小聪明” (ID: 502)
2026-02-16 22:50:45,949 [DEBUG] db_storage: 保存文章成功: 人民网评：推动“汗水农业”向“智慧农业”转型升级 (ID: 503)
2026-02-16 22:50:45,967 [DEBUG] db_storage: 保存文章成功: 人民网评：守牢安全防线 让新春更祥和 (ID: 504)
2026-02-16 22:50:46,004 [DEBUG] db_storage: 保存文章成功: 人民网评：日本内政分裂加剧，用向外转嫁掩盖无力 (ID: 505)
2026-02-16 22:50:46,007 [DEBUG] db_storage: 保存文章成功: 人民网评：从“有屋住”到“住得好”，因地制宜建设和美乡村 (ID: 506)
2026-02-16 22:50:46,071 [DEBUG] db_storage: 保存文章成功: 人民网评：高市妄动冒进，日本失信周边 (ID: 507)
2026-02-16 22:50:46,091 [DEBUG] db_storage: 保存文章成功: 人民网评：精准帮扶常态化，把资源用在刀刃上 (ID: 508)
2026-02-16 22:50:46,094 [DEBUG] db_storage: 保存文章成功: 人民网评：粮食安全没有“休止符” (ID: 509)
2026-02-16 22:50:46,108 [DEBUG] db_storage: 保存文章成功: 人民网评：让更多残疾人“好就业、就好业” (ID: 510)
2026-02-16 22:50:46,122 [DEBUG] db_storage: 保存文章成功: 人民网评：让“地球之肾”永葆活力 (ID: 511)
2026-02-16 22:50:46,139 [DEBUG] db_storage: 保存文章成功: 人民网评：小视角映射大时代，走基层凝聚奋进伟力 (ID: 512)
2026-02-16 22:50:46,143 [DEBUG] db_storage: 保存文章成功: 人民网评：司法精准发力，全链条打击毒品犯罪 (ID: 513)
2026-02-16 22:50:46,145 [DEBUG] db_storage: 保存文章成功: 人民网评：呈现活力中国，走基层“新”字当先 (ID: 514)
2026-02-16 22:50:46,169 [DEBUG] db_storage: 保存文章成功: 人民网评：新春走基层，听真话察真情研究真问题 (ID: 515)
2026-02-16 22:50:46,183 [DEBUG] db_storage: 保存文章成功: 人民网评：宝可梦，为何总是明知故犯？ (ID: 516)
2026-02-16 22:50:46,199 [DEBUG] db_storage: 保存文章成功: 人民网评：构建适配新时代医药产业发展的法治框架 (ID: 517)
2026-02-16 22:50:46,215 [DEBUG] db_storage: 保存文章成功: 人民网评：该为的必须为、能为的努力为、不该为的决不为 (ID: 518)
2026-02-16 22:50:46,217 [DEBUG] db_storage: 保存文章成功: 人民网评：既明白是什么，又明白为什么、怎么做 (ID: 519)
2026-02-16 22:50:46,245 [DEBUG] db_storage: 保存文章成功: 人民网评：让农民工群体过好年稳好业 (ID: 520)
2026-02-16 22:50:46,262 [DEBUG] db_storage: 保存文章成功: 人民网评：煤矸石铺路，水源地岂能如此“图方便”！ (ID: 521)
2026-02-16 22:50:46,276 [DEBUG] db_storage: 保存文章成功: 人民网评：要以全局视野领会全会精神 (ID: 522)
2026-02-16 22:50:46,296 [DEBUG] db_storage: 保存文章成功: 人民网评：送岗更送暖，托举困难群体就业 (ID: 523)
2026-02-16 22:50:46,324 [DEBUG] db_storage: 保存文章成功: 人民网评：廊涿干渠验收的“马拉松”何时能休？ (ID: 524)
2026-02-16 22:50:46,342 [DEBUG] db_storage: 保存文章成功: 人民网评：从"量"入"质"，知识产权赋能创新发展 (ID: 525)
2026-02-16 22:50:46,345 [DEBUG] db_storage: 保存文章成功: 人民网评：稳就业强保障，以民生温度筑发展根基 (ID: 526)
2026-02-16 22:50:46,371 [DEBUG] db_storage: 保存文章成功: 人民网评：安全生产是企业运营的“基本盘” (ID: 527)
2026-02-16 22:50:46,403 [DEBUG] db_storage: 保存文章成功: 人民网评：全力答好春运考卷 (ID: 528)
2026-02-16 22:50:46,431 [DEBUG] db_storage: 保存文章成功: 人民网评：中国“含绿量”持续转化为“含金量” (ID: 529)
2026-02-16 22:50:46,447 [DEBUG] db_storage: 保存文章成功: 人民网评：以更高标准、更实举措推进全面从严治党 (ID: 530)
2026-02-16 22:50:46,462 [DEBUG] db_storage: 保存文章成功: 人民网评：以反垄断为切入口，助平台回归服务本质 (ID: 531)
2026-02-16 22:50:46,477 [DEBUG] db_storage: 保存文章成功: 人民网评：农业根基更稳、底色更绿 (ID: 532)
2026-02-16 22:50:46,479 [DEBUG] db_storage: 保存文章成功: 人民网评：好药新药加速惠及百姓 健康中国根基更牢 (ID: 533)
2026-02-16 22:50:46,491 [DEBUG] db_storage: 保存文章成功: 人民网评：拧紧生产“安全阀” (ID: 534)
2026-02-16 22:50:46,509 [DEBUG] db_storage: 保存文章成功: 人民网评：十年大江焕颜，谱写生态与发展共赢新篇章 (ID: 535)
2026-02-16 22:50:46,524 [DEBUG] db_storage: 保存文章成功: 人民网评：以“全链条责任”织密冬春季防灾减灾安全网 (ID: 536)
2026-02-16 22:50:46,539 [DEBUG] db_storage: 保存文章成功: 人民网评：热气腾腾的生活，蒸蒸日上的中国 (ID: 537)
2026-02-16 22:50:46,542 [DEBUG] db_storage: 保存文章成功: 人民网评：中国乡村的未来，希望无限！ (ID: 538)
2026-02-16 22:50:46,570 [DEBUG] db_storage: 保存文章成功: 人民网评：让学前学籍切实守护好孩子们的成长 (ID: 539)
2026-02-16 22:50:46,585 [DEBUG] db_storage: 保存文章成功: 人民网评：坚定信心、用好优势、应对挑战 (ID: 540)
2026-02-16 22:50:46,602 [DEBUG] db_storage: 保存文章成功: 人民网评：总有一种力量让我们向前一步、再一步 (ID: 541)
2026-02-16 22:50:46,616 [DEBUG] db_storage: 保存文章成功: 人民网评：让每个人在AI时代都能找到自我定位 (ID: 542)
2026-02-16 22:50:46,632 [DEBUG] db_storage: 保存文章成功: 人民网评：与“Z世代“一起重塑经济未来 (ID: 543)
2026-02-16 22:50:46,649 [DEBUG] db_storage: 保存文章成功: 人民网评：保护南极，立在当下、利在长远 (ID: 544)
2026-02-16 22:50:46,661 [DEBUG] db_storage: 保存文章成功: 人民网评：从“惩戒”到“修复”，信用治理更精准 (ID: 545)
2026-02-16 22:50:46,663 [DEBUG] db_storage: 保存文章成功: 人民网评：持续加码医保投入 夯实健康中国 (ID: 546)
2026-02-16 22:50:46,692 [DEBUG] db_storage: 保存文章成功: 人民网评：以法治之力涵养书香中国 (ID: 547)
2026-02-16 22:50:46,696 [DEBUG] db_storage: 保存文章成功: 人民网评：不能忘、不敢忘、不会忘！ (ID: 548)
2026-02-16 22:50:46,724 [DEBUG] db_storage: 保存文章成功: 青春华章｜人民网评：让蓝色大海成为金色聚宝盆 (ID: 549)
2026-02-16 22:50:46,740 [DEBUG] db_storage: 保存文章成功: 青春华章｜人民网评：练就向海图强的“超能力” (ID: 550)
2026-02-16 22:50:46,756 [DEBUG] db_storage: 保存文章成功: 中国经济“向新力”｜创新药迎来“量质双升” (ID: 551)
2026-02-16 22:50:46,760 [DEBUG] db_storage: 保存文章成功: 人民网评：以司法力量护航民营经济行稳致远 (ID: 552)
2026-02-16 22:50:46,764 [DEBUG] db_storage: 保存文章成功: 青春华章｜人民网评：勇立潮头担使命，谋海济国写青春 (ID: 553)
2026-02-16 22:50:46,765 [INFO] db_storage: 批量保存完成: 成功=55, 跳过=0, 失败=0
2026-02-16 22:50:46,765 [INFO] __main__:   ✓ 完成: 爬取=55, 保存=55, 跳过=0
2026-02-16 22:50:46,765 [INFO] __main__: ------------------------------------------------------------
2026-02-16 22:50:46,765 [INFO] __main__: 
============================================================
2026-02-16 22:50:46,765 [INFO] __main__: 数据库统计
2026-02-16 22:50:46,765 [INFO] __main__: ============================================================
2026-02-16 22:50:46,767 [INFO] __main__: 文章总数: 249
2026-02-16 22:50:46,784 [INFO] __main__: 
按来源统计:
2026-02-16 22:50:46,785 [INFO] __main__:   新华网: 194 篇
2026-02-16 22:50:46,785 [INFO] __main__:   人民网: 55 篇
2026-02-16 22:50:46,787 [INFO] __main__: 
最新文章:
2026-02-16 22:50:46,787 [INFO] __main__:   - 新华网视评｜电动自行车上楼入户，除了“防”还得“疏”... (2026-01-02)
2026-02-16 22:50:46,787 [INFO] __main__:   - 青春华章｜人民网评：勇立潮头担使命，谋海济国写青春... (2025-12-09)
2026-02-16 22:50:46,788 [INFO] __main__:   - 人民网评：以司法力量护航民营经济行稳致远... (2025-12-09)
2026-02-16 22:50:46,788 [INFO] __main__:   - 中国经济“向新力”｜创新药迎来“量质双升”... (2025-12-10)
2026-02-16 22:50:46,788 [INFO] __main__:   - 青春华章｜人民网评：练就向海图强的“超能力”... (2025-12-10)
2026-02-16 22:50:46,788 [INFO] __main__: 
============================================================
2026-02-16 22:50:46,788 [INFO] __main__: 爬取统计汇总
2026-02-16 22:50:46,788 [INFO] __main__: ============================================================
2026-02-16 22:50:46,788 [INFO] __main__: 总爬取: 249 篇
2026-02-16 22:50:46,788 [INFO] __main__: 成功保存: 249 篇
2026-02-16 22:50:46,789 [INFO] __main__: 跳过(重复): 0 篇
2026-02-16 22:50:46,789 [INFO] __main__: 详情爬取: 已启用
2026-02-16 22:50:46,789 [INFO] __main__: 
各数据源详情:
2026-02-16 22:50:46,789 [INFO] __main__:   新华网-视评: 爬取=194, 保存=194, 跳过=0
2026-02-16 22:50:46,789 [INFO] __main__:   人民网评: 爬取=55, 保存=55, 跳过=0
2026-02-16 22:50:46,789 [INFO] __main__: ============================================================
2026-02-16 22:50:46,789 [INFO] __main__: 爬取完成!
2026-02-16 22:50:46,789 [INFO] spiders: 爬虫 新华网-首页 已关闭
2026-02-16 22:50:46,789 [INFO] spiders: 爬虫 新华网-会议活动 已关闭
2026-02-16 22:50:46,790 [INFO] spiders: 爬虫 新华网-视评 已关闭
2026-02-16 22:50:46,790 [INFO] spiders: 爬虫 人民网评 已关闭
2026-02-16 22:50:46,790 [INFO] __main__: 爬虫系统已关闭
2026-02-18 21:24:37,226 [INFO] db_storage: 数据库管理器初始化完成
2026-02-18 21:24:37,232 [INFO] __main__: ============================================================
2026-02-18 21:24:37,232 [INFO] __main__: 研时爬虫系统启动
2026-02-18 21:24:37,232 [INFO] __main__: ============================================================
2026-02-18 21:24:37,234 [INFO] __main__: 测试数据库连接...
2026-02-18 21:24:37,264 [INFO] db_storage: 数据库连接测试成功
2026-02-18 21:24:37,265 [INFO] __main__: ✓ 数据库连接正常
2026-02-18 21:24:37,265 [INFO] __main__: 初始化爬虫实例...
2026-02-18 21:24:37,265 [INFO] spiders: 初始化爬虫: 新华网-首页
2026-02-18 21:24:37,265 [INFO] __main__: ✓ 初始化爬虫: 新华网-首页
2026-02-18 21:24:37,266 [INFO] spiders: 初始化爬虫: 新华网-会议活动
2026-02-18 21:24:37,266 [INFO] __main__: ✓ 初始化爬虫: 新华网-会议活动
2026-02-18 21:24:37,266 [INFO] spiders: 初始化爬虫: 新华网-视评
2026-02-18 21:24:37,266 [INFO] __main__: ✓ 初始化爬虫: 新华网-视评
2026-02-18 21:24:37,266 [INFO] spiders: 初始化爬虫: 人民网评
2026-02-18 21:24:37,267 [INFO] __main__: ✓ 初始化爬虫: 人民网评
2026-02-18 21:24:37,267 [INFO] __main__: 开始爬取所有数据源...
2026-02-18 21:24:37,267 [INFO] __main__: ------------------------------------------------------------
2026-02-18 21:24:37,267 [INFO] __main__: 
[新华网-首页] 开始爬取...
2026-02-18 21:24:37,267 [INFO] spiders: 开始爬取: 新华网-首页
2026-02-18 21:24:37,267 [DEBUG] spiders: 请求URL: http://www.news.cn/politics/leaders/index.htm (尝试 1/3)
2026-02-18 21:24:37,269 [DEBUG] urllib3.connectionpool: Starting new HTTP connection (1): www.news.cn:80
2026-02-18 21:24:37,462 [DEBUG] urllib3.connectionpool: http://www.news.cn:80 "GET /politics/leaders/index.htm HTTP/1.1" 200 4779
2026-02-18 21:24:37,462 [INFO] spiders: 成功获取: http://www.news.cn/politics/leaders/index.htm (状态码: 200)
2026-02-18 21:24:37,470 [INFO] spiders: 新华网-首页 解析到 0 篇文章
2026-02-18 21:24:39,470 [INFO] __main__:   未获取到文章
2026-02-18 21:24:39,471 [INFO] __main__: 
[新华网-会议活动] 开始爬取...
2026-02-18 21:24:39,471 [INFO] spiders: 开始爬取: 新华网-会议活动
2026-02-18 21:24:39,471 [DEBUG] spiders: 请求URL: http://www.news.cn/politics/leaders/cpc20/hyhd.htm (尝试 1/3)
2026-02-18 21:24:39,471 [DEBUG] urllib3.connectionpool: Starting new HTTP connection (1): www.news.cn:80
2026-02-18 21:24:39,589 [DEBUG] urllib3.connectionpool: http://www.news.cn:80 "GET /politics/leaders/cpc20/hyhd.htm HTTP/1.1" 404 1818
2026-02-18 21:24:39,590 [ERROR] spiders: 请求失败: http://www.news.cn/politics/leaders/cpc20/hyhd.htm - 404 Client Error: Not Found for url: http://www.news.cn/politics/leaders/cpc20/hyhd.htm
2026-02-18 21:24:41,591 [DEBUG] spiders: 请求URL: http://www.news.cn/politics/leaders/cpc20/hyhd.htm (尝试 2/3)
2026-02-18 21:24:41,604 [DEBUG] urllib3.connectionpool: http://www.news.cn:80 "GET /politics/leaders/cpc20/hyhd.htm HTTP/1.1" 404 1818
2026-02-18 21:24:41,605 [ERROR] spiders: 请求失败: http://www.news.cn/politics/leaders/cpc20/hyhd.htm - 404 Client Error: Not Found for url: http://www.news.cn/politics/leaders/cpc20/hyhd.htm
2026-02-18 21:24:43,668 [DEBUG] spiders: 请求URL: http://www.news.cn/politics/leaders/cpc20/hyhd.htm (尝试 3/3)
2026-02-18 21:24:43,682 [DEBUG] urllib3.connectionpool: http://www.news.cn:80 "GET /politics/leaders/cpc20/hyhd.htm HTTP/1.1" 404 1818
2026-02-18 21:24:43,685 [ERROR] spiders: 请求失败: http://www.news.cn/politics/leaders/cpc20/hyhd.htm - 404 Client Error: Not Found for url: http://www.news.cn/politics/leaders/cpc20/hyhd.htm
2026-02-18 21:24:43,686 [ERROR] spiders: 获取 新华网-会议活动 列表失败
2026-02-18 21:24:43,686 [INFO] __main__:   未获取到文章
2026-02-18 21:24:43,686 [INFO] __main__: 
[新华网-视评] 开始爬取...
2026-02-18 21:24:43,686 [INFO] spiders: 开始爬取: 新华网-视评
2026-02-18 21:24:43,686 [DEBUG] spiders: 请求URL: https://www.news.cn/comments/zt/xhwsp/index.html (尝试 1/3)
2026-02-18 21:24:43,687 [DEBUG] urllib3.connectionpool: Starting new HTTPS connection (1): www.news.cn:443
2026-02-18 21:24:44,216 [DEBUG] urllib3.connectionpool: https://www.news.cn:443 "GET /comments/zt/xhwsp/index.html HTTP/1.1" 200 64259
2026-02-18 21:24:44,237 [INFO] spiders: 成功获取: https://www.news.cn/comments/zt/xhwsp/index.html (状态码: 200)
2026-02-18 21:24:44,300 [INFO] spiders: 新华网-视评 解析到 194 篇文章
2026-02-18 21:24:46,324 [INFO] __main__:   开始爬取详情 (194 篇)...
2026-02-18 21:24:46,325 [DEBUG] spiders: 请求URL: https://www.news.cn/comments/20260214/61ec77e436254793bebf3a13434e8d36/c.html (尝试 1/3)
2026-02-18 21:24:46,414 [DEBUG] urllib3.connectionpool: https://www.news.cn:443 "GET /comments/20260214/61ec77e436254793bebf3a13434e8d36/c.html HTTP/1.1" 200 3290
2026-02-18 21:24:46,415 [INFO] spiders: 成功获取: https://www.news.cn/comments/20260214/61ec77e436254793bebf3a13434e8d36/c.html (状态码: 200)
2026-02-18 21:24:46,428 [DEBUG] spiders: 成功获取详情: 新华网视评丨这样的暖心服务，可以更多些
2026-02-18 21:24:46,428 [DEBUG] spiders: 请求URL: https://www.news.cn/comments/20260211/27a2e1c4207c4b49b7eacd97ddf78fdc/c.html (尝试 1/3)
2026-02-18 21:24:46,504 [DEBUG] urllib3.connectionpool: https://www.news.cn:443 "GET /comments/20260211/27a2e1c4207c4b49b7eacd97ddf78fdc/c.html HTTP/1.1" 200 3290
2026-02-18 21:24:46,504 [INFO] spiders: 成功获取: https://www.news.cn/comments/20260211/27a2e1c4207c4b49b7eacd97ddf78fdc/c.html (状态码: 200)
2026-02-18 21:24:46,512 [DEBUG] spiders: 成功获取详情: 新华网视评丨这个“网红”记大功，追授优秀共产党员称号
2026-02-18 21:24:46,516 [DEBUG] spiders: 请求URL: https://www.news.cn/comments/20260207/0d50a3924b704f4ab2ab02512c0e3e42/c.html (尝试 1/3)
2026-02-18 21:24:46,618 [DEBUG] urllib3.connectionpool: https://www.news.cn:443 "GET /comments/20260207/0d50a3924b704f4ab2ab02512c0e3e42/c.html HTTP/1.1" 200 3871
2026-02-18 21:24:46,618 [INFO] spiders: 成功获取: https://www.news.cn/comments/20260207/0d50a3924b704f4ab2ab02512c0e3e42/c.html (状态码: 200)
2026-02-18 21:24:46,623 [DEBUG] spiders: 成功获取详情: 新华网视评丨厘清家校权责边界
2026-02-18 21:24:46,623 [DEBUG] spiders: 请求URL: https://www.news.cn/comments/20260207/f9e8123ffab748a5819dc8c851535346/c.html (尝试 1/3)
2026-02-18 21:24:46,730 [DEBUG] urllib3.connectionpool: https://www.news.cn:443 "GET /comments/20260207/f9e8123ffab748a5819dc8c851535346/c.html HTTP/1.1" 200 3465
2026-02-18 21:24:46,730 [INFO] spiders: 成功获取: https://www.news.cn/comments/20260207/f9e8123ffab748a5819dc8c851535346/c.html (状态码: 200)
2026-02-18 21:24:46,735 [DEBUG] spiders: 成功获取详情: 新华网视评丨家长当好家长 老师做好老师
2026-02-18 21:24:46,735 [DEBUG] spiders: 请求URL: https://www.news.cn/comments/20260205/1bfbe634547e4c29bafcdd7995968edf/c.html (尝试 1/3)
2026-02-18 21:24:46,889 [DEBUG] urllib3.connectionpool: https://www.news.cn:443 "GET /comments/20260205/1bfbe634547e4c29bafcdd7995968edf/c.html HTTP/1.1" 200 3805
2026-02-18 21:24:46,890 [INFO] spiders: 成功获取: https://www.news.cn/comments/20260205/1bfbe634547e4c29bafcdd7995968edf/c.html (状态码: 200)
2026-02-18 21:24:46,894 [DEBUG] spiders: 成功获取详情: 新华网视评丨春运出行，这些谣言必须当心
2026-02-18 21:24:46,894 [INFO] __main__:   进度: 5/194
2026-02-18 21:24:46,895 [DEBUG] spiders: 请求URL: https://www.news.cn/comments/20260130/ad5a31b03b234e4fbac5ea1211e4fa5b/c.html (尝试 1/3)
2026-02-18 21:24:47,017 [DEBUG] urllib3.connectionpool: https://www.news.cn:443 "GET /comments/20260130/ad5a31b03b234e4fbac5ea1211e4fa5b/c.html HTTP/1.1" 200 3702
2026-02-18 21:24:47,017 [INFO] spiders: 成功获取: https://www.news.cn/comments/20260130/ad5a31b03b234e4fbac5ea1211e4fa5b/c.html (状态码: 200)
2026-02-18 21:24:47,022 [DEBUG] spiders: 成功获取详情: 新华网视评丨致敬这些平凡而伟大的守护
2026-02-18 21:24:47,022 [DEBUG] spiders: 请求URL: https://www.news.cn/comments/20260123/d2046ed325c24db89e11e8b8ce06202d/c.html (尝试 1/3)
2026-02-18 21:24:47,148 [DEBUG] urllib3.connectionpool: https://www.news.cn:443 "GET /comments/20260123/d2046ed325c24db89e11e8b8ce06202d/c.html HTTP/1.1" 200 3603
2026-02-18 21:24:47,149 [INFO] spiders: 成功获取: https://www.news.cn/comments/20260123/d2046ed325c24db89e11e8b8ce06202d/c.html (状态码: 200)
2026-02-18 21:24:47,154 [DEBUG] spiders: 成功获取详情: 新华网视评丨这三起典型案例，都暴露出同一个问题
2026-02-18 21:24:47,154 [DEBUG] spiders: 请求URL: https://www.news.cn/comments/20260122/7eda28dc407141559c6e7914d1be072e/c.html (尝试 1/3)
2026-02-18 21:24:47,266 [DEBUG] urllib3.connectionpool: https://www.news.cn:443 "GET /comments/20260122/7eda28dc407141559c6e7914d1be072e/c.html HTTP/1.1" 200 3433
2026-02-18 21:24:47,267 [INFO] spiders: 成功获取: https://www.news.cn/comments/20260122/7eda28dc407141559c6e7914d1be072e/c.html (状态码: 200)
2026-02-18 21:24:47,284 [DEBUG] spiders: 成功获取详情: 新华网视评丨一个行业协会，真的需要这么多副会长吗？
2026-02-18 21:24:47,285 [DEBUG] spiders: 请求URL: https://www.news.cn/comments/20260120/dec2bc56d8484e379d18af36f026521b/c.html (尝试 1/3)
2026-02-18 21:24:47,418 [DEBUG] urllib3.connectionpool: https://www.news.cn:443 "GET /comments/20260120/dec2bc56d8484e379d18af36f026521b/c.html HTTP/1.1" 200 3602
2026-02-18 21:24:47,419 [INFO] spiders: 成功获取: https://www.news.cn/comments/20260120/dec2bc56d8484e379d18af36f026521b/c.html (状态码: 200)
2026-02-18 21:24:47,424 [DEBUG] spiders: 成功获取详情: 新华网视评丨平台越大，越要守规矩有担当
2026-02-18 21:24:47,424 [DEBUG] spiders: 请求URL: https://www.news.cn/comments/20260113/31301897451949dc9d2b50e1623616f2/c.html (尝试 1/3)
2026-02-18 21:24:47,536 [DEBUG] urllib3.connectionpool: https://www.news.cn:443 "GET /comments/20260113/31301897451949dc9d2b50e1623616f2/c.html HTTP/1.1" 200 3245
2026-02-18 21:24:47,536 [INFO] spiders: 成功获取: https://www.news.cn/comments/20260113/31301897451949dc9d2b50e1623616f2/c.html (状态码: 200)
2026-02-18 21:24:47,541 [DEBUG] spiders: 成功获取详情: 新华网视评丨司法公开不能“匿名”，责任担当不可“隐身”
2026-02-18 21:24:47,541 [INFO] __main__:   进度: 10/194
2026-02-18 21:24:47,542 [DEBUG] spiders: 请求URL: https://www.news.cn/comments/20260109/47b9a97819d04f6d86163fce4eefe4d0/c.html (尝试 1/3)
2026-02-18 21:24:47,708 [DEBUG] urllib3.connectionpool: https://www.news.cn:443 "GET /comments/20260109/47b9a97819d04f6d86163fce4eefe4d0/c.html HTTP/1.1" 200 3414
2026-02-18 21:24:47,708 [INFO] spiders: 成功获取: https://www.news.cn/comments/20260109/47b9a97819d04f6d86163fce4eefe4d0/c.html (状态码: 200)
2026-02-18 21:24:47,714 [DEBUG] spiders: 成功获取详情: 新华网视评丨敬畏自然，敬畏生命
2026-02-18 21:24:47,714 [DEBUG] spiders: 请求URL: https://www.news.cn/comments/20260107/759a41c458134a7f8e2feae72c0643ed/c.html (尝试 1/3)
2026-02-18 21:24:47,816 [DEBUG] urllib3.connectionpool: https://www.news.cn:443 "GET /comments/20260107/759a41c458134a7f8e2feae72c0643ed/c.html HTTP/1.1" 200 3456
2026-02-18 21:24:47,816 [INFO] spiders: 成功获取: https://www.news.cn/comments/20260107/759a41c458134a7f8e2feae72c0643ed/c.html (状态码: 200)
2026-02-18 21:24:47,821 [DEBUG] spiders: 成功获取详情: 新华网视评丨“宝华月季”，因何而美？
2026-02-18 21:24:47,821 [DEBUG] spiders: 请求URL: https://www.news.cn/comments/20260105/dfa4e0d6ce874db69ecb4fd2e633d9d5/c.html (尝试 1/3)
2026-02-18 21:24:47,940 [DEBUG] urllib3.connectionpool: https://www.news.cn:443 "GET /comments/20260105/dfa4e0d6ce874db69ecb4fd2e633d9d5/c.html HTTP/1.1" 200 3206
2026-02-18 21:24:47,940 [INFO] spiders: 成功获取: https://www.news.cn/comments/20260105/dfa4e0d6ce874db69ecb4fd2e633d9d5/c.html (状态码: 200)
2026-02-18 21:24:47,945 [DEBUG] spiders: 成功获取详情: 新华网视评｜易燃易爆的氢气球，并非浪漫的选择
2026-02-18 21:24:47,945 [DEBUG] spiders: 请求URL: https://www.news.cn/comments/20260102/d5da9e5ac9474eb497c3afcf3b261f45/c.html (尝试 1/3)
2026-02-18 21:24:48,077 [DEBUG] urllib3.connectionpool: https://www.news.cn:443 "GET /comments/20260102/d5da9e5ac9474eb497c3afcf3b261f45/c.html HTTP/1.1" 200 3403
2026-02-18 21:24:48,077 [INFO] spiders: 成功获取: https://www.news.cn/comments/20260102/d5da9e5ac9474eb497c3afcf3b261f45/c.html (状态码: 200)
2026-02-18 21:24:48,082 [DEBUG] spiders: 成功获取详情: 新华网视评｜电动自行车上楼入户，除了“防”还得“疏”
2026-02-18 21:24:48,082 [DEBUG] spiders: 请求URL: https://www.news.cn/comments/20251231/adb6e4dd9b554ae586c5a2e30153af90/c.html (尝试 1/3)
2026-02-18 21:24:48,220 [DEBUG] urllib3.connectionpool: https://www.news.cn:443 "GET /comments/20251231/adb6e4dd9b554ae586c5a2e30153af90/c.html HTTP/1.1" 200 3402
2026-02-18 21:24:48,220 [INFO] spiders: 成功获取: https://www.news.cn/comments/20251231/adb6e4dd9b554ae586c5a2e30153af90/c.html (状态码: 200)
2026-02-18 21:24:48,226 [DEBUG] spiders: 成功获取详情: 新华网视评｜警惕这些年底诈骗新招
2026-02-18 21:24:48,226 [INFO] __main__:   进度: 15/194
2026-02-18 21:24:48,226 [DEBUG] spiders: 请求URL: https://www.news.cn/comments/20251226/25f7830047ad45baaa6d235c3155345b/c.html (尝试 1/3)
2026-02-18 21:24:48,372 [DEBUG] urllib3.connectionpool: https://www.news.cn:443 "GET /comments/20251226/25f7830047ad45baaa6d235c3155345b/c.html HTTP/1.1" 200 3505
2026-02-18 21:24:48,372 [INFO] spiders: 成功获取: https://www.news.cn/comments/20251226/25f7830047ad45baaa6d235c3155345b/c.html (状态码: 200)
2026-02-18 21:24:48,377 [DEBUG] spiders: 成功获取详情: 新华网视评｜给幼儿园乱收费戴上“紧箍咒”
2026-02-18 21:24:48,377 [DEBUG] spiders: 请求URL: https://www.news.cn/comments/20251222/7f477a2ce1e844ff928f1381c0c0a8d1/c.html (尝试 1/3)
2026-02-18 21:24:48,499 [DEBUG] urllib3.connectionpool: https://www.news.cn:443 "GET /comments/20251222/7f477a2ce1e844ff928f1381c0c0a8d1/c.html HTTP/1.1" 200 3506
2026-02-18 21:24:48,500 [INFO] spiders: 成功获取: https://www.news.cn/comments/20251222/7f477a2ce1e844ff928f1381c0c0a8d1/c.html (状态码: 200)
2026-02-18 21:24:48,505 [DEBUG] spiders: 成功获取详情: 新华网视评｜别让“闹心事”透支航司口碑
2026-02-18 21:24:48,505 [DEBUG] spiders: 请求URL: https://www.news.cn/comments/20251219/09c43c348e9f461b869266a905c92a5b/c.html (尝试 1/3)
2026-02-18 21:24:48,609 [DEBUG] urllib3.connectionpool: https://www.news.cn:443 "GET /comments/20251219/09c43c348e9f461b869266a905c92a5b/c.html HTTP/1.1" 200 3530
2026-02-18 21:24:48,609 [INFO] spiders: 成功获取: https://www.news.cn/comments/20251219/09c43c348e9f461b869266a905c92a5b/c.html (状态码: 200)
2026-02-18 21:24:48,614 [DEBUG] spiders: 成功获取详情: 新华网视评｜让食物发挥“余热”，点赞！
2026-02-18 21:24:48,614 [DEBUG] spiders: 请求URL: https://www.news.cn/comments/20251219/7afb4e559293448991ec03a072c512aa/c.html (尝试 1/3)
2026-02-18 21:24:48,750 [DEBUG] urllib3.connectionpool: https://www.news.cn:443 "GET /comments/20251219/7afb4e559293448991ec03a072c512aa/c.html HTTP/1.1" 200 3398
2026-02-18 21:24:48,750 [INFO] spiders: 成功获取: https://www.news.cn/comments/20251219/7afb4e559293448991ec03a072c512aa/c.html (状态码: 200)
2026-02-18 21:24:48,755 [DEBUG] spiders: 成功获取详情: 新华网视评｜儿童设施不能只注重美观
2026-02-18 21:24:48,755 [DEBUG] spiders: 请求URL: https://www.news.cn/comments/20251218/23a73227218941458a29d035f91002fc/c.html (尝试 1/3)
2026-02-18 21:24:48,979 [DEBUG] urllib3.connectionpool: https://www.news.cn:443 "GET /comments/20251218/23a73227218941458a29d035f91002fc/c.html HTTP/1.1" 200 3393
2026-02-18 21:24:48,979 [INFO] spiders: 成功获取: https://www.news.cn/comments/20251218/23a73227218941458a29d035f91002fc/c.html (状态码: 200)
2026-02-18 21:24:48,984 [DEBUG] spiders: 成功获取详情: 新华网视评｜城市更新，无障碍设施也要更新
2026-02-18 21:24:48,984 [INFO] __main__:   进度: 20/194
2026-02-18 21:24:48,984 [DEBUG] spiders: 请求URL: https://www.news.cn/comments/20251217/6c02661a432844cb9e2a74efa1cf878c/c.html (尝试 1/3)
2026-02-18 21:24:49,100 [DEBUG] urllib3.connectionpool: https://www.news.cn:443 "GET /comments/20251217/6c02661a432844cb9e2a74efa1cf878c/c.html HTTP/1.1" 200 3187
2026-02-18 21:24:49,101 [INFO] spiders: 成功获取: https://www.news.cn/comments/20251217/6c02661a432844cb9e2a74efa1cf878c/c.html (状态码: 200)
2026-02-18 21:24:49,106 [DEBUG] spiders: 成功获取详情: 新华网视评｜公共标识让大家看懂是前提
2026-02-18 21:24:49,106 [DEBUG] spiders: 请求URL: https://www.news.cn/comments/20251205/1d8111f45b4e49ff98eb7161f2f91085/c.html (尝试 1/3)
2026-02-18 21:24:49,241 [DEBUG] urllib3.connectionpool: https://www.news.cn:443 "GET /comments/20251205/1d8111f45b4e49ff98eb7161f2f91085/c.html HTTP/1.1" 200 3468
2026-02-18 21:24:49,241 [INFO] spiders: 成功获取: https://www.news.cn/comments/20251205/1d8111f45b4e49ff98eb7161f2f91085/c.html (状态码: 200)
2026-02-18 21:24:49,246 [DEBUG] spiders: 成功获取详情: 新华网视评｜善听消费者声音很有必要
2026-02-18 21:24:49,246 [DEBUG] spiders: 请求URL: https://www.news.cn/comments/20251204/51b6987135ce4f17ae46e8587a8713c1/c.html (尝试 1/3)
2026-02-18 21:24:49,391 [DEBUG] urllib3.connectionpool: https://www.news.cn:443 "GET /comments/20251204/51b6987135ce4f17ae46e8587a8713c1/c.html HTTP/1.1" 200 3418
2026-02-18 21:24:49,392 [INFO] spiders: 成功获取: https://www.news.cn/comments/20251204/51b6987135ce4f17ae46e8587a8713c1/c.html (状态码: 200)
2026-02-18 21:24:49,400 [DEBUG] spiders: 成功获取详情: 新华网视评｜让低俗团播彻底“下线退场”
2026-02-18 21:24:49,401 [DEBUG] spiders: 请求URL: https://www.news.cn/comments/20251121/c44b86aeb9ab43989179f5585ffdf9ea/c.html (尝试 1/3)
2026-02-18 21:24:49,505 [DEBUG] urllib3.connectionpool: https://www.news.cn:443 "GET /comments/20251121/c44b86aeb9ab43989179f5585ffdf9ea/c.html HTTP/1.1" 200 3568
2026-02-18 21:24:49,505 [INFO] spiders: 成功获取: https://www.news.cn/comments/20251121/c44b86aeb9ab43989179f5585ffdf9ea/c.html (状态码: 200)
2026-02-18 21:24:49,510 [DEBUG] spiders: 成功获取详情: 新华网视评｜剜除“摆拍造谣”这颗网络毒瘤
2026-02-18 21:24:49,510 [DEBUG] spiders: 请求URL: https://www.news.cn/comments/20251120/4f4210855f414cedb56ab5e3c3d1d7ea/c.html (尝试 1/3)
2026-02-18 21:24:49,643 [DEBUG] urllib3.connectionpool: https://www.news.cn:443 "GET /comments/20251120/4f4210855f414cedb56ab5e3c3d1d7ea/c.html HTTP/1.1" 200 3495
2026-02-18 21:24:49,643 [INFO] spiders: 成功获取: https://www.news.cn/comments/20251120/4f4210855f414cedb56ab5e3c3d1d7ea/c.html (状态码: 200)
2026-02-18 21:24:49,650 [DEBUG] spiders: 成功获取详情: 新华网视评丨别让“随口一说”成为扎向企业的“软刀子”
2026-02-18 21:24:49,650 [INFO] __main__:   进度: 25/194
2026-02-18 21:24:49,650 [DEBUG] spiders: 请求URL: https://www.news.cn/comments/20251119/3af44fab49dd43fc87130c52bb2c4b68/c.html (尝试 1/3)
2026-02-18 21:24:49,759 [DEBUG] urllib3.connectionpool: https://www.news.cn:443 "GET /comments/20251119/3af44fab49dd43fc87130c52bb2c4b68/c.html HTTP/1.1" 200 3574
2026-02-18 21:24:49,760 [INFO] spiders: 成功获取: https://www.news.cn/comments/20251119/3af44fab49dd43fc87130c52bb2c4b68/c.html (状态码: 200)
2026-02-18 21:24:49,765 [DEBUG] spiders: 成功获取详情: 新华网视评丨警惕政策一上新谣言就上线
2026-02-18 21:24:49,765 [DEBUG] spiders: 请求URL: https://www.news.cn/comments/20251113/879a26ae53784c6d969aa0a245fa5ebb/c.html (尝试 1/3)
2026-02-18 21:24:49,896 [DEBUG] urllib3.connectionpool: https://www.news.cn:443 "GET /comments/20251113/879a26ae53784c6d969aa0a245fa5ebb/c.html HTTP/1.1" 200 3157
2026-02-18 21:24:49,896 [INFO] spiders: 成功获取: https://www.news.cn/comments/20251113/879a26ae53784c6d969aa0a245fa5ebb/c.html (状态码: 200)
2026-02-18 21:24:49,901 [DEBUG] spiders: 成功获取详情: 新华网视评丨“免费”谣言引哄抢，这样的闹剧当休矣
2026-02-18 21:24:49,901 [DEBUG] spiders: 请求URL: https://www.news.cn/comments/20251109/6b00591ab17745fea7cb418e8bc6b5fb/c.html (尝试 1/3)
2026-02-18 21:24:50,000 [DEBUG] urllib3.connectionpool: https://www.news.cn:443 "GET /comments/20251109/6b00591ab17745fea7cb418e8bc6b5fb/c.html HTTP/1.1" 200 3689
2026-02-18 21:24:50,000 [INFO] spiders: 成功获取: https://www.news.cn/comments/20251109/6b00591ab17745fea7cb418e8bc6b5fb/c.html (状态码: 200)
2026-02-18 21:24:50,006 [DEBUG] spiders: 成功获取详情: 新华网视评｜滥用AI模特有可能触碰法律红线
2026-02-18 21:24:50,006 [DEBUG] spiders: 请求URL: https://www.news.cn/comments/20251108/ba4b9dba40d54f82a0b9e2a94133bbe9/c.html (尝试 1/3)
2026-02-18 21:24:50,145 [DEBUG] urllib3.connectionpool: https://www.news.cn:443 "GET /comments/20251108/ba4b9dba40d54f82a0b9e2a94133bbe9/c.html HTTP/1.1" 200 3717
2026-02-18 21:24:50,145 [INFO] spiders: 成功获取: https://www.news.cn/comments/20251108/ba4b9dba40d54f82a0b9e2a94133bbe9/c.html (状态码: 200)
2026-02-18 21:24:50,150 [DEBUG] spiders: 成功获取详情: 新华网视评｜擅自替商家调价，是一种“霸权”行为
2026-02-18 21:24:50,150 [DEBUG] spiders: 请求URL: https://www.news.cn/comments/20251107/56175f4af0f34613b754a8cb2790f88c/c.html (尝试 1/3)
2026-02-18 21:24:50,279 [DEBUG] urllib3.connectionpool: https://www.news.cn:443 "GET /comments/20251107/56175f4af0f34613b754a8cb2790f88c/c.html HTTP/1.1" 200 3515
2026-02-18 21:24:50,279 [INFO] spiders: 成功获取: https://www.news.cn/comments/20251107/56175f4af0f34613b754a8cb2790f88c/c.html (状态码: 200)
2026-02-18 21:24:50,284 [DEBUG] spiders: 成功获取详情: 新华网视评｜“管不住”的套路，“够不着”的监管
2026-02-18 21:24:50,284 [INFO] __main__:   进度: 30/194
2026-02-18 21:24:50,284 [DEBUG] spiders: 请求URL: https://www.news.cn/comments/20251105/a7160cd0126d48d385e7c059bb217719/c.html (尝试 1/3)
2026-02-18 21:24:50,386 [DEBUG] urllib3.connectionpool: https://www.news.cn:443 "GET /comments/20251105/a7160cd0126d48d385e7c059bb217719/c.html HTTP/1.1" 200 3210
2026-02-18 21:24:50,386 [INFO] spiders: 成功获取: https://www.news.cn/comments/20251105/a7160cd0126d48d385e7c059bb217719/c.html (状态码: 200)
2026-02-18 21:24:50,396 [DEBUG] spiders: 成功获取详情: 新华网视评｜拿AI编造案例当诉讼依据，荒唐！
2026-02-18 21:24:50,397 [DEBUG] spiders: 请求URL: https://www.news.cn/comments/20251104/eaa20b0144744d7aa0096c2654fb1541/c.html (尝试 1/3)
2026-02-18 21:24:50,502 [DEBUG] urllib3.connectionpool: https://www.news.cn:443 "GET /comments/20251104/eaa20b0144744d7aa0096c2654fb1541/c.html HTTP/1.1" 200 3281
2026-02-18 21:24:50,503 [INFO] spiders: 成功获取: https://www.news.cn/comments/20251104/eaa20b0144744d7aa0096c2654fb1541/c.html (状态码: 200)
2026-02-18 21:24:50,507 [DEBUG] spiders: 成功获取详情: 新华网视评｜公共服务怎能给商业广告“让路”
2026-02-18 21:24:50,507 [DEBUG] spiders: 请求URL: https://www.news.cn/comments/20251030/bc44015020d0463b86796b5f461849e8/c.html (尝试 1/3)
2026-02-18 21:24:50,617 [DEBUG] urllib3.connectionpool: https://www.news.cn:443 "GET /comments/20251030/bc44015020d0463b86796b5f461849e8/c.html HTTP/1.1" 200 3436
2026-02-18 21:24:50,617 [INFO] spiders: 成功获取: https://www.news.cn/comments/20251030/bc44015020d0463b86796b5f461849e8/c.html (状态码: 200)
2026-02-18 21:24:50,622 [DEBUG] spiders: 成功获取详情: 新华网视评｜私域直播岂能变成“坑老”陷阱
2026-02-18 21:24:50,622 [DEBUG] spiders: 请求URL: https://www.news.cn/comments/20251024/cd2ae190abe749739ab1f45bd4c6333e/c.html (尝试 1/3)
2026-02-18 21:24:50,770 [DEBUG] urllib3.connectionpool: https://www.news.cn:443 "GET /comments/20251024/cd2ae190abe749739ab1f45bd4c6333e/c.html HTTP/1.1" 200 3248
2026-02-18 21:24:50,770 [INFO] spiders: 成功获取: https://www.news.cn/comments/20251024/cd2ae190abe749739ab1f45bd4c6333e/c.html (状态码: 200)
2026-02-18 21:24:50,775 [DEBUG] spiders: 成功获取详情: 新华网视评︱要有“卷尺哥”，更要有“听劝局”
2026-02-18 21:24:50,775 [DEBUG] spiders: 请求URL: https://www.news.cn/comments/20251016/338594fb7dcb429c90999b27a1b87c2b/c.html (尝试 1/3)
2026-02-18 21:24:50,877 [DEBUG] urllib3.connectionpool: https://www.news.cn:443 "GET /comments/20251016/338594fb7dcb429c90999b27a1b87c2b/c.html HTTP/1.1" 200 3239
2026-02-18 21:24:50,877 [INFO] spiders: 成功获取: https://www.news.cn/comments/20251016/338594fb7dcb429c90999b27a1b87c2b/c.html (状态码: 200)
2026-02-18 21:24:50,881 [DEBUG] spiders: 成功获取详情: 新华网视评｜主食浪费，触目惊心
2026-02-18 21:24:50,882 [INFO] __main__:   进度: 35/194
2026-02-18 21:24:50,883 [DEBUG] spiders: 请求URL: https://www.news.cn/comments/20251015/9c038263aed24813b93073f21fa99b89/c.html (尝试 1/3)
2026-02-18 21:24:51,116 [DEBUG] urllib3.connectionpool: https://www.news.cn:443 "GET /comments/20251015/9c038263aed24813b93073f21fa99b89/c.html HTTP/1.1" 200 3333
2026-02-18 21:24:51,116 [INFO] spiders: 成功获取: https://www.news.cn/comments/20251015/9c038263aed24813b93073f21fa99b89/c.html (状态码: 200)
2026-02-18 21:24:51,121 [DEBUG] spiders: 成功获取详情: 新华网视评｜“仪式感”不是浪费的遮羞布
2026-02-18 21:24:51,121 [DEBUG] spiders: 请求URL: https://www.news.cn/comments/20251014/1cb6b202b6324678888447ecc481c934/c.html (尝试 1/3)
2026-02-18 21:24:51,293 [DEBUG] urllib3.connectionpool: https://www.news.cn:443 "GET /comments/20251014/1cb6b202b6324678888447ecc481c934/c.html HTTP/1.1" 200 3504
2026-02-18 21:24:51,293 [INFO] spiders: 成功获取: https://www.news.cn/comments/20251014/1cb6b202b6324678888447ecc481c934/c.html (状态码: 200)
2026-02-18 21:24:51,298 [DEBUG] spiders: 成功获取详情: 新华网视评｜别让外卖“满减”成“浪费”
2026-02-18 21:24:51,298 [DEBUG] spiders: 请求URL: https://www.news.cn/comments/20251013/4a4e0cd2c97a477ebf402f2b911855b7/c.html (尝试 1/3)
2026-02-18 21:24:51,395 [DEBUG] urllib3.connectionpool: https://www.news.cn:443 "GET /comments/20251013/4a4e0cd2c97a477ebf402f2b911855b7/c.html HTTP/1.1" 200 3393
2026-02-18 21:24:51,395 [INFO] spiders: 成功获取: https://www.news.cn/comments/20251013/4a4e0cd2c97a477ebf402f2b911855b7/c.html (状态码: 200)
2026-02-18 21:24:51,400 [DEBUG] spiders: 成功获取详情: 新华网视评｜坚决刹住“AI换装”亵渎军警形象这股歪风
2026-02-18 21:24:51,400 [DEBUG] spiders: 请求URL: https://www.news.cn/comments/20251012/b5ce28fbd2fc441085c5030c30329805/c.html (尝试 1/3)
2026-02-18 21:24:51,513 [DEBUG] urllib3.connectionpool: https://www.news.cn:443 "GET /comments/20251012/b5ce28fbd2fc441085c5030c30329805/c.html HTTP/1.1" 200 3235
2026-02-18 21:24:51,514 [INFO] spiders: 成功获取: https://www.news.cn/comments/20251012/b5ce28fbd2fc441085c5030c30329805/c.html (状态码: 200)
2026-02-18 21:24:51,518 [DEBUG] spiders: 成功获取详情: 新华网视评｜必须撕开“伪正能量”的遮羞布
2026-02-18 21:24:51,519 [DEBUG] spiders: 请求URL: https://www.news.cn/comments/20251010/fef123988a7b4d44bb2820bcaf00a1a3/c.html (尝试 1/3)
2026-02-18 21:24:51,613 [DEBUG] urllib3.connectionpool: https://www.news.cn:443 "GET /comments/20251010/fef123988a7b4d44bb2820bcaf00a1a3/c.html HTTP/1.1" 200 3461
2026-02-18 21:24:51,613 [INFO] spiders: 成功获取: https://www.news.cn/comments/20251010/fef123988a7b4d44bb2820bcaf00a1a3/c.html (状态码: 200)
2026-02-18 21:24:51,618 [DEBUG] spiders: 成功获取详情: 新华网视评｜破解假日充电难需要新思维
2026-02-18 21:24:51,618 [INFO] __main__:   进度: 40/194
2026-02-18 21:24:51,619 [DEBUG] spiders: 请求URL: https://www.news.cn/comments/20251001/2ed991d92d2f4d25bbf01df81e949ac7/c.html (尝试 1/3)
2026-02-18 21:24:51,753 [DEBUG] urllib3.connectionpool: https://www.news.cn:443 "GET /comments/20251001/2ed991d92d2f4d25bbf01df81e949ac7/c.html HTTP/1.1" 200 3230
2026-02-18 21:24:51,753 [INFO] spiders: 成功获取: https://www.news.cn/comments/20251001/2ed991d92d2f4d25bbf01df81e949ac7/c.html (状态码: 200)
2026-02-18 21:24:51,758 [DEBUG] spiders: 成功获取详情: 新华网视评｜靠“智驾神器”，无异于“智障行为”
2026-02-18 21:24:51,758 [DEBUG] spiders: 请求URL: https://www.news.cn/comments/20250925/53655b0e295749f89dc570c916899a5c/c.html (尝试 1/3)
2026-02-18 21:24:51,906 [DEBUG] urllib3.connectionpool: https://www.news.cn:443 "GET /comments/20250925/53655b0e295749f89dc570c916899a5c/c.html HTTP/1.1" 200 3221
2026-02-18 21:24:51,907 [INFO] spiders: 成功获取: https://www.news.cn/comments/20250925/53655b0e295749f89dc570c916899a5c/c.html (状态码: 200)
2026-02-18 21:24:51,911 [DEBUG] spiders: 成功获取详情: 新华网视评｜节假日不能是“宰客日”
2026-02-18 21:24:51,911 [DEBUG] spiders: 请求URL: https://www.news.cn/comments/20250918/d0dcc27b937f42d4b43a7fa1b3bca29e/c.html (尝试 1/3)
2026-02-18 21:24:52,072 [DEBUG] urllib3.connectionpool: https://www.news.cn:443 "GET /comments/20250918/d0dcc27b937f42d4b43a7fa1b3bca29e/c.html HTTP/1.1" 200 3171
2026-02-18 21:24:52,072 [INFO] spiders: 成功获取: https://www.news.cn/comments/20250918/d0dcc27b937f42d4b43a7fa1b3bca29e/c.html (状态码: 200)
2026-02-18 21:24:52,077 [DEBUG] spiders: 成功获取详情: 新华网视评｜“柴怼怼”们栽得不冤！
2026-02-18 21:24:52,077 [DEBUG] spiders: 请求URL: https://www.news.cn/comments/20250916/dc504729c6bb44f9974ef3a9c804ab14/c.html (尝试 1/3)
2026-02-18 21:24:52,180 [DEBUG] urllib3.connectionpool: https://www.news.cn:443 "GET /comments/20250916/dc504729c6bb44f9974ef3a9c804ab14/c.html HTTP/1.1" 200 3062
2026-02-18 21:24:52,180 [INFO] spiders: 成功获取: https://www.news.cn/comments/20250916/dc504729c6bb44f9974ef3a9c804ab14/c.html (状态码: 200)
2026-02-18 21:24:52,185 [DEBUG] spiders: 成功获取详情: 新华网视评｜警服不是流量道具
2026-02-18 21:24:52,185 [DEBUG] spiders: 请求URL: https://www.news.cn/comments/20250909/a57e353511d14909a0ac1dc2daef8342/c.html (尝试 1/3)
2026-02-18 21:24:52,295 [DEBUG] urllib3.connectionpool: https://www.news.cn:443 "GET /comments/20250909/a57e353511d14909a0ac1dc2daef8342/c.html HTTP/1.1" 200 3556
2026-02-18 21:24:52,295 [INFO] spiders: 成功获取: https://www.news.cn/comments/20250909/a57e353511d14909a0ac1dc2daef8342/c.html (状态码: 200)
2026-02-18 21:24:52,300 [DEBUG] spiders: 成功获取详情: 新华网视评｜AI岂能成为形式主义的“帮手”
2026-02-18 21:24:52,300 [INFO] __main__:   进度: 45/194
2026-02-18 21:24:52,300 [DEBUG] spiders: 请求URL: https://www.news.cn/comments/20250829/8b419ce8ea6746beab2d03def3d8004c/c.html (尝试 1/3)
2026-02-18 21:24:52,440 [DEBUG] urllib3.connectionpool: https://www.news.cn:443 "GET /comments/20250829/8b419ce8ea6746beab2d03def3d8004c/c.html HTTP/1.1" 200 3280
2026-02-18 21:24:52,441 [INFO] spiders: 成功获取: https://www.news.cn/comments/20250829/8b419ce8ea6746beab2d03def3d8004c/c.html (状态码: 200)
2026-02-18 21:24:52,446 [DEBUG] spiders: 成功获取详情: 新华网视评｜别给骗子进入家长群大开方便之门
2026-02-18 21:24:52,446 [DEBUG] spiders: 请求URL: https://www.news.cn/comments/20250827/357666874a25467fad7f002bfc0fedff/c.html (尝试 1/3)
2026-02-18 21:24:52,581 [DEBUG] urllib3.connectionpool: https://www.news.cn:443 "GET /comments/20250827/357666874a25467fad7f002bfc0fedff/c.html HTTP/1.1" 200 3481
2026-02-18 21:24:52,581 [INFO] spiders: 成功获取: https://www.news.cn/comments/20250827/357666874a25467fad7f002bfc0fedff/c.html (状态码: 200)
2026-02-18 21:24:52,585 [DEBUG] spiders: 成功获取详情: 新华网视评｜任性冒险浪费公共资源，该罚！
2026-02-18 21:24:52,586 [DEBUG] spiders: 请求URL: https://www.news.cn/comments/20250811/59a28abe357c443a8c48b9ad0966ec4e/c.html (尝试 1/3)
2026-02-18 21:24:52,686 [DEBUG] urllib3.connectionpool: https://www.news.cn:443 "GET /comments/20250811/59a28abe357c443a8c48b9ad0966ec4e/c.html HTTP/1.1" 200 3386
2026-02-18 21:24:52,687 [INFO] spiders: 成功获取: https://www.news.cn/comments/20250811/59a28abe357c443a8c48b9ad0966ec4e/c.html (状态码: 200)
2026-02-18 21:24:52,691 [DEBUG] spiders: 成功获取详情: 新华网视评｜防范“育儿补贴”骗局，需要工作透明度
2026-02-18 21:24:52,692 [DEBUG] spiders: 请求URL: https://www.news.cn/comments/20250807/509903bbdd8f47058e778a08be30f27b/c.html (尝试 1/3)
2026-02-18 21:24:52,787 [DEBUG] urllib3.connectionpool: https://www.news.cn:443 "GET /comments/20250807/509903bbdd8f47058e778a08be30f27b/c.html HTTP/1.1" 200 3390
2026-02-18 21:24:52,787 [INFO] spiders: 成功获取: https://www.news.cn/comments/20250807/509903bbdd8f47058e778a08be30f27b/c.html (状态码: 200)
2026-02-18 21:24:52,793 [DEBUG] spiders: 成功获取详情: 新华网视评｜认证竟靠“3C贴纸”，在糊弄谁？
2026-02-18 21:24:52,793 [DEBUG] spiders: 请求URL: https://www.news.cn/comments/20250730/a7b6eed9ba6d47aeafa5773798d4a1d4/c.html (尝试 1/3)
2026-02-18 21:24:52,931 [DEBUG] urllib3.connectionpool: https://www.news.cn:443 "GET /comments/20250730/a7b6eed9ba6d47aeafa5773798d4a1d4/c.html HTTP/1.1" 200 3269
2026-02-18 21:24:52,931 [INFO] spiders: 成功获取: https://www.news.cn/comments/20250730/a7b6eed9ba6d47aeafa5773798d4a1d4/c.html (状态码: 200)
2026-02-18 21:24:52,936 [DEBUG] spiders: 成功获取详情: 新华网视评｜坚决打击汛情谣言
2026-02-18 21:24:52,936 [INFO] __main__:   进度: 50/194
2026-02-18 21:24:52,936 [DEBUG] spiders: 请求URL: https://www.news.cn/comments/20250725/4a905c90bc53452098221f7bcabbede9/c.html (尝试 1/3)
2026-02-18 21:24:53,036 [DEBUG] urllib3.connectionpool: https://www.news.cn:443 "GET /comments/20250725/4a905c90bc53452098221f7bcabbede9/c.html HTTP/1.1" 200 3151
2026-02-18 21:24:53,036 [INFO] spiders: 成功获取: https://www.news.cn/comments/20250725/4a905c90bc53452098221f7bcabbede9/c.html (状态码: 200)
2026-02-18 21:24:53,041 [DEBUG] spiders: 成功获取详情: 新华网视评｜“警情通报”也敢伪造？必须严惩
2026-02-18 21:24:53,041 [DEBUG] spiders: 请求URL: https://www.news.cn/comments/20250725/2d939592f7104dc0bc9a5e81ef51dc5c/c.html (尝试 1/3)
2026-02-18 21:24:53,179 [DEBUG] urllib3.connectionpool: https://www.news.cn:443 "GET /comments/20250725/2d939592f7104dc0bc9a5e81ef51dc5c/c.html HTTP/1.1" 200 3532
2026-02-18 21:24:53,179 [INFO] spiders: 成功获取: https://www.news.cn/comments/20250725/2d939592f7104dc0bc9a5e81ef51dc5c/c.html (状态码: 200)
2026-02-18 21:24:53,183 [DEBUG] spiders: 成功获取详情: 新华网视评｜期待外卖市场构建良性竞争格局
2026-02-18 21:24:53,183 [DEBUG] spiders: 请求URL: https://www.news.cn/comments/20250723/4e2abe3ef7aa42e0833dc5e6bc23c0a9/c.html (尝试 1/3)
2026-02-18 21:24:53,293 [DEBUG] urllib3.connectionpool: https://www.news.cn:443 "GET /comments/20250723/4e2abe3ef7aa42e0833dc5e6bc23c0a9/c.html HTTP/1.1" 200 3195
2026-02-18 21:24:53,294 [INFO] spiders: 成功获取: https://www.news.cn/comments/20250723/4e2abe3ef7aa42e0833dc5e6bc23c0a9/c.html (状态码: 200)
2026-02-18 21:24:53,300 [DEBUG] spiders: 成功获取详情: 新华网视评｜收费“向上取整”涉嫌变相加价
2026-02-18 21:24:53,300 [DEBUG] spiders: 请求URL: https://www.news.cn/comments/20250722/51031e84e5e847588fa15be8490b3d6e/c.html (尝试 1/3)
2026-02-18 21:24:53,395 [DEBUG] urllib3.connectionpool: https://www.news.cn:443 "GET /comments/20250722/51031e84e5e847588fa15be8490b3d6e/c.html HTTP/1.1" 200 3150
2026-02-18 21:24:53,395 [INFO] spiders: 成功获取: https://www.news.cn/comments/20250722/51031e84e5e847588fa15be8490b3d6e/c.html (状态码: 200)
2026-02-18 21:24:53,400 [DEBUG] spiders: 成功获取详情: 新华网视评｜青春之美无需太多“修整”
2026-02-18 21:24:53,400 [DEBUG] spiders: 请求URL: https://www.news.cn/comments/20250719/0f61832435c9448db9b44501a199c86f/c.html (尝试 1/3)
2026-02-18 21:24:53,491 [DEBUG] urllib3.connectionpool: https://www.news.cn:443 "GET /comments/20250719/0f61832435c9448db9b44501a199c86f/c.html HTTP/1.1" 200 3224
2026-02-18 21:24:53,491 [INFO] spiders: 成功获取: https://www.news.cn/comments/20250719/0f61832435c9448db9b44501a199c86f/c.html (状态码: 200)
2026-02-18 21:24:53,496 [DEBUG] spiders: 成功获取详情: 新华网视评｜恶意炮制“人猴大战”，用心险恶
2026-02-18 21:24:53,496 [INFO] __main__:   进度: 55/194
2026-02-18 21:24:53,496 [DEBUG] spiders: 请求URL: https://www.news.cn/comments/20250718/4729e282ea8c4bcab19c9446524657cc/c.html (尝试 1/3)
2026-02-18 21:24:53,752 [DEBUG] urllib3.connectionpool: https://www.news.cn:443 "GET /comments/20250718/4729e282ea8c4bcab19c9446524657cc/c.html HTTP/1.1" 200 3064
2026-02-18 21:24:53,753 [INFO] spiders: 成功获取: https://www.news.cn/comments/20250718/4729e282ea8c4bcab19c9446524657cc/c.html (状态码: 200)
2026-02-18 21:24:53,758 [DEBUG] spiders: 成功获取详情: 新华网视评｜官方通报贵在及时
2026-02-18 21:24:53,758 [DEBUG] spiders: 请求URL: https://www.news.cn/comments/20250714/1dcf17724a9d477ba4544e370b40535c/c.html (尝试 1/3)
2026-02-18 21:24:53,853 [DEBUG] urllib3.connectionpool: https://www.news.cn:443 "GET /comments/20250714/1dcf17724a9d477ba4544e370b40535c/c.html HTTP/1.1" 200 3431
2026-02-18 21:24:53,854 [INFO] spiders: 成功获取: https://www.news.cn/comments/20250714/1dcf17724a9d477ba4544e370b40535c/c.html (状态码: 200)
2026-02-18 21:24:53,859 [DEBUG] spiders: 成功获取详情: 新华网视评｜坚决打击网络谣言
2026-02-18 21:24:53,859 [DEBUG] spiders: 请求URL: https://www.news.cn/comments/20250705/e5d0671add744ca593c94d3a0e4c88be/c.html (尝试 1/3)
2026-02-18 21:24:54,004 [DEBUG] urllib3.connectionpool: https://www.news.cn:443 "GET /comments/20250705/e5d0671add744ca593c94d3a0e4c88be/c.html HTTP/1.1" 200 3339
2026-02-18 21:24:54,005 [INFO] spiders: 成功获取: https://www.news.cn/comments/20250705/e5d0671add744ca593c94d3a0e4c88be/c.html (状态码: 200)
2026-02-18 21:24:54,009 [DEBUG] spiders: 成功获取详情: 新华网视评｜警惕“吃谷”低龄化
2026-02-18 21:24:54,010 [DEBUG] spiders: 请求URL: https://www.news.cn/comments/20250703/999ed164a4ee40cbb4f60eab99089bf9/c.html (尝试 1/3)
2026-02-18 21:24:54,113 [DEBUG] urllib3.connectionpool: https://www.news.cn:443 "GET /comments/20250703/999ed164a4ee40cbb4f60eab99089bf9/c.html HTTP/1.1" 200 3499
2026-02-18 21:24:54,113 [INFO] spiders: 成功获取: https://www.news.cn/comments/20250703/999ed164a4ee40cbb4f60eab99089bf9/c.html (状态码: 200)
2026-02-18 21:24:54,118 [DEBUG] spiders: 成功获取详情: 新华网视评｜谁给伪专家开了“绿灯”？
2026-02-18 21:24:54,118 [DEBUG] spiders: 请求URL: https://www.news.cn/comments/20250702/e6b0b09c904943d4ab455471aa2853d9/c.html (尝试 1/3)
2026-02-18 21:24:54,456 [DEBUG] urllib3.connectionpool: https://www.news.cn:443 "GET /comments/20250702/e6b0b09c904943d4ab455471aa2853d9/c.html HTTP/1.1" 200 3665
2026-02-18 21:24:54,456 [INFO] spiders: 成功获取: https://www.news.cn/comments/20250702/e6b0b09c904943d4ab455471aa2853d9/c.html (状态码: 200)
2026-02-18 21:24:54,461 [DEBUG] spiders: 成功获取详情: 新华网视评｜大学校园向公众开放咋就这么难？
2026-02-18 21:24:54,461 [INFO] __main__:   进度: 60/194
2026-02-18 21:24:54,461 [DEBUG] spiders: 请求URL: https://www.news.cn/comments/20250628/3b608ecc75c44cac885844b9d92e1822/c.html (尝试 1/3)
2026-02-18 21:24:54,607 [DEBUG] urllib3.connectionpool: https://www.news.cn:443 "GET /comments/20250628/3b608ecc75c44cac885844b9d92e1822/c.html HTTP/1.1" 200 3134
2026-02-18 21:24:54,607 [INFO] spiders: 成功获取: https://www.news.cn/comments/20250628/3b608ecc75c44cac885844b9d92e1822/c.html (状态码: 200)
2026-02-18 21:24:54,612 [DEBUG] spiders: 成功获取详情: 新华网视评｜严肃的抗战历史岂容恶搞
2026-02-18 21:24:54,612 [DEBUG] spiders: 请求URL: https://www.news.cn/comments/20250627/25c1524cae8c40d3b0490ae81ba42f64/c.html (尝试 1/3)
2026-02-18 21:24:54,720 [DEBUG] urllib3.connectionpool: https://www.news.cn:443 "GET /comments/20250627/25c1524cae8c40d3b0490ae81ba42f64/c.html HTTP/1.1" 200 3284
2026-02-18 21:24:54,721 [INFO] spiders: 成功获取: https://www.news.cn/comments/20250627/25c1524cae8c40d3b0490ae81ba42f64/c.html (状态码: 200)
2026-02-18 21:24:54,726 [DEBUG] spiders: 成功获取详情: 新华网视评｜制止无底线吃播，平台责无旁贷
2026-02-18 21:24:54,726 [DEBUG] spiders: 请求URL: https://www.news.cn/comments/20250617/98286cbba95649cc97218b62a1f29ddc/c.html (尝试 1/3)
2026-02-18 21:24:54,818 [DEBUG] urllib3.connectionpool: https://www.news.cn:443 "GET /comments/20250617/98286cbba95649cc97218b62a1f29ddc/c.html HTTP/1.1" 200 3363
2026-02-18 21:24:54,818 [INFO] spiders: 成功获取: https://www.news.cn/comments/20250617/98286cbba95649cc97218b62a1f29ddc/c.html (状态码: 200)
2026-02-18 21:24:54,822 [DEBUG] spiders: 成功获取详情: 新华网视评｜检测报告岂能沦为三无产品的“遮羞布”
2026-02-18 21:24:54,823 [DEBUG] spiders: 请求URL: https://www.news.cn/comments/20250613/89db63140e3849418ca3b71a29920b42/c.html (尝试 1/3)
2026-02-18 21:24:54,977 [DEBUG] urllib3.connectionpool: https://www.news.cn:443 "GET /comments/20250613/89db63140e3849418ca3b71a29920b42/c.html HTTP/1.1" 200 6071
2026-02-18 21:24:54,978 [INFO] spiders: 成功获取: https://www.news.cn/comments/20250613/89db63140e3849418ca3b71a29920b42/c.html (状态码: 200)
2026-02-18 21:24:54,988 [DEBUG] spiders: 成功获取详情: 新华网视评｜我们需要怎样的创新，新华网连发三评
2026-02-18 21:24:54,988 [DEBUG] spiders: 请求URL: https://www.news.cn/comments/20250612/c165c0546c344909bc2168a2a7c2249a/c.html (尝试 1/3)
2026-02-18 21:24:55,119 [DEBUG] urllib3.connectionpool: https://www.news.cn:443 "GET /comments/20250612/c165c0546c344909bc2168a2a7c2249a/c.html HTTP/1.1" 200 3335
2026-02-18 21:24:55,120 [INFO] spiders: 成功获取: https://www.news.cn/comments/20250612/c165c0546c344909bc2168a2a7c2249a/c.html (状态码: 200)
2026-02-18 21:24:55,124 [DEBUG] spiders: 成功获取详情: 新华网视评｜“谁红蹭谁”的闹剧该终结了！
2026-02-18 21:24:55,124 [INFO] __main__:   进度: 65/194
2026-02-18 21:24:55,125 [DEBUG] spiders: 请求URL: https://www.news.cn/comments/20250610/4cb835437fd341479b4f999e6880d2e0/c.html (尝试 1/3)
2026-02-18 21:24:55,268 [DEBUG] urllib3.connectionpool: https://www.news.cn:443 "GET /comments/20250610/4cb835437fd341479b4f999e6880d2e0/c.html HTTP/1.1" 200 3889
2026-02-18 21:24:55,268 [INFO] spiders: 成功获取: https://www.news.cn/comments/20250610/4cb835437fd341479b4f999e6880d2e0/c.html (状态码: 200)
2026-02-18 21:24:55,273 [DEBUG] spiders: 成功获取详情: 新华网视评｜期待奇迹，也要校准预期
2026-02-18 21:24:55,273 [DEBUG] spiders: 请求URL: https://www.news.cn/comments/20250607/e60d0b70e0804942ad437e8a5daa8963/c.html (尝试 1/3)
2026-02-18 21:24:55,376 [DEBUG] urllib3.connectionpool: https://www.news.cn:443 "GET /comments/20250607/e60d0b70e0804942ad437e8a5daa8963/c.html HTTP/1.1" 200 3379
2026-02-18 21:24:55,377 [INFO] spiders: 成功获取: https://www.news.cn/comments/20250607/e60d0b70e0804942ad437e8a5daa8963/c.html (状态码: 200)
2026-02-18 21:24:55,381 [DEBUG] spiders: 成功获取详情: 新华网视评｜赞美成功，还需宽容失败
2026-02-18 21:24:55,381 [DEBUG] spiders: 请求URL: https://www.news.cn/comments/20250606/cc16bff96e2c43bf8f2e19a05c644a8c/c.html (尝试 1/3)
2026-02-18 21:24:55,497 [DEBUG] urllib3.connectionpool: https://www.news.cn:443 "GET /comments/20250606/cc16bff96e2c43bf8f2e19a05c644a8c/c.html HTTP/1.1" 200 3797
2026-02-18 21:24:55,498 [INFO] spiders: 成功获取: https://www.news.cn/comments/20250606/cc16bff96e2c43bf8f2e19a05c644a8c/c.html (状态码: 200)
2026-02-18 21:24:55,503 [DEBUG] spiders: 成功获取详情: 新华网视评｜等待观望，不如放手快干
2026-02-18 21:24:55,503 [DEBUG] spiders: 请求URL: https://www.news.cn/comments/20250607/b64050cf8b204d2ab54a0d906b095b85/c.html (尝试 1/3)
2026-02-18 21:24:55,648 [DEBUG] urllib3.connectionpool: https://www.news.cn:443 "GET /comments/20250607/b64050cf8b204d2ab54a0d906b095b85/c.html HTTP/1.1" 200 3310
2026-02-18 21:24:55,648 [INFO] spiders: 成功获取: https://www.news.cn/comments/20250607/b64050cf8b204d2ab54a0d906b095b85/c.html (状态码: 200)
2026-02-18 21:24:55,653 [DEBUG] spiders: 成功获取详情: 新华网视评｜杜绝“毒玩具”，这事得抓紧
2026-02-18 21:24:55,653 [DEBUG] spiders: 请求URL: https://www.news.cn/comments/20250606/261bbe59df3f42a9bbafcb6f5632b24d/c.html (尝试 1/3)
2026-02-18 21:24:55,765 [DEBUG] urllib3.connectionpool: https://www.news.cn:443 "GET /comments/20250606/261bbe59df3f42a9bbafcb6f5632b24d/c.html HTTP/1.1" 200 3457
2026-02-18 21:24:55,766 [INFO] spiders: 成功获取: https://www.news.cn/comments/20250606/261bbe59df3f42a9bbafcb6f5632b24d/c.html (状态码: 200)
2026-02-18 21:24:55,770 [DEBUG] spiders: 成功获取详情: 新华网视评｜莫拿商标文字游戏套路消费者
2026-02-18 21:24:55,771 [INFO] __main__:   进度: 70/194
2026-02-18 21:24:55,771 [DEBUG] spiders: 请求URL: https://www.news.cn/comments/20250521/2691127ad728426bb41e3d974279b3bf/c.html (尝试 1/3)
2026-02-18 21:24:55,855 [DEBUG] urllib3.connectionpool: https://www.news.cn:443 "GET /comments/20250521/2691127ad728426bb41e3d974279b3bf/c.html HTTP/1.1" 200 3296
2026-02-18 21:24:55,855 [INFO] spiders: 成功获取: https://www.news.cn/comments/20250521/2691127ad728426bb41e3d974279b3bf/c.html (状态码: 200)
2026-02-18 21:24:55,861 [DEBUG] spiders: 成功获取详情: 新华网视评｜攫取用户隐私终将玩火自焚
2026-02-18 21:24:55,861 [DEBUG] spiders: 请求URL: https://www.news.cn/comments/20250516/c33fed8706214bc08241dfbbd0015a4c/c.html (尝试 1/3)
2026-02-18 21:24:56,086 [DEBUG] urllib3.connectionpool: https://www.news.cn:443 "GET /comments/20250516/c33fed8706214bc08241dfbbd0015a4c/c.html HTTP/1.1" 200 3353
2026-02-18 21:24:56,086 [INFO] spiders: 成功获取: https://www.news.cn/comments/20250516/c33fed8706214bc08241dfbbd0015a4c/c.html (状态码: 200)
2026-02-18 21:24:56,091 [DEBUG] spiders: 成功获取详情: 新华网视评｜任何创新设计，不能偏离安全底线
2026-02-18 21:24:56,091 [DEBUG] spiders: 请求URL: https://www.news.cn/comments/20250515/26e41a13247245ae9d50288a9a01ae75/c.html (尝试 1/3)
2026-02-18 21:24:56,191 [DEBUG] urllib3.connectionpool: https://www.news.cn:443 "GET /comments/20250515/26e41a13247245ae9d50288a9a01ae75/c.html HTTP/1.1" 200 3370
2026-02-18 21:24:56,191 [INFO] spiders: 成功获取: https://www.news.cn/comments/20250515/26e41a13247245ae9d50288a9a01ae75/c.html (状态码: 200)
2026-02-18 21:24:56,199 [DEBUG] spiders: 成功获取详情: 新华网视评｜带“病”的健康证怎能守护健康
2026-02-18 21:24:56,200 [DEBUG] spiders: 请求URL: https://www.news.cn/comments/20250514/2772e8f5b31845b2ac0fe6ccf5028260/c.html (尝试 1/3)
2026-02-18 21:24:56,302 [DEBUG] urllib3.connectionpool: https://www.news.cn:443 "GET /comments/20250514/2772e8f5b31845b2ac0fe6ccf5028260/c.html HTTP/1.1" 200 3074
2026-02-18 21:24:56,302 [INFO] spiders: 成功获取: https://www.news.cn/comments/20250514/2772e8f5b31845b2ac0fe6ccf5028260/c.html (状态码: 200)
2026-02-18 21:24:56,306 [DEBUG] spiders: 成功获取详情: 新华网视评｜如此明目张胆“吃拿卡要”，谁给的胆子？
2026-02-18 21:24:56,307 [DEBUG] spiders: 请求URL: https://www.news.cn/comments/20250513/d6649ff3d482488585cae2663d06c2de/c.html (尝试 1/3)
2026-02-18 21:24:56,428 [DEBUG] urllib3.connectionpool: https://www.news.cn:443 "GET /comments/20250513/d6649ff3d482488585cae2663d06c2de/c.html HTTP/1.1" 200 3449
2026-02-18 21:24:56,429 [INFO] spiders: 成功获取: https://www.news.cn/comments/20250513/d6649ff3d482488585cae2663d06c2de/c.html (状态码: 200)
2026-02-18 21:24:56,433 [DEBUG] spiders: 成功获取详情: 新华网视评｜叫停75万买299元路由器，还欠公众一个说法
2026-02-18 21:24:56,434 [INFO] __main__:   进度: 75/194
2026-02-18 21:24:56,434 [DEBUG] spiders: 请求URL: https://www.news.cn/comments/20250510/6ccfc2f072ce4e239bfe04640b70ee41/c.html (尝试 1/3)
2026-02-18 21:24:56,548 [DEBUG] urllib3.connectionpool: https://www.news.cn:443 "GET /comments/20250510/6ccfc2f072ce4e239bfe04640b70ee41/c.html HTTP/1.1" 200 3554
2026-02-18 21:24:56,548 [INFO] spiders: 成功获取: https://www.news.cn/comments/20250510/6ccfc2f072ce4e239bfe04640b70ee41/c.html (状态码: 200)
2026-02-18 21:24:56,554 [DEBUG] spiders: 成功获取详情: 新华网视评｜新职业新工种，开启无限可能！
2026-02-18 21:24:56,555 [DEBUG] spiders: 请求URL: https://www.news.cn/comments/20250509/21ec4bf75be14233a60facf5d45ec40d/c.html (尝试 1/3)
2026-02-18 21:24:56,692 [DEBUG] urllib3.connectionpool: https://www.news.cn:443 "GET /comments/20250509/21ec4bf75be14233a60facf5d45ec40d/c.html HTTP/1.1" 200 3677
2026-02-18 21:24:56,692 [INFO] spiders: 成功获取: https://www.news.cn/comments/20250509/21ec4bf75be14233a60facf5d45ec40d/c.html (状态码: 200)
2026-02-18 21:24:56,697 [DEBUG] spiders: 成功获取详情: 新华网视评｜无人机任性“黑飞” 为何管不住？
2026-02-18 21:24:56,697 [DEBUG] spiders: 请求URL: https://www.news.cn/comments/20250429/8635bcdb614a4e28a078747e7e63c607/c.html (尝试 1/3)
2026-02-18 21:24:56,828 [DEBUG] urllib3.connectionpool: https://www.news.cn:443 "GET /comments/20250429/8635bcdb614a4e28a078747e7e63c607/c.html HTTP/1.1" 200 3288
2026-02-18 21:24:56,828 [INFO] spiders: 成功获取: https://www.news.cn/comments/20250429/8635bcdb614a4e28a078747e7e63c607/c.html (状态码: 200)
2026-02-18 21:24:56,834 [DEBUG] spiders: 成功获取详情: 新华网视评｜决不给“面子工程”留面子
2026-02-18 21:24:56,834 [DEBUG] spiders: 请求URL: https://www.news.cn/comments/20250417/684dbe3106524d8aac50497ba9a18de9/c.html (尝试 1/3)
2026-02-18 21:24:56,967 [DEBUG] urllib3.connectionpool: https://www.news.cn:443 "GET /comments/20250417/684dbe3106524d8aac50497ba9a18de9/c.html HTTP/1.1" 200 3428
2026-02-18 21:24:56,968 [INFO] spiders: 成功获取: https://www.news.cn/comments/20250417/684dbe3106524d8aac50497ba9a18de9/c.html (状态码: 200)
2026-02-18 21:24:56,972 [DEBUG] spiders: 成功获取详情: 新华网视评｜既要“看家神器”，更要邻里和谐
2026-02-18 21:24:56,972 [DEBUG] spiders: 请求URL: https://www.news.cn/comments/20250416/cab4ef0a638b4ddd845e6f17228fa52a/c.html (尝试 1/3)
2026-02-18 21:24:57,080 [DEBUG] urllib3.connectionpool: https://www.news.cn:443 "GET /comments/20250416/cab4ef0a638b4ddd845e6f17228fa52a/c.html HTTP/1.1" 200 3404
2026-02-18 21:24:57,080 [INFO] spiders: 成功获取: https://www.news.cn/comments/20250416/cab4ef0a638b4ddd845e6f17228fa52a/c.html (状态码: 200)
2026-02-18 21:24:57,085 [DEBUG] spiders: 成功获取详情: 新华网视评｜堵住公共摄像头“数据祼奔”的漏洞
2026-02-18 21:24:57,085 [INFO] __main__:   进度: 80/194
2026-02-18 21:24:57,085 [DEBUG] spiders: 请求URL: https://www.news.cn/comments/20250415/67dab00fb8d349fd98ea9fadd2e97b0d/c.html (尝试 1/3)
2026-02-18 21:24:57,271 [DEBUG] urllib3.connectionpool: https://www.news.cn:443 "GET /comments/20250415/67dab00fb8d349fd98ea9fadd2e97b0d/c.html HTTP/1.1" 200 3414
2026-02-18 21:24:57,271 [INFO] spiders: 成功获取: https://www.news.cn/comments/20250415/67dab00fb8d349fd98ea9fadd2e97b0d/c.html (状态码: 200)
2026-02-18 21:24:57,276 [DEBUG] spiders: 成功获取详情: 新华网视评｜为监控摄像头安装划定“红线”
2026-02-18 21:24:57,276 [DEBUG] spiders: 请求URL: https://www.news.cn/comments/20250414/9ba8ad384e034386997684e1b906ecd2/c.html (尝试 1/3)
2026-02-18 21:24:57,383 [DEBUG] urllib3.connectionpool: https://www.news.cn:443 "GET /comments/20250414/9ba8ad384e034386997684e1b906ecd2/c.html HTTP/1.1" 200 3312
2026-02-18 21:24:57,383 [INFO] spiders: 成功获取: https://www.news.cn/comments/20250414/9ba8ad384e034386997684e1b906ecd2/c.html (状态码: 200)
2026-02-18 21:24:57,388 [DEBUG] spiders: 成功获取详情: 新华网视评｜权力岂能如此任性
2026-02-18 21:24:57,388 [DEBUG] spiders: 请求URL: https://www.news.cn/comments/20250402/5d9801413c6d4f45b96a9c44f511c2e4/c.html (尝试 1/3)
2026-02-18 21:24:57,548 [DEBUG] urllib3.connectionpool: https://www.news.cn:443 "GET /comments/20250402/5d9801413c6d4f45b96a9c44f511c2e4/c.html HTTP/1.1" 200 6246
2026-02-18 21:24:57,549 [INFO] spiders: 成功获取: https://www.news.cn/comments/20250402/5d9801413c6d4f45b96a9c44f511c2e4/c.html (状态码: 200)
2026-02-18 21:24:57,556 [DEBUG] spiders: 成功获取详情: 新华网视评丨整治基层形式主义，新华网连发三评
2026-02-18 21:24:57,556 [DEBUG] spiders: 请求URL: https://www.news.cn/comments/20250401/c8612c324b5243cfb99140ed2d451045/c.html (尝试 1/3)
2026-02-18 21:24:57,650 [DEBUG] urllib3.connectionpool: https://www.news.cn:443 "GET /comments/20250401/c8612c324b5243cfb99140ed2d451045/c.html HTTP/1.1" 200 3480
2026-02-18 21:24:57,651 [INFO] spiders: 成功获取: https://www.news.cn/comments/20250401/c8612c324b5243cfb99140ed2d451045/c.html (状态码: 200)
2026-02-18 21:24:57,656 [DEBUG] spiders: 成功获取详情: 新华网视评｜坚持“零容忍”，让卫生巾真正“卫生”起来
2026-02-18 21:24:57,656 [DEBUG] spiders: 请求URL: https://www.news.cn/comments/20250328/8a1e141801c94f00bb25bc137bc790a0/c.html (尝试 1/3)
2026-02-18 21:24:57,779 [DEBUG] urllib3.connectionpool: https://www.news.cn:443 "GET /comments/20250328/8a1e141801c94f00bb25bc137bc790a0/c.html HTTP/1.1" 200 3301
2026-02-18 21:24:57,780 [INFO] spiders: 成功获取: https://www.news.cn/comments/20250328/8a1e141801c94f00bb25bc137bc790a0/c.html (状态码: 200)
2026-02-18 21:24:57,784 [DEBUG] spiders: 成功获取详情: 新华网视评｜让“零添加”凉凉只是一个开始
2026-02-18 21:24:57,785 [INFO] __main__:   进度: 85/194
2026-02-18 21:24:57,785 [DEBUG] spiders: 请求URL: https://www.news.cn/comments/20250327/754608408a004c55998c2148b24e9b26/c.html (尝试 1/3)
2026-02-18 21:24:57,955 [DEBUG] urllib3.connectionpool: https://www.news.cn:443 "GET /comments/20250327/754608408a004c55998c2148b24e9b26/c.html HTTP/1.1" 200 3349
2026-02-18 21:24:57,955 [INFO] spiders: 成功获取: https://www.news.cn/comments/20250327/754608408a004c55998c2148b24e9b26/c.html (状态码: 200)
2026-02-18 21:24:57,960 [DEBUG] spiders: 成功获取详情: 新华网视评｜别让基层成为“无关摊派”的“背锅侠”
2026-02-18 21:24:57,960 [DEBUG] spiders: 请求URL: https://www.news.cn/comments/20250326/dbf39140930a42dc973b1899dc1d2bc8/c.html (尝试 1/3)
2026-02-18 21:24:58,069 [DEBUG] urllib3.connectionpool: https://www.news.cn:443 "GET /comments/20250326/dbf39140930a42dc973b1899dc1d2bc8/c.html HTTP/1.1" 200 3420
2026-02-18 21:24:58,070 [INFO] spiders: 成功获取: https://www.news.cn/comments/20250326/dbf39140930a42dc973b1899dc1d2bc8/c.html (状态码: 200)
2026-02-18 21:24:58,074 [DEBUG] spiders: 成功获取详情: 新华网视评｜从源头上减少滥发牌子行为
2026-02-18 21:24:58,074 [DEBUG] spiders: 请求URL: https://www.news.cn/comments/20250325/cce51aa0a5d544b693e121ec716efea9/c.html (尝试 1/3)
2026-02-18 21:24:58,184 [DEBUG] urllib3.connectionpool: https://www.news.cn:443 "GET /comments/20250325/cce51aa0a5d544b693e121ec716efea9/c.html HTTP/1.1" 200 3480
2026-02-18 21:24:58,184 [INFO] spiders: 成功获取: https://www.news.cn/comments/20250325/cce51aa0a5d544b693e121ec716efea9/c.html (状态码: 200)
2026-02-18 21:24:58,189 [DEBUG] spiders: 成功获取详情: 新华网视评｜调研何必“层层陪同”
2026-02-18 21:24:58,189 [DEBUG] spiders: 请求URL: https://www.news.cn/comments/20250320/254b1413ddd84d0c88e2c60d4ef99fee/c.html (尝试 1/3)
2026-02-18 21:24:58,554 [DEBUG] urllib3.connectionpool: https://www.news.cn:443 "GET /comments/20250320/254b1413ddd84d0c88e2c60d4ef99fee/c.html HTTP/1.1" 200 3452
2026-02-18 21:24:58,555 [INFO] spiders: 成功获取: https://www.news.cn/comments/20250320/254b1413ddd84d0c88e2c60d4ef99fee/c.html (状态码: 200)
2026-02-18 21:24:58,559 [DEBUG] spiders: 成功获取详情: 新华网视评｜当“开盒”“反开盒”成常态，还有谁能一笑而过？
2026-02-18 21:24:58,559 [DEBUG] spiders: 请求URL: https://www.news.cn/comments/20250316/49eae275ff72465bb56799f0691e1695/c.html (尝试 1/3)
2026-02-18 21:24:58,659 [DEBUG] urllib3.connectionpool: https://www.news.cn:443 "GET /comments/20250316/49eae275ff72465bb56799f0691e1695/c.html HTTP/1.1" 200 3417
2026-02-18 21:24:58,659 [INFO] spiders: 成功获取: https://www.news.cn/comments/20250316/49eae275ff72465bb56799f0691e1695/c.html (状态码: 200)
2026-02-18 21:24:58,664 [DEBUG] spiders: 成功获取详情: 新华网视评｜民宿何以成为“幽灵”？
2026-02-18 21:24:58,664 [INFO] __main__:   进度: 90/194
2026-02-18 21:24:58,664 [DEBUG] spiders: 请求URL: https://www.news.cn/comments/20250315/0f6bfe88a78247e29bd0e4028cff5596/c.html (尝试 1/3)
2026-02-18 21:24:58,800 [DEBUG] urllib3.connectionpool: https://www.news.cn:443 "GET /comments/20250315/0f6bfe88a78247e29bd0e4028cff5596/c.html HTTP/1.1" 200 3531
2026-02-18 21:24:58,800 [INFO] spiders: 成功获取: https://www.news.cn/comments/20250315/0f6bfe88a78247e29bd0e4028cff5596/c.html (状态码: 200)
2026-02-18 21:24:58,806 [DEBUG] spiders: 成功获取详情: 新华网视评｜岂能让“滤镜”产品拉低游客体验
2026-02-18 21:24:58,806 [DEBUG] spiders: 请求URL: https://www.news.cn/comments/20250314/edf0c08233a34a7b99375345f0473053/c.html (尝试 1/3)
2026-02-18 21:24:58,951 [DEBUG] urllib3.connectionpool: https://www.news.cn:443 "GET /comments/20250314/edf0c08233a34a7b99375345f0473053/c.html HTTP/1.1" 200 3422
2026-02-18 21:24:58,951 [INFO] spiders: 成功获取: https://www.news.cn/comments/20250314/edf0c08233a34a7b99375345f0473053/c.html (状态码: 200)
2026-02-18 21:24:58,958 [DEBUG] spiders: 成功获取详情: 新华网视评｜刹一刹加价选座这个“行业惯例”
2026-02-18 21:24:58,958 [DEBUG] spiders: 请求URL: https://www.news.cn/comments/20250310/aa13e6000efc4c2e971f9590e71fbb0f/c.html (尝试 1/3)
2026-02-18 21:24:59,084 [DEBUG] urllib3.connectionpool: https://www.news.cn:443 "GET /comments/20250310/aa13e6000efc4c2e971f9590e71fbb0f/c.html HTTP/1.1" 200 3465
2026-02-18 21:24:59,084 [INFO] spiders: 成功获取: https://www.news.cn/comments/20250310/aa13e6000efc4c2e971f9590e71fbb0f/c.html (状态码: 200)
2026-02-18 21:24:59,088 [DEBUG] spiders: 成功获取详情: 新华网视评｜“内卷式”竞争，“卷”不出未来！
2026-02-18 21:24:59,088 [DEBUG] spiders: 请求URL: https://www.news.cn/comments/20250310/7ca55a6664e344fc860f71801a8b4352/c.html (尝试 1/3)
2026-02-18 21:24:59,238 [DEBUG] urllib3.connectionpool: https://www.news.cn:443 "GET /comments/20250310/7ca55a6664e344fc860f71801a8b4352/c.html HTTP/1.1" 200 3069
2026-02-18 21:24:59,239 [INFO] spiders: 成功获取: https://www.news.cn/comments/20250310/7ca55a6664e344fc860f71801a8b4352/c.html (状态码: 200)
2026-02-18 21:24:59,242 [DEBUG] spiders: 成功获取详情: 新华网视评｜“AI换脸”不能想换谁就换谁
2026-02-18 21:24:59,242 [DEBUG] spiders: 请求URL: https://www.news.cn/comments/20250306/8fef97142d494aa4802b225ea4ea87fe/c.html (尝试 1/3)
2026-02-18 21:24:59,356 [DEBUG] urllib3.connectionpool: https://www.news.cn:443 "GET /comments/20250306/8fef97142d494aa4802b225ea4ea87fe/c.html HTTP/1.1" 200 3286
2026-02-18 21:24:59,356 [INFO] spiders: 成功获取: https://www.news.cn/comments/20250306/8fef97142d494aa4802b225ea4ea87fe/c.html (状态码: 200)
2026-02-18 21:24:59,360 [DEBUG] spiders: 成功获取详情: 新华网视评｜两会in话题：AI跑得这么快，人才咋跟上？
2026-02-18 21:24:59,360 [INFO] __main__:   进度: 95/194
2026-02-18 21:24:59,360 [DEBUG] spiders: 请求URL: https://www.news.cn/comments/20250220/196bf61d082b4b98acb9b0892c8e69f9/c.html (尝试 1/3)
2026-02-18 21:24:59,466 [DEBUG] urllib3.connectionpool: https://www.news.cn:443 "GET /comments/20250220/196bf61d082b4b98acb9b0892c8e69f9/c.html HTTP/1.1" 200 3428
2026-02-18 21:24:59,467 [INFO] spiders: 成功获取: https://www.news.cn/comments/20250220/196bf61d082b4b98acb9b0892c8e69f9/c.html (状态码: 200)
2026-02-18 21:24:59,472 [DEBUG] spiders: 成功获取详情: 新华网视评｜给网课“套娃式”收费“解套”
2026-02-18 21:24:59,472 [DEBUG] spiders: 请求URL: https://www.news.cn/comments/20250219/af928366607f482397f3b04e4664870a/c.html (尝试 1/3)
2026-02-18 21:24:59,607 [DEBUG] urllib3.connectionpool: https://www.news.cn:443 "GET /comments/20250219/af928366607f482397f3b04e4664870a/c.html HTTP/1.1" 200 3389
2026-02-18 21:24:59,608 [INFO] spiders: 成功获取: https://www.news.cn/comments/20250219/af928366607f482397f3b04e4664870a/c.html (状态码: 200)
2026-02-18 21:24:59,612 [DEBUG] spiders: 成功获取详情: 新华网视评｜“考试包过”涉嫌违法
2026-02-18 21:24:59,612 [DEBUG] spiders: 请求URL: https://www.news.cn/comments/20250218/67d98b7b313844a8a546a901c891d5cc/c.html (尝试 1/3)
2026-02-18 21:24:59,770 [DEBUG] urllib3.connectionpool: https://www.news.cn:443 "GET /comments/20250218/67d98b7b313844a8a546a901c891d5cc/c.html HTTP/1.1" 200 3443
2026-02-18 21:24:59,770 [INFO] spiders: 成功获取: https://www.news.cn/comments/20250218/67d98b7b313844a8a546a901c891d5cc/c.html (状态码: 200)
2026-02-18 21:24:59,782 [DEBUG] spiders: 成功获取详情: 新华网视评｜警惕以新技术贩卖焦虑
2026-02-18 21:24:59,782 [DEBUG] spiders: 请求URL: https://www.news.cn/comments/20250213/ccc9e47d403548d9be084be0c92d3447/c.html (尝试 1/3)
2026-02-18 21:24:59,971 [DEBUG] urllib3.connectionpool: https://www.news.cn:443 "GET /comments/20250213/ccc9e47d403548d9be084be0c92d3447/c.html HTTP/1.1" 200 3360
2026-02-18 21:24:59,971 [INFO] spiders: 成功获取: https://www.news.cn/comments/20250213/ccc9e47d403548d9be084be0c92d3447/c.html (状态码: 200)
2026-02-18 21:24:59,976 [DEBUG] spiders: 成功获取详情: 新华网视评｜绝不容许“神医”“神药”借“山寨报刊”下乡害人
2026-02-18 21:24:59,976 [DEBUG] spiders: 请求URL: https://www.news.cn/comments/20250208/12c0188d3e6044bd94cc42320b2f6874/c.html (尝试 1/3)
2026-02-18 21:25:00,142 [DEBUG] urllib3.connectionpool: https://www.news.cn:443 "GET /comments/20250208/12c0188d3e6044bd94cc42320b2f6874/c.html HTTP/1.1" 200 3613
2026-02-18 21:25:00,142 [INFO] spiders: 成功获取: https://www.news.cn/comments/20250208/12c0188d3e6044bd94cc42320b2f6874/c.html (状态码: 200)
2026-02-18 21:25:00,147 [DEBUG] spiders: 成功获取详情: 新华网视评｜中国动画电影何以踩上“风火轮”？
2026-02-18 21:25:00,147 [INFO] __main__:   进度: 100/194
2026-02-18 21:25:00,147 [DEBUG] spiders: 请求URL: https://www.news.cn/comments/20250207/807ee775ff9a4bb7a78f8c1dc79b60a2/c.html (尝试 1/3)
2026-02-18 21:25:00,255 [DEBUG] urllib3.connectionpool: https://www.news.cn:443 "GET /comments/20250207/807ee775ff9a4bb7a78f8c1dc79b60a2/c.html HTTP/1.1" 200 3340
2026-02-18 21:25:00,255 [INFO] spiders: 成功获取: https://www.news.cn/comments/20250207/807ee775ff9a4bb7a78f8c1dc79b60a2/c.html (状态码: 200)
2026-02-18 21:25:00,260 [DEBUG] spiders: 成功获取详情: 新华网视评｜痛别“国之脊梁”，他值得永远铭记
2026-02-18 21:25:00,260 [DEBUG] spiders: 请求URL: https://www.news.cn/comments/20250206/ebdc97a3664d497186e337cd91e1ee9e/c.html (尝试 1/3)
2026-02-18 21:25:00,380 [DEBUG] urllib3.connectionpool: https://www.news.cn:443 "GET /comments/20250206/ebdc97a3664d497186e337cd91e1ee9e/c.html HTTP/1.1" 200 3682
2026-02-18 21:25:00,380 [INFO] spiders: 成功获取: https://www.news.cn/comments/20250206/ebdc97a3664d497186e337cd91e1ee9e/c.html (状态码: 200)
2026-02-18 21:25:00,386 [DEBUG] spiders: 成功获取详情: 新华网视评｜新春消费“燃”力十足！
2026-02-18 21:25:00,386 [DEBUG] spiders: 请求URL: https://www.news.cn/comments/20250203/db5b0e7aa12c457bb1e1c569841fde77/c.html (尝试 1/3)
2026-02-18 21:25:00,591 [DEBUG] urllib3.connectionpool: https://www.news.cn:443 "GET /comments/20250203/db5b0e7aa12c457bb1e1c569841fde77/c.html HTTP/1.1" 200 3328
2026-02-18 21:25:00,591 [INFO] spiders: 成功获取: https://www.news.cn/comments/20250203/db5b0e7aa12c457bb1e1c569841fde77/c.html (状态码: 200)
2026-02-18 21:25:00,598 [DEBUG] spiders: 成功获取详情: 新华网视评｜“村咖”热销，热的是向往的生活
2026-02-18 21:25:00,598 [DEBUG] spiders: 请求URL: https://www.news.cn/comments/20250202/5997b862bb044f1ea546c0fe6c0127fd/c.html (尝试 1/3)
2026-02-18 21:25:00,713 [DEBUG] urllib3.connectionpool: https://www.news.cn:443 "GET /comments/20250202/5997b862bb044f1ea546c0fe6c0127fd/c.html HTTP/1.1" 200 3351
2026-02-18 21:25:00,714 [INFO] spiders: 成功获取: https://www.news.cn/comments/20250202/5997b862bb044f1ea546c0fe6c0127fd/c.html (状态码: 200)
2026-02-18 21:25:00,724 [DEBUG] spiders: 成功获取详情: 新华网视评｜“村跑”火热，跑出特色、跑进人心
2026-02-18 21:25:00,725 [DEBUG] spiders: 请求URL: https://www.news.cn/comments/20250201/c705550159d94bc2a6df9ba043cb0569/c.html (尝试 1/3)
2026-02-18 21:25:00,897 [DEBUG] urllib3.connectionpool: https://www.news.cn:443 "GET /comments/20250201/c705550159d94bc2a6df9ba043cb0569/c.html HTTP/1.1" 200 3260
2026-02-18 21:25:00,897 [INFO] spiders: 成功获取: https://www.news.cn/comments/20250201/c705550159d94bc2a6df9ba043cb0569/c.html (状态码: 200)
2026-02-18 21:25:00,903 [DEBUG] spiders: 成功获取详情: 新华网视评｜“村晚”圈粉，又土又快乐
2026-02-18 21:25:00,903 [INFO] __main__:   进度: 105/194
2026-02-18 21:25:00,903 [DEBUG] spiders: 请求URL: https://www.news.cn/comments/20250131/677f37b552624089939f9c104b31f8a2/c.html (尝试 1/3)
2026-02-18 21:25:01,089 [DEBUG] urllib3.connectionpool: https://www.news.cn:443 "GET /comments/20250131/677f37b552624089939f9c104b31f8a2/c.html HTTP/1.1" 200 3236
2026-02-18 21:25:01,089 [INFO] spiders: 成功获取: https://www.news.cn/comments/20250131/677f37b552624089939f9c104b31f8a2/c.html (状态码: 200)
2026-02-18 21:25:01,094 [DEBUG] spiders: 成功获取详情: 新华网视评｜“新春战袍”秀出文化自信
2026-02-18 21:25:01,094 [DEBUG] spiders: 请求URL: https://www.news.cn/comments/20250127/6919dc3b9e76459db2db8c2d454933e4/c.html (尝试 1/3)
2026-02-18 21:25:01,268 [DEBUG] urllib3.connectionpool: https://www.news.cn:443 "GET /comments/20250127/6919dc3b9e76459db2db8c2d454933e4/c.html HTTP/1.1" 200 3357
2026-02-18 21:25:01,268 [INFO] spiders: 成功获取: https://www.news.cn/comments/20250127/6919dc3b9e76459db2db8c2d454933e4/c.html (状态码: 200)
2026-02-18 21:25:01,273 [DEBUG] spiders: 成功获取详情: 新华网视评｜对跨境电诈就是要追着打
2026-02-18 21:25:01,273 [DEBUG] spiders: 请求URL: https://www.news.cn/comments/20250126/918dd0df91274174b981640867d2779d/c.html (尝试 1/3)
2026-02-18 21:25:01,397 [DEBUG] urllib3.connectionpool: https://www.news.cn:443 "GET /comments/20250126/918dd0df91274174b981640867d2779d/c.html HTTP/1.1" 200 3444
2026-02-18 21:25:01,398 [INFO] spiders: 成功获取: https://www.news.cn/comments/20250126/918dd0df91274174b981640867d2779d/c.html (状态码: 200)
2026-02-18 21:25:01,403 [DEBUG] spiders: 成功获取详情: 新华网视评丨给年货加点“中国新特产”
2026-02-18 21:25:01,403 [DEBUG] spiders: 请求URL: https://www.news.cn/comments/20250124/587d5d4a78824bcc9161d952d0e8a438/c.html (尝试 1/3)
2026-02-18 21:25:01,563 [DEBUG] urllib3.connectionpool: https://www.news.cn:443 "GET /comments/20250124/587d5d4a78824bcc9161d952d0e8a438/c.html HTTP/1.1" 200 3263
2026-02-18 21:25:01,563 [INFO] spiders: 成功获取: https://www.news.cn/comments/20250124/587d5d4a78824bcc9161d952d0e8a438/c.html (状态码: 200)
2026-02-18 21:25:01,568 [DEBUG] spiders: 成功获取详情: 新华网视评｜这种写真就是让个人信息“裸奔”
2026-02-18 21:25:01,568 [DEBUG] spiders: 请求URL: https://www.news.cn/comments/20250123/402dc43989304262b9131053d6b9fc9c/c.html (尝试 1/3)
2026-02-18 21:25:01,705 [DEBUG] urllib3.connectionpool: https://www.news.cn:443 "GET /comments/20250123/402dc43989304262b9131053d6b9fc9c/c.html HTTP/1.1" 200 3277
2026-02-18 21:25:01,705 [INFO] spiders: 成功获取: https://www.news.cn/comments/20250123/402dc43989304262b9131053d6b9fc9c/c.html (状态码: 200)
2026-02-18 21:25:01,710 [DEBUG] spiders: 成功获取详情: 新华网视评｜让压岁钱回归年俗祝福本真
2026-02-18 21:25:01,710 [INFO] __main__:   进度: 110/194
2026-02-18 21:25:01,710 [DEBUG] spiders: 请求URL: https://www.news.cn/comments/20250114/3655c3740ce6420995bd3599b9369a5e/c.html (尝试 1/3)
2026-02-18 21:25:01,922 [DEBUG] urllib3.connectionpool: https://www.news.cn:443 "GET /comments/20250114/3655c3740ce6420995bd3599b9369a5e/c.html HTTP/1.1" 200 3598
2026-02-18 21:25:01,922 [INFO] spiders: 成功获取: https://www.news.cn/comments/20250114/3655c3740ce6420995bd3599b9369a5e/c.html (状态码: 200)
2026-02-18 21:25:01,928 [DEBUG] spiders: 成功获取详情: 新华网视评丨岂能让“黄牛”截胡消费券
2026-02-18 21:25:01,928 [DEBUG] spiders: 请求URL: https://www.news.cn/comments/20250110/999a50655f674a0cadebac07ad57fef4/c.html (尝试 1/3)
2026-02-18 21:25:02,289 [DEBUG] urllib3.connectionpool: https://www.news.cn:443 "GET /comments/20250110/999a50655f674a0cadebac07ad57fef4/c.html HTTP/1.1" 200 3384
2026-02-18 21:25:02,289 [INFO] spiders: 成功获取: https://www.news.cn/comments/20250110/999a50655f674a0cadebac07ad57fef4/c.html (状态码: 200)
2026-02-18 21:25:02,296 [DEBUG] spiders: 成功获取详情: 新华网视评｜“智慧停车”不能有了便利忘了安全
2026-02-18 21:25:02,296 [DEBUG] spiders: 请求URL: https://www.news.cn/comments/20250108/4efad181d48242e28f02fc99ea15d1da/c.html (尝试 1/3)
2026-02-18 21:25:02,442 [DEBUG] urllib3.connectionpool: https://www.news.cn:443 "GET /comments/20250108/4efad181d48242e28f02fc99ea15d1da/c.html HTTP/1.1" 200 3818
2026-02-18 21:25:02,443 [INFO] spiders: 成功获取: https://www.news.cn/comments/20250108/4efad181d48242e28f02fc99ea15d1da/c.html (状态码: 200)
2026-02-18 21:25:02,449 [DEBUG] spiders: 成功获取详情: 新华网视评｜春运“上分” 新的一年排面拉满！
2026-02-18 21:25:02,449 [DEBUG] spiders: 请求URL: https://www.news.cn/comments/20250103/cd93558b5519430798534e6127898d98/c.html (尝试 1/3)
2026-02-18 21:25:02,674 [DEBUG] urllib3.connectionpool: https://www.news.cn:443 "GET /comments/20250103/cd93558b5519430798534e6127898d98/c.html HTTP/1.1" 200 3357
2026-02-18 21:25:02,674 [INFO] spiders: 成功获取: https://www.news.cn/comments/20250103/cd93558b5519430798534e6127898d98/c.html (状态码: 200)
2026-02-18 21:25:02,679 [DEBUG] spiders: 成功获取详情: 新华网视评丨电子处方不能有了方便忘了安全
2026-02-18 21:25:02,679 [DEBUG] spiders: 请求URL: http://www.news.cn/comments/20250102/8279f9435a0549de9fb133668e877716/c.html (尝试 1/3)
2026-02-18 21:25:02,680 [DEBUG] urllib3.connectionpool: Starting new HTTP connection (1): www.news.cn:80
2026-02-18 21:25:02,939 [DEBUG] urllib3.connectionpool: http://www.news.cn:80 "GET /comments/20250102/8279f9435a0549de9fb133668e877716/c.html HTTP/1.1" 200 3225
2026-02-18 21:25:02,940 [INFO] spiders: 成功获取: http://www.news.cn/comments/20250102/8279f9435a0549de9fb133668e877716/c.html (状态码: 200)
2026-02-18 21:25:02,946 [DEBUG] spiders: 成功获取详情: 新华网视评｜陌生快递，当心有诈！
2026-02-18 21:25:02,946 [INFO] __main__:   进度: 115/194
2026-02-18 21:25:02,946 [DEBUG] spiders: 请求URL: https://www.news.cn/comments/20241230/5dc0f641045d458ca919f8ed77b424e0/c.html (尝试 1/3)
2026-02-18 21:25:03,093 [DEBUG] urllib3.connectionpool: https://www.news.cn:443 "GET /comments/20241230/5dc0f641045d458ca919f8ed77b424e0/c.html HTTP/1.1" 200 5726
2026-02-18 21:25:03,094 [INFO] spiders: 成功获取: https://www.news.cn/comments/20241230/5dc0f641045d458ca919f8ed77b424e0/c.html (状态码: 200)
2026-02-18 21:25:03,100 [DEBUG] spiders: 成功获取详情: 新华网视评｜2024年度热点话题揭晓
2026-02-18 21:25:03,100 [DEBUG] spiders: 请求URL: https://www.news.cn/comments/20241218/4d089a0ce6634079adabfeb46b2de081/c.html (尝试 1/3)
2026-02-18 21:25:03,236 [DEBUG] urllib3.connectionpool: https://www.news.cn:443 "GET /comments/20241218/4d089a0ce6634079adabfeb46b2de081/c.html HTTP/1.1" 200 3447
2026-02-18 21:25:03,237 [INFO] spiders: 成功获取: https://www.news.cn/comments/20241218/4d089a0ce6634079adabfeb46b2de081/c.html (状态码: 200)
2026-02-18 21:25:03,243 [DEBUG] spiders: 成功获取详情: 新华网视评丨莫让“吃谷”变味
2026-02-18 21:25:03,243 [DEBUG] spiders: 请求URL: https://www.news.cn/comments/20241213/042b8a63182c4fa19102fb2b20617ed1/c.html (尝试 1/3)
2026-02-18 21:25:03,478 [DEBUG] urllib3.connectionpool: https://www.news.cn:443 "GET /comments/20241213/042b8a63182c4fa19102fb2b20617ed1/c.html HTTP/1.1" 200 3327
2026-02-18 21:25:03,479 [INFO] spiders: 成功获取: https://www.news.cn/comments/20241213/042b8a63182c4fa19102fb2b20617ed1/c.html (状态码: 200)
2026-02-18 21:25:03,483 [DEBUG] spiders: 成功获取详情: 新华网视评丨“被直播”要勇于维权
2026-02-18 21:25:03,484 [DEBUG] spiders: 请求URL: https://www.news.cn/comments/20241211/08ed0325c1b54276992f3ad1a0210d1a/c.html (尝试 1/3)
2026-02-18 21:25:03,601 [DEBUG] urllib3.connectionpool: https://www.news.cn:443 "GET /comments/20241211/08ed0325c1b54276992f3ad1a0210d1a/c.html HTTP/1.1" 200 3446
2026-02-18 21:25:03,601 [INFO] spiders: 成功获取: https://www.news.cn/comments/20241211/08ed0325c1b54276992f3ad1a0210d1a/c.html (状态码: 200)
2026-02-18 21:25:03,607 [DEBUG] spiders: 成功获取详情: 新华网视评丨“第三方测评”也该“测评”一下
2026-02-18 21:25:03,607 [DEBUG] spiders: 请求URL: https://www.news.cn/comments/20241210/53989e11037544918f3b9bf888973d09/c.html (尝试 1/3)
2026-02-18 21:25:03,740 [DEBUG] urllib3.connectionpool: https://www.news.cn:443 "GET /comments/20241210/53989e11037544918f3b9bf888973d09/c.html HTTP/1.1" 200 3382
2026-02-18 21:25:03,740 [INFO] spiders: 成功获取: https://www.news.cn/comments/20241210/53989e11037544918f3b9bf888973d09/c.html (状态码: 200)
2026-02-18 21:25:03,745 [DEBUG] spiders: 成功获取详情: 新华网视评丨AI客服不能只会“打太极”
2026-02-18 21:25:03,745 [INFO] __main__:   进度: 120/194
2026-02-18 21:25:03,746 [DEBUG] spiders: 请求URL: https://www.news.cn/comments/20241209/5e76126ff30248dbbf671fbbe8243e6d/c.html (尝试 1/3)
2026-02-18 21:25:03,866 [DEBUG] urllib3.connectionpool: https://www.news.cn:443 "GET /comments/20241209/5e76126ff30248dbbf671fbbe8243e6d/c.html HTTP/1.1" 200 3248
2026-02-18 21:25:03,866 [INFO] spiders: 成功获取: https://www.news.cn/comments/20241209/5e76126ff30248dbbf671fbbe8243e6d/c.html (状态码: 200)
2026-02-18 21:25:03,871 [DEBUG] spiders: 成功获取详情: 新华网视评丨AI技术不应用来造谣生事
2026-02-18 21:25:03,871 [DEBUG] spiders: 请求URL: https://www.news.cn/comments/20241128/cf7bc62521b54680be4e4817d8ab11be/c.html (尝试 1/3)
2026-02-18 21:25:03,972 [DEBUG] urllib3.connectionpool: https://www.news.cn:443 "GET /comments/20241128/cf7bc62521b54680be4e4817d8ab11be/c.html HTTP/1.1" 200 3547
2026-02-18 21:25:03,973 [INFO] spiders: 成功获取: https://www.news.cn/comments/20241128/cf7bc62521b54680be4e4817d8ab11be/c.html (状态码: 200)
2026-02-18 21:25:03,980 [DEBUG] spiders: 成功获取详情: 新华网视评丨不能让“假羽绒”寒身更寒心
2026-02-18 21:25:03,980 [DEBUG] spiders: 请求URL: https://www.news.cn/comments/20241127/06f48035c009454db4d52317aa6a6396/c.html (尝试 1/3)
2026-02-18 21:25:04,090 [DEBUG] urllib3.connectionpool: https://www.news.cn:443 "GET /comments/20241127/06f48035c009454db4d52317aa6a6396/c.html HTTP/1.1" 200 3496
2026-02-18 21:25:04,090 [INFO] spiders: 成功获取: https://www.news.cn/comments/20241127/06f48035c009454db4d52317aa6a6396/c.html (状态码: 200)
2026-02-18 21:25:04,095 [DEBUG] spiders: 成功获取详情: 新华网视评丨“先用后付”不能让人莫名其妙
2026-02-18 21:25:04,095 [DEBUG] spiders: 请求URL: https://www.news.cn/comments/20241114/c2ac5d14ef314b4f9e295b307d31b4d3/c.html (尝试 1/3)
2026-02-18 21:25:04,253 [DEBUG] urllib3.connectionpool: https://www.news.cn:443 "GET /comments/20241114/c2ac5d14ef314b4f9e295b307d31b4d3/c.html HTTP/1.1" 200 3329
2026-02-18 21:25:04,253 [INFO] spiders: 成功获取: https://www.news.cn/comments/20241114/c2ac5d14ef314b4f9e295b307d31b4d3/c.html (状态码: 200)
2026-02-18 21:25:04,258 [DEBUG] spiders: 成功获取详情: 新华网视评丨女理发师爆火戳中了消费痛点
2026-02-18 21:25:04,258 [DEBUG] spiders: 请求URL: https://www.news.cn/comments/20241113/11e411ab9ca24246a90ee22e184fcbd0/c.html (尝试 1/3)
2026-02-18 21:25:04,354 [DEBUG] urllib3.connectionpool: https://www.news.cn:443 "GET /comments/20241113/11e411ab9ca24246a90ee22e184fcbd0/c.html HTTP/1.1" 200 3411
2026-02-18 21:25:04,355 [INFO] spiders: 成功获取: https://www.news.cn/comments/20241113/11e411ab9ca24246a90ee22e184fcbd0/c.html (状态码: 200)
2026-02-18 21:25:04,362 [DEBUG] spiders: 成功获取详情: 新华网视评丨纠正幼儿园“抢跑”的重要一步
2026-02-18 21:25:04,362 [INFO] __main__:   进度: 125/194
2026-02-18 21:25:04,363 [DEBUG] spiders: 请求URL: http://www.news.cn/comments/20241112/e3fbce8d19bd406e81568b06eb322ed0/c.html (尝试 1/3)
2026-02-18 21:25:04,473 [DEBUG] urllib3.connectionpool: http://www.news.cn:80 "GET /comments/20241112/e3fbce8d19bd406e81568b06eb322ed0/c.html HTTP/1.1" 200 3075
2026-02-18 21:25:04,478 [INFO] spiders: 成功获取: http://www.news.cn/comments/20241112/e3fbce8d19bd406e81568b06eb322ed0/c.html (状态码: 200)
2026-02-18 21:25:04,482 [DEBUG] spiders: 成功获取详情: 新华网视评丨坚决打击消防器材造假
2026-02-18 21:25:04,483 [DEBUG] spiders: 请求URL: https://www.news.cn/comments/20241106/bc3c4c22be8246959b48af0e6a2635d2/c.html (尝试 1/3)
2026-02-18 21:25:04,586 [DEBUG] urllib3.connectionpool: https://www.news.cn:443 "GET /comments/20241106/bc3c4c22be8246959b48af0e6a2635d2/c.html HTTP/1.1" 200 3355
2026-02-18 21:25:04,586 [INFO] spiders: 成功获取: https://www.news.cn/comments/20241106/bc3c4c22be8246959b48af0e6a2635d2/c.html (状态码: 200)
2026-02-18 21:25:04,591 [DEBUG] spiders: 成功获取详情: 新华网视评丨治一治那些恼人的弹窗链接
2026-02-18 21:25:04,592 [DEBUG] spiders: 请求URL: https://www.news.cn/comments/20241105/74affef517684cebbf4f12f8537ed342/c.html (尝试 1/3)
2026-02-18 21:25:04,723 [DEBUG] urllib3.connectionpool: https://www.news.cn:443 "GET /comments/20241105/74affef517684cebbf4f12f8537ed342/c.html HTTP/1.1" 200 5432
2026-02-18 21:25:04,723 [INFO] spiders: 成功获取: https://www.news.cn/comments/20241105/74affef517684cebbf4f12f8537ed342/c.html (状态码: 200)
2026-02-18 21:25:04,730 [DEBUG] spiders: 成功获取详情: 新华网视评丨新华网三连评，警惕“网购套路”
2026-02-18 21:25:04,730 [DEBUG] spiders: 请求URL: https://www.news.cn/comments/20241102/9159576acff64aed9117e374a1ad80ea/c.html (尝试 1/3)
2026-02-18 21:25:04,830 [DEBUG] urllib3.connectionpool: https://www.news.cn:443 "GET /comments/20241102/9159576acff64aed9117e374a1ad80ea/c.html HTTP/1.1" 200 3450
2026-02-18 21:25:04,830 [INFO] spiders: 成功获取: https://www.news.cn/comments/20241102/9159576acff64aed9117e374a1ad80ea/c.html (状态码: 200)
2026-02-18 21:25:04,835 [DEBUG] spiders: 成功获取详情: 新华网视评丨不可轻信“买家秀”
2026-02-18 21:25:04,835 [DEBUG] spiders: 请求URL: https://www.news.cn/comments/20241102/f5fa69d9050f4772a2a5d08668378a4c/c.html (尝试 1/3)
2026-02-18 21:25:04,969 [DEBUG] urllib3.connectionpool: https://www.news.cn:443 "GET /comments/20241102/f5fa69d9050f4772a2a5d08668378a4c/c.html HTTP/1.1" 200 3276
2026-02-18 21:25:04,969 [INFO] spiders: 成功获取: https://www.news.cn/comments/20241102/f5fa69d9050f4772a2a5d08668378a4c/c.html (状态码: 200)
2026-02-18 21:25:04,975 [DEBUG] spiders: 成功获取详情: 新华网视评丨不能被动被大数据“算计”
2026-02-18 21:25:04,975 [INFO] __main__:   进度: 130/194
2026-02-18 21:25:04,975 [DEBUG] spiders: 请求URL: https://www.news.cn/comments/20241101/35018905f6f34270bcd3892e62fb914a/c.html (尝试 1/3)
2026-02-18 21:25:05,114 [DEBUG] urllib3.connectionpool: https://www.news.cn:443 "GET /comments/20241101/35018905f6f34270bcd3892e62fb914a/c.html HTTP/1.1" 200 3290
2026-02-18 21:25:05,114 [INFO] spiders: 成功获取: https://www.news.cn/comments/20241101/35018905f6f34270bcd3892e62fb914a/c.html (状态码: 200)
2026-02-18 21:25:05,119 [DEBUG] spiders: 成功获取详情: 新华网视评丨不被所谓“低价”误导
2026-02-18 21:25:05,119 [DEBUG] spiders: 请求URL: http://www.news.cn/comments/20241024/8ee487c2d392449e8b27da73f434b6ed/c.html (尝试 1/3)
2026-02-18 21:25:05,224 [DEBUG] urllib3.connectionpool: http://www.news.cn:80 "GET /comments/20241024/8ee487c2d392449e8b27da73f434b6ed/c.html HTTP/1.1" 200 3073
2026-02-18 21:25:05,224 [INFO] spiders: 成功获取: http://www.news.cn/comments/20241024/8ee487c2d392449e8b27da73f434b6ed/c.html (状态码: 200)
2026-02-18 21:25:05,229 [DEBUG] spiders: 成功获取详情: 新华网视评｜充电桩成“价格刺客”，该管管了！
2026-02-18 21:25:05,229 [DEBUG] spiders: 请求URL: http://www.news.cn/comments/20241023/1348ae43e7d44144b7ee0808cdb07465/c.html (尝试 1/3)
2026-02-18 21:25:05,334 [DEBUG] urllib3.connectionpool: http://www.news.cn:80 "GET /comments/20241023/1348ae43e7d44144b7ee0808cdb07465/c.html HTTP/1.1" 200 2981
2026-02-18 21:25:05,334 [INFO] spiders: 成功获取: http://www.news.cn/comments/20241023/1348ae43e7d44144b7ee0808cdb07465/c.html (状态码: 200)
2026-02-18 21:25:05,339 [DEBUG] spiders: 成功获取详情: 新华网视评｜“高空抛物判死刑”是一次震慑
2026-02-18 21:25:05,339 [DEBUG] spiders: 请求URL: http://www.news.cn/comments/20241017/2c191e32a61f4b579f2a7414ecc79b82/c.html (尝试 1/3)
2026-02-18 21:25:05,499 [DEBUG] urllib3.connectionpool: http://www.news.cn:80 "GET /comments/20241017/2c191e32a61f4b579f2a7414ecc79b82/c.html HTTP/1.1" 200 5700
2026-02-18 21:25:05,499 [INFO] spiders: 成功获取: http://www.news.cn/comments/20241017/2c191e32a61f4b579f2a7414ecc79b82/c.html (状态码: 200)
2026-02-18 21:25:05,512 [DEBUG] spiders: 成功获取详情: 新华网视评｜新华网三连评，持续关注网络坑老骗老现象
2026-02-18 21:25:05,512 [DEBUG] spiders: 请求URL: http://www.news.cn/comments/20241015/279dde8f62934e878f521950fd5867ca/c.html (尝试 1/3)
2026-02-18 21:25:05,638 [DEBUG] urllib3.connectionpool: http://www.news.cn:80 "GET /comments/20241015/279dde8f62934e878f521950fd5867ca/c.html HTTP/1.1" 200 3590
2026-02-18 21:25:05,638 [INFO] spiders: 成功获取: http://www.news.cn/comments/20241015/279dde8f62934e878f521950fd5867ca/c.html (状态码: 200)
2026-02-18 21:25:05,643 [DEBUG] spiders: 成功获取详情: 新华网视评丨为这支“国家队”点赞
2026-02-18 21:25:05,643 [INFO] __main__:   进度: 135/194
2026-02-18 21:25:05,644 [DEBUG] spiders: 请求URL: http://www.news.cn/comments/20241013/86ea1784aade497294a1dad04bfc9fd2/c.html (尝试 1/3)
2026-02-18 21:25:05,776 [DEBUG] urllib3.connectionpool: http://www.news.cn:80 "GET /comments/20241013/86ea1784aade497294a1dad04bfc9fd2/c.html HTTP/1.1" 200 3650
2026-02-18 21:25:05,777 [INFO] spiders: 成功获取: http://www.news.cn/comments/20241013/86ea1784aade497294a1dad04bfc9fd2/c.html (状态码: 200)
2026-02-18 21:25:05,782 [DEBUG] spiders: 成功获取详情: 新华网视评丨管一管专坑老人的“养生骗局”
2026-02-18 21:25:05,782 [DEBUG] spiders: 请求URL: http://www.news.cn/comments/20241012/b1c3a0810c2e46adacfc1ad74c6dde70/c.html (尝试 1/3)
2026-02-18 21:25:05,877 [DEBUG] urllib3.connectionpool: http://www.news.cn:80 "GET /comments/20241012/b1c3a0810c2e46adacfc1ad74c6dde70/c.html HTTP/1.1" 200 3637
2026-02-18 21:25:05,878 [INFO] spiders: 成功获取: http://www.news.cn/comments/20241012/b1c3a0810c2e46adacfc1ad74c6dde70/c.html (状态码: 200)
2026-02-18 21:25:05,882 [DEBUG] spiders: 成功获取详情: 新华网视评丨老年人沉迷霸总短剧，不容忽视
2026-02-18 21:25:05,882 [DEBUG] spiders: 请求URL: http://www.news.cn/comments/20241011/6643a99d51664c4e97367ac5994b45bb/c.html (尝试 1/3)
2026-02-18 21:25:06,108 [DEBUG] urllib3.connectionpool: http://www.news.cn:80 "GET /comments/20241011/6643a99d51664c4e97367ac5994b45bb/c.html HTTP/1.1" 200 3496
2026-02-18 21:25:06,112 [INFO] spiders: 成功获取: http://www.news.cn/comments/20241011/6643a99d51664c4e97367ac5994b45bb/c.html (状态码: 200)
2026-02-18 21:25:06,117 [DEBUG] spiders: 成功获取详情: 新华网视评丨网络直播间岂能成“坑老间”
2026-02-18 21:25:06,117 [DEBUG] spiders: 请求URL: http://www.news.cn/comments/20241010/fd00ef349be045738bf6b7b77efea9e2/c.html (尝试 1/3)
2026-02-18 21:25:06,229 [DEBUG] urllib3.connectionpool: http://www.news.cn:80 "GET /comments/20241010/fd00ef349be045738bf6b7b77efea9e2/c.html HTTP/1.1" 200 3105
2026-02-18 21:25:06,229 [INFO] spiders: 成功获取: http://www.news.cn/comments/20241010/fd00ef349be045738bf6b7b77efea9e2/c.html (状态码: 200)
2026-02-18 21:25:06,235 [DEBUG] spiders: 成功获取详情: 新华网视评丨乐见年轻人“整顿”婚礼
2026-02-18 21:25:06,235 [DEBUG] spiders: 请求URL: http://www.news.cn/comments/20241009/15564dfc03a0469f85e01f3645f64e91/c.html (尝试 1/3)
2026-02-18 21:25:06,350 [DEBUG] urllib3.connectionpool: http://www.news.cn:80 "GET /comments/20241009/15564dfc03a0469f85e01f3645f64e91/c.html HTTP/1.1" 200 3278
2026-02-18 21:25:06,351 [INFO] spiders: 成功获取: http://www.news.cn/comments/20241009/15564dfc03a0469f85e01f3645f64e91/c.html (状态码: 200)
2026-02-18 21:25:06,356 [DEBUG] spiders: 成功获取详情: 新华网视评丨出游不能太任性
2026-02-18 21:25:06,356 [INFO] __main__:   进度: 140/194
2026-02-18 21:25:06,356 [DEBUG] spiders: 请求URL: http://www.news.cn/comments/20240930/5748bd2682924667b2e7668e610d90b3/c.html (尝试 1/3)
2026-02-18 21:25:06,506 [DEBUG] urllib3.connectionpool: http://www.news.cn:80 "GET /comments/20240930/5748bd2682924667b2e7668e610d90b3/c.html HTTP/1.1" 200 3412
2026-02-18 21:25:06,506 [INFO] spiders: 成功获取: http://www.news.cn/comments/20240930/5748bd2682924667b2e7668e610d90b3/c.html (状态码: 200)
2026-02-18 21:25:06,514 [DEBUG] spiders: 成功获取详情: 新华网视评丨英雄，照亮民族前行路
2026-02-18 21:25:06,514 [DEBUG] spiders: 请求URL: http://www.news.cn/comments/20240927/d64ebd8dd26b429e8af160887ad0f4fc/c.html (尝试 1/3)
2026-02-18 21:25:06,669 [DEBUG] urllib3.connectionpool: http://www.news.cn:80 "GET /comments/20240927/d64ebd8dd26b429e8af160887ad0f4fc/c.html HTTP/1.1" 200 3192
2026-02-18 21:25:06,669 [INFO] spiders: 成功获取: http://www.news.cn/comments/20240927/d64ebd8dd26b429e8af160887ad0f4fc/c.html (状态码: 200)
2026-02-18 21:25:06,674 [DEBUG] spiders: 成功获取详情: 新华网视评丨斩断偷拍黑产，须用重拳
2026-02-18 21:25:06,674 [DEBUG] spiders: 请求URL: http://www.news.cn/comments/20240925/745adddd0457401f851f6625fe4ca79b/c.html (尝试 1/3)
2026-02-18 21:25:06,785 [DEBUG] urllib3.connectionpool: http://www.news.cn:80 "GET /comments/20240925/745adddd0457401f851f6625fe4ca79b/c.html HTTP/1.1" 200 3222
2026-02-18 21:25:06,785 [INFO] spiders: 成功获取: http://www.news.cn/comments/20240925/745adddd0457401f851f6625fe4ca79b/c.html (状态码: 200)
2026-02-18 21:25:06,792 [DEBUG] spiders: 成功获取详情: 新华网视评丨景区玩“套路”，赚了快钱失了人心
2026-02-18 21:25:06,792 [DEBUG] spiders: 请求URL: http://www.news.cn/comments/20240923/54ca5fd4bd614affafd71f26eebc7e8b/c.html (尝试 1/3)
2026-02-18 21:25:06,890 [DEBUG] urllib3.connectionpool: http://www.news.cn:80 "GET /comments/20240923/54ca5fd4bd614affafd71f26eebc7e8b/c.html HTTP/1.1" 200 3499
2026-02-18 21:25:06,891 [INFO] spiders: 成功获取: http://www.news.cn/comments/20240923/54ca5fd4bd614affafd71f26eebc7e8b/c.html (状态码: 200)
2026-02-18 21:25:06,899 [DEBUG] spiders: 成功获取详情: 新华网视评丨自动续费咋能这么“坑”
2026-02-18 21:25:06,899 [DEBUG] spiders: 请求URL: http://www.news.cn/comments/20240915/c57a9698599843a7b2f0aa71948ad860/c.html (尝试 1/3)
2026-02-18 21:25:06,999 [DEBUG] urllib3.connectionpool: http://www.news.cn:80 "GET /comments/20240915/c57a9698599843a7b2f0aa71948ad860/c.html HTTP/1.1" 200 3678
2026-02-18 21:25:07,000 [INFO] spiders: 成功获取: http://www.news.cn/comments/20240915/c57a9698599843a7b2f0aa71948ad860/c.html (状态码: 200)
2026-02-18 21:25:07,004 [DEBUG] spiders: 成功获取详情: 新华网视评｜让AI成“帮手”而不是“帮凶”
2026-02-18 21:25:07,004 [INFO] __main__:   进度: 145/194
2026-02-18 21:25:07,005 [DEBUG] spiders: 请求URL: http://www.news.cn/comments/20240914/1a91cd8679824f1191ad53935bd95589/c.html (尝试 1/3)
2026-02-18 21:25:07,370 [DEBUG] urllib3.connectionpool: http://www.news.cn:80 "GET /comments/20240914/1a91cd8679824f1191ad53935bd95589/c.html HTTP/1.1" 200 3549
2026-02-18 21:25:07,370 [INFO] spiders: 成功获取: http://www.news.cn/comments/20240914/1a91cd8679824f1191ad53935bd95589/c.html (状态码: 200)
2026-02-18 21:25:07,376 [DEBUG] spiders: 成功获取详情: 新华网视评丨要比“无上限服务”，而不是“无下限流量”
2026-02-18 21:25:07,376 [DEBUG] spiders: 请求URL: http://www.news.cn/comments/20240912/9782eaf04d8b449db1792036c1e9bccd/c.html (尝试 1/3)
2026-02-18 21:25:07,630 [DEBUG] urllib3.connectionpool: http://www.news.cn:80 "GET /comments/20240912/9782eaf04d8b449db1792036c1e9bccd/c.html HTTP/1.1" 200 5844
2026-02-18 21:25:07,631 [INFO] spiders: 成功获取: http://www.news.cn/comments/20240912/9782eaf04d8b449db1792036c1e9bccd/c.html (状态码: 200)
2026-02-18 21:25:07,636 [DEBUG] spiders: 成功获取详情: 新华网视评｜新华网三连评，为教师减负松绑
2026-02-18 21:25:07,636 [DEBUG] spiders: 请求URL: http://www.news.cn/comments/20240911/87f1ebec3c0a43e7a3eed8295b1e3f2f/c.html (尝试 1/3)
2026-02-18 21:25:07,772 [DEBUG] urllib3.connectionpool: http://www.news.cn:80 "GET /comments/20240911/87f1ebec3c0a43e7a3eed8295b1e3f2f/c.html HTTP/1.1" 200 3224
2026-02-18 21:25:07,774 [INFO] spiders: 成功获取: http://www.news.cn/comments/20240911/87f1ebec3c0a43e7a3eed8295b1e3f2f/c.html (状态码: 200)
2026-02-18 21:25:07,779 [DEBUG] spiders: 成功获取详情: 新华网视评丨教师不应承担与教育教学无关事项
2026-02-18 21:25:07,779 [DEBUG] spiders: 请求URL: http://www.news.cn/comments/20240910/ab06c17e643146ffbceb423da5a3d549/c.html (尝试 1/3)
2026-02-18 21:25:07,924 [DEBUG] urllib3.connectionpool: http://www.news.cn:80 "GET /comments/20240910/ab06c17e643146ffbceb423da5a3d549/c.html HTTP/1.1" 200 3424
2026-02-18 21:25:07,925 [INFO] spiders: 成功获取: http://www.news.cn/comments/20240910/ab06c17e643146ffbceb423da5a3d549/c.html (状态码: 200)
2026-02-18 21:25:07,929 [DEBUG] spiders: 成功获取详情: 新华网视评丨最好的礼物是让“尊师重教”成为常态
2026-02-18 21:25:07,929 [DEBUG] spiders: 请求URL: http://www.news.cn/comments/20240910/a135e0ed36fb4d9c8e5fa4c29b75a31c/c.html (尝试 1/3)
2026-02-18 21:25:08,058 [DEBUG] urllib3.connectionpool: http://www.news.cn:80 "GET /comments/20240910/a135e0ed36fb4d9c8e5fa4c29b75a31c/c.html HTTP/1.1" 200 3497
2026-02-18 21:25:08,059 [INFO] spiders: 成功获取: http://www.news.cn/comments/20240910/a135e0ed36fb4d9c8e5fa4c29b75a31c/c.html (状态码: 200)
2026-02-18 21:25:08,064 [DEBUG] spiders: 成功获取详情: 新华网视评丨教师的“戒尺”不该如此烫手
2026-02-18 21:25:08,064 [INFO] __main__:   进度: 150/194
2026-02-18 21:25:08,065 [DEBUG] spiders: 请求URL: http://www.news.cn/comments/20240904/4d83bbfd4a234121abee44996467c4ca/c.html (尝试 1/3)
2026-02-18 21:25:08,220 [DEBUG] urllib3.connectionpool: http://www.news.cn:80 "GET /comments/20240904/4d83bbfd4a234121abee44996467c4ca/c.html HTTP/1.1" 200 3503
2026-02-18 21:25:08,221 [INFO] spiders: 成功获取: http://www.news.cn/comments/20240904/4d83bbfd4a234121abee44996467c4ca/c.html (状态码: 200)
2026-02-18 21:25:08,226 [DEBUG] spiders: 成功获取详情: 新华网视评丨整治“人肉开盒”，不妨换个思路
2026-02-18 21:25:08,228 [DEBUG] spiders: 请求URL: http://www.news.cn/comments/20240903/aef7ae6db72643be9833da32e8090dfc/c.html (尝试 1/3)
2026-02-18 21:25:08,390 [DEBUG] urllib3.connectionpool: http://www.news.cn:80 "GET /comments/20240903/aef7ae6db72643be9833da32e8090dfc/c.html HTTP/1.1" 200 3389
2026-02-18 21:25:08,390 [INFO] spiders: 成功获取: http://www.news.cn/comments/20240903/aef7ae6db72643be9833da32e8090dfc/c.html (状态码: 200)
2026-02-18 21:25:08,396 [DEBUG] spiders: 成功获取详情: 新华网视评｜别被“断骨增高”忽悠瘸了
2026-02-18 21:25:08,396 [DEBUG] spiders: 请求URL: http://www.news.cn/comments/20240830/d1938ff63f3446b2a859d63a0ff6c06a/c.html (尝试 1/3)
2026-02-18 21:25:08,511 [DEBUG] urllib3.connectionpool: http://www.news.cn:80 "GET /comments/20240830/d1938ff63f3446b2a859d63a0ff6c06a/c.html HTTP/1.1" 200 3305
2026-02-18 21:25:08,512 [INFO] spiders: 成功获取: http://www.news.cn/comments/20240830/d1938ff63f3446b2a859d63a0ff6c06a/c.html (状态码: 200)
2026-02-18 21:25:08,521 [DEBUG] spiders: 成功获取详情: 新华网视评｜公共道路岂容“暴骑团”横冲直撞
2026-02-18 21:25:08,521 [DEBUG] spiders: 请求URL: http://www.news.cn/comments/20240829/e0bdc88e631a4552b824d52214dbb34e/c.html (尝试 1/3)
2026-02-18 21:25:08,659 [DEBUG] urllib3.connectionpool: http://www.news.cn:80 "GET /comments/20240829/e0bdc88e631a4552b824d52214dbb34e/c.html HTTP/1.1" 200 3423
2026-02-18 21:25:08,659 [INFO] spiders: 成功获取: http://www.news.cn/comments/20240829/e0bdc88e631a4552b824d52214dbb34e/c.html (状态码: 200)
2026-02-18 21:25:08,664 [DEBUG] spiders: 成功获取详情: 新华网视评｜让未成年人远离“盲盒诱惑”
2026-02-18 21:25:08,664 [DEBUG] spiders: 请求URL: http://www.news.cn/comments/20240828/e7ebc04217694c698f6d7db8da115c92/c.html (尝试 1/3)
2026-02-18 21:25:08,761 [DEBUG] urllib3.connectionpool: http://www.news.cn:80 "GET /comments/20240828/e7ebc04217694c698f6d7db8da115c92/c.html HTTP/1.1" 200 3298
2026-02-18 21:25:08,761 [INFO] spiders: 成功获取: http://www.news.cn/comments/20240828/e7ebc04217694c698f6d7db8da115c92/c.html (状态码: 200)
2026-02-18 21:25:08,766 [DEBUG] spiders: 成功获取详情: 新华网视评｜对英雄最朴素的致敬
2026-02-18 21:25:08,766 [INFO] __main__:   进度: 155/194
2026-02-18 21:25:08,766 [DEBUG] spiders: 请求URL: http://www.news.cn/comments/20240827/1aa7d9f57b3c4d90958d82826fad8eb9/c.html (尝试 1/3)
2026-02-18 21:25:08,907 [DEBUG] urllib3.connectionpool: http://www.news.cn:80 "GET /comments/20240827/1aa7d9f57b3c4d90958d82826fad8eb9/c.html HTTP/1.1" 200 5957
2026-02-18 21:25:08,909 [INFO] spiders: 成功获取: http://www.news.cn/comments/20240827/1aa7d9f57b3c4d90958d82826fad8eb9/c.html (状态码: 200)
2026-02-18 21:25:08,915 [DEBUG] spiders: 成功获取详情: 新华网视评｜新华网三连评，直指医美乱象
2026-02-18 21:25:08,915 [DEBUG] spiders: 请求URL: http://www.news.cn/comments/20240823/f6ead0550a9e463abab27a7daa50fb75/c.html (尝试 1/3)
2026-02-18 21:25:09,043 [DEBUG] urllib3.connectionpool: http://www.news.cn:80 "GET /comments/20240823/f6ead0550a9e463abab27a7daa50fb75/c.html HTTP/1.1" 200 3589
2026-02-18 21:25:09,043 [INFO] spiders: 成功获取: http://www.news.cn/comments/20240823/f6ead0550a9e463abab27a7daa50fb75/c.html (状态码: 200)
2026-02-18 21:25:09,049 [DEBUG] spiders: 成功获取详情: 新华网视评｜用“容貌焦虑”诱导青少年，必须制止
2026-02-18 21:25:09,049 [DEBUG] spiders: 请求URL: http://www.news.cn/comments/20240822/8fafcde1af48487e93763e4f10b18238/c.html (尝试 1/3)
2026-02-18 21:25:09,179 [DEBUG] urllib3.connectionpool: http://www.news.cn:80 "GET /comments/20240822/8fafcde1af48487e93763e4f10b18238/c.html HTTP/1.1" 200 3487
2026-02-18 21:25:09,180 [INFO] spiders: 成功获取: http://www.news.cn/comments/20240822/8fafcde1af48487e93763e4f10b18238/c.html (状态码: 200)
2026-02-18 21:25:09,184 [DEBUG] spiders: 成功获取详情: 新华网视评｜小心“轻医美”成为风险“重灾区”
2026-02-18 21:25:09,184 [DEBUG] spiders: 请求URL: http://www.news.cn/comments/20240821/a4235763e2e642d9bee9fb22205815ac/c.html (尝试 1/3)
2026-02-18 21:25:09,345 [DEBUG] urllib3.connectionpool: http://www.news.cn:80 "GET /comments/20240821/a4235763e2e642d9bee9fb22205815ac/c.html HTTP/1.1" 200 3427
2026-02-18 21:25:09,346 [INFO] spiders: 成功获取: http://www.news.cn/comments/20240821/a4235763e2e642d9bee9fb22205815ac/c.html (状态码: 200)
2026-02-18 21:25:09,355 [DEBUG] spiders: 成功获取详情: 新华网视评｜“黑医美”下沉县乡的苗头不容忽视
2026-02-18 21:25:09,355 [DEBUG] spiders: 请求URL: http://www.news.cn/comments/20240815/7101b16849544c1096ef5d2492437f66/c.html (尝试 1/3)
2026-02-18 21:25:09,506 [DEBUG] urllib3.connectionpool: http://www.news.cn:80 "GET /comments/20240815/7101b16849544c1096ef5d2492437f66/c.html HTTP/1.1" 200 3815
2026-02-18 21:25:09,507 [INFO] spiders: 成功获取: http://www.news.cn/comments/20240815/7101b16849544c1096ef5d2492437f66/c.html (状态码: 200)
2026-02-18 21:25:09,512 [DEBUG] spiders: 成功获取详情: 新华网视评｜恶性“内卷”产生不了世界一流企业
2026-02-18 21:25:09,512 [INFO] __main__:   进度: 160/194
2026-02-18 21:25:09,513 [DEBUG] spiders: 请求URL: http://www.news.cn/comments/20240815/2074a3f7958d4945947efa854a00046c/c.html (尝试 1/3)
2026-02-18 21:25:09,656 [DEBUG] urllib3.connectionpool: http://www.news.cn:80 "GET /comments/20240815/2074a3f7958d4945947efa854a00046c/c.html HTTP/1.1" 200 3177
2026-02-18 21:25:09,657 [INFO] spiders: 成功获取: http://www.news.cn/comments/20240815/2074a3f7958d4945947efa854a00046c/c.html (状态码: 200)
2026-02-18 21:25:09,662 [DEBUG] spiders: 成功获取详情: 新华网视评｜派出所大院开放给群众晒粮，点赞
2026-02-18 21:25:09,662 [DEBUG] spiders: 请求URL: http://www.news.cn/comments/20240810/c640a60901b24d5fb01c3e56fa0d68fb/c.html (尝试 1/3)
2026-02-18 21:25:09,824 [DEBUG] urllib3.connectionpool: http://www.news.cn:80 "GET /comments/20240810/c640a60901b24d5fb01c3e56fa0d68fb/c.html HTTP/1.1" 200 3530
2026-02-18 21:25:09,825 [INFO] spiders: 成功获取: http://www.news.cn/comments/20240810/c640a60901b24d5fb01c3e56fa0d68fb/c.html (状态码: 200)
2026-02-18 21:25:09,830 [DEBUG] spiders: 成功获取详情: 新华网视评｜这一刻，“更团结”
2026-02-18 21:25:09,830 [DEBUG] spiders: 请求URL: http://www.news.cn/comments/20240809/040b238ed721454892bb67b4654d99f6/c.html (尝试 1/3)
2026-02-18 21:25:09,977 [DEBUG] urllib3.connectionpool: http://www.news.cn:80 "GET /comments/20240809/040b238ed721454892bb67b4654d99f6/c.html HTTP/1.1" 200 3448
2026-02-18 21:25:09,977 [INFO] spiders: 成功获取: http://www.news.cn/comments/20240809/040b238ed721454892bb67b4654d99f6/c.html (状态码: 200)
2026-02-18 21:25:09,982 [DEBUG] spiders: 成功获取详情: 新华网视评｜这样“带货”，可能会“带祸”
2026-02-18 21:25:09,982 [DEBUG] spiders: 请求URL: http://www.news.cn/comments/20240809/7db5f131b69f402eb64194bb8cba147c/c.html (尝试 1/3)
2026-02-18 21:25:10,101 [DEBUG] urllib3.connectionpool: http://www.news.cn:80 "GET /comments/20240809/7db5f131b69f402eb64194bb8cba147c/c.html HTTP/1.1" 200 3507
2026-02-18 21:25:10,101 [INFO] spiders: 成功获取: http://www.news.cn/comments/20240809/7db5f131b69f402eb64194bb8cba147c/c.html (状态码: 200)
2026-02-18 21:25:10,106 [DEBUG] spiders: 成功获取详情: 新华网视评｜“水灵灵”的00后，扛事儿！
2026-02-18 21:25:10,106 [DEBUG] spiders: 请求URL: http://www.news.cn/comments/20240808/abeab28a26cb44d9a501962040baea94/c.html (尝试 1/3)
2026-02-18 21:25:10,456 [DEBUG] urllib3.connectionpool: http://www.news.cn:80 "GET /comments/20240808/abeab28a26cb44d9a501962040baea94/c.html HTTP/1.1" 200 5887
2026-02-18 21:25:10,458 [INFO] spiders: 成功获取: http://www.news.cn/comments/20240808/abeab28a26cb44d9a501962040baea94/c.html (状态码: 200)
2026-02-18 21:25:10,464 [DEBUG] spiders: 成功获取详情: 新华网视评｜新华网三连评，直指农村人居环境整治乱象
2026-02-18 21:25:10,464 [INFO] __main__:   进度: 165/194
2026-02-18 21:25:10,464 [DEBUG] spiders: 请求URL: http://www.news.cn/comments/20240808/9741c553842b421b9831d76abef37969/c.html (尝试 1/3)
2026-02-18 21:25:10,665 [DEBUG] urllib3.connectionpool: http://www.news.cn:80 "GET /comments/20240808/9741c553842b421b9831d76abef37969/c.html HTTP/1.1" 200 3202
2026-02-18 21:25:10,666 [INFO] spiders: 成功获取: http://www.news.cn/comments/20240808/9741c553842b421b9831d76abef37969/c.html (状态码: 200)
2026-02-18 21:25:10,675 [DEBUG] spiders: 成功获取详情: 新华网视评｜点赞！巴黎奥运赛场上的中国突破
2026-02-18 21:25:10,675 [DEBUG] spiders: 请求URL: http://www.news.cn/comments/20240805/80abb7c850764cb780a5070b4f9b0858/c.html (尝试 1/3)
2026-02-18 21:25:10,839 [DEBUG] urllib3.connectionpool: http://www.news.cn:80 "GET /comments/20240805/80abb7c850764cb780a5070b4f9b0858/c.html HTTP/1.1" 200 3278
2026-02-18 21:25:10,840 [INFO] spiders: 成功获取: http://www.news.cn/comments/20240805/80abb7c850764cb780a5070b4f9b0858/c.html (状态码: 200)
2026-02-18 21:25:10,844 [DEBUG] spiders: 成功获取详情: 新华网视评｜这样的“纳凉点”，很有人情味
2026-02-18 21:25:10,845 [DEBUG] spiders: 请求URL: http://www.news.cn/comments/20240801/b72664f2bd804c538b33a08d3d4d77f9/c.html (尝试 1/3)
2026-02-18 21:25:10,965 [DEBUG] urllib3.connectionpool: http://www.news.cn:80 "GET /comments/20240801/b72664f2bd804c538b33a08d3d4d77f9/c.html HTTP/1.1" 200 3491
2026-02-18 21:25:10,965 [INFO] spiders: 成功获取: http://www.news.cn/comments/20240801/b72664f2bd804c538b33a08d3d4d77f9/c.html (状态码: 200)
2026-02-18 21:25:10,970 [DEBUG] spiders: 成功获取详情: 新华网视评｜唯拼搏最可敬
2026-02-18 21:25:10,970 [DEBUG] spiders: 请求URL: http://www.news.cn/comments/20240731/206bfec03e05412e8894c3ff4c76b865/c.html (尝试 1/3)
2026-02-18 21:25:11,111 [DEBUG] urllib3.connectionpool: http://www.news.cn:80 "GET /comments/20240731/206bfec03e05412e8894c3ff4c76b865/c.html HTTP/1.1" 200 3577
2026-02-18 21:25:11,111 [INFO] spiders: 成功获取: http://www.news.cn/comments/20240731/206bfec03e05412e8894c3ff4c76b865/c.html (状态码: 200)
2026-02-18 21:25:11,121 [DEBUG] spiders: 成功获取详情: 新华网视评｜农村人居环境整治不能无视农民意愿
2026-02-18 21:25:11,121 [DEBUG] spiders: 请求URL: http://www.news.cn/comments/20240730/1f20248835014a389b93bbd76905d471/c.html (尝试 1/3)
2026-02-18 21:25:11,330 [DEBUG] urllib3.connectionpool: http://www.news.cn:80 "GET /comments/20240730/1f20248835014a389b93bbd76905d471/c.html HTTP/1.1" 200 3497
2026-02-18 21:25:11,330 [INFO] spiders: 成功获取: http://www.news.cn/comments/20240730/1f20248835014a389b93bbd76905d471/c.html (状态码: 200)
2026-02-18 21:25:11,336 [DEBUG] spiders: 成功获取详情: 新华网视评｜农村人居环境整治不可只要“面子”不顾“里子”
2026-02-18 21:25:11,336 [INFO] __main__:   进度: 170/194
2026-02-18 21:25:11,336 [DEBUG] spiders: 请求URL: http://www.news.cn/comments/20240729/41cf25a852884b3ea11d923c1a8459a2/c.html (尝试 1/3)
2026-02-18 21:25:11,447 [DEBUG] urllib3.connectionpool: http://www.news.cn:80 "GET /comments/20240729/41cf25a852884b3ea11d923c1a8459a2/c.html HTTP/1.1" 200 3411
2026-02-18 21:25:11,447 [INFO] spiders: 成功获取: http://www.news.cn/comments/20240729/41cf25a852884b3ea11d923c1a8459a2/c.html (状态码: 200)
2026-02-18 21:25:11,452 [DEBUG] spiders: 成功获取详情: 新华网视评｜农村人居环境整治岂能“千村一面”
2026-02-18 21:25:11,452 [DEBUG] spiders: 请求URL: http://www.news.cn/comments/20240728/6ebd0b1470dc42c097d4fac85a0e0db8/c.html (尝试 1/3)
2026-02-18 21:25:11,578 [DEBUG] urllib3.connectionpool: http://www.news.cn:80 "GET /comments/20240728/6ebd0b1470dc42c097d4fac85a0e0db8/c.html HTTP/1.1" 200 3290
2026-02-18 21:25:11,578 [INFO] spiders: 成功获取: http://www.news.cn/comments/20240728/6ebd0b1470dc42c097d4fac85a0e0db8/c.html (状态码: 200)
2026-02-18 21:25:11,583 [DEBUG] spiders: 成功获取详情: 新华网视评｜校园体育设施暑期“不放假”，点赞！
2026-02-18 21:25:11,583 [DEBUG] spiders: 请求URL: http://www.news.cn/comments/20240726/a2e88efc50a34cfb907029df2da83338/c.html (尝试 1/3)
2026-02-18 21:25:11,714 [DEBUG] urllib3.connectionpool: http://www.news.cn:80 "GET /comments/20240726/a2e88efc50a34cfb907029df2da83338/c.html HTTP/1.1" 200 3302
2026-02-18 21:25:11,714 [INFO] spiders: 成功获取: http://www.news.cn/comments/20240726/a2e88efc50a34cfb907029df2da83338/c.html (状态码: 200)
2026-02-18 21:25:11,719 [DEBUG] spiders: 成功获取详情: 新华网视评｜大数据“杀熟”，“杀”掉的是信任
2026-02-18 21:25:11,719 [DEBUG] spiders: 请求URL: http://www.news.cn/comments/20240721/a086b9e0c7a24a11b03b0e1e1b44fc87/c.html (尝试 1/3)
2026-02-18 21:25:11,829 [DEBUG] urllib3.connectionpool: http://www.news.cn:80 "GET /comments/20240721/a086b9e0c7a24a11b03b0e1e1b44fc87/c.html HTTP/1.1" 200 3449
2026-02-18 21:25:11,829 [INFO] spiders: 成功获取: http://www.news.cn/comments/20240721/a086b9e0c7a24a11b03b0e1e1b44fc87/c.html (状态码: 200)
2026-02-18 21:25:11,834 [DEBUG] spiders: 成功获取详情: 新华网视评｜图书馆借还书也能“快递”了，点赞!
2026-02-18 21:25:11,834 [DEBUG] spiders: 请求URL: http://www.news.cn/comments/20240720/9b75a78081a942d6af78067eb252aa71/c.html (尝试 1/3)
2026-02-18 21:25:11,929 [DEBUG] urllib3.connectionpool: http://www.news.cn:80 "GET /comments/20240720/9b75a78081a942d6af78067eb252aa71/c.html HTTP/1.1" 200 2804
2026-02-18 21:25:11,929 [INFO] spiders: 成功获取: http://www.news.cn/comments/20240720/9b75a78081a942d6af78067eb252aa71/c.html (状态码: 200)
2026-02-18 21:25:11,934 [DEBUG] spiders: 成功获取详情: 新华网视评｜对这样的“欺诈游”必须重拳出击！
2026-02-18 21:25:11,934 [INFO] __main__:   进度: 175/194
2026-02-18 21:25:11,934 [DEBUG] spiders: 请求URL: http://www.news.cn/comments/20240720/f0fa041fcafb4a3cb05a4e182f7a4211/c.html (尝试 1/3)
2026-02-18 21:25:12,156 [DEBUG] urllib3.connectionpool: http://www.news.cn:80 "GET /comments/20240720/f0fa041fcafb4a3cb05a4e182f7a4211/c.html HTTP/1.1" 200 3318
2026-02-18 21:25:12,156 [INFO] spiders: 成功获取: http://www.news.cn/comments/20240720/f0fa041fcafb4a3cb05a4e182f7a4211/c.html (状态码: 200)
2026-02-18 21:25:12,161 [DEBUG] spiders: 成功获取详情: 新华网视评｜为这一城市管理微创新点赞！
2026-02-18 21:25:12,162 [DEBUG] spiders: 请求URL: http://www.news.cn/comments/20240717/ac033d98dc4c4be98e2e040553f8eaad/c.html (尝试 1/3)
2026-02-18 21:25:12,295 [DEBUG] urllib3.connectionpool: http://www.news.cn:80 "GET /comments/20240717/ac033d98dc4c4be98e2e040553f8eaad/c.html HTTP/1.1" 200 2732
2026-02-18 21:25:12,295 [INFO] spiders: 成功获取: http://www.news.cn/comments/20240717/ac033d98dc4c4be98e2e040553f8eaad/c.html (状态码: 200)
2026-02-18 21:25:12,300 [DEBUG] spiders: 成功获取详情: 新华网视评｜莫让升学宴变成“绑架宴”
2026-02-18 21:25:12,300 [DEBUG] spiders: 请求URL: http://www.news.cn/comments/20240716/2100cd28096841e48e24571fcc598dde/c.html (尝试 1/3)
2026-02-18 21:25:12,461 [DEBUG] urllib3.connectionpool: http://www.news.cn:80 "GET /comments/20240716/2100cd28096841e48e24571fcc598dde/c.html HTTP/1.1" 200 3119
2026-02-18 21:25:12,462 [INFO] spiders: 成功获取: http://www.news.cn/comments/20240716/2100cd28096841e48e24571fcc598dde/c.html (状态码: 200)
2026-02-18 21:25:12,467 [DEBUG] spiders: 成功获取详情: 新华网视评｜为博物馆“延时开放”点赞
2026-02-18 21:25:12,467 [DEBUG] spiders: 请求URL: http://www.news.cn/comments/20240712/d9c254334ab7466887dbfd6ae16cd73c/c.html (尝试 1/3)
2026-02-18 21:25:12,619 [DEBUG] urllib3.connectionpool: http://www.news.cn:80 "GET /comments/20240712/d9c254334ab7466887dbfd6ae16cd73c/c.html HTTP/1.1" 200 3262
2026-02-18 21:25:12,619 [INFO] spiders: 成功获取: http://www.news.cn/comments/20240712/d9c254334ab7466887dbfd6ae16cd73c/c.html (状态码: 200)
2026-02-18 21:25:12,624 [DEBUG] spiders: 成功获取详情: 新华网视评｜景区摆渡车宰客，该好好治治了
2026-02-18 21:25:12,624 [DEBUG] spiders: 请求URL: http://www.news.cn/comments/20240709/c85cb09510a14e67a833afdf8e0882d5/c.html (尝试 1/3)
2026-02-18 21:25:12,753 [DEBUG] urllib3.connectionpool: http://www.news.cn:80 "GET /comments/20240709/c85cb09510a14e67a833afdf8e0882d5/c.html HTTP/1.1" 200 3364
2026-02-18 21:25:12,754 [INFO] spiders: 成功获取: http://www.news.cn/comments/20240709/c85cb09510a14e67a833afdf8e0882d5/c.html (状态码: 200)
2026-02-18 21:25:12,758 [DEBUG] spiders: 成功获取详情: 新华网视评｜拒绝暑假“弯道超车”焦虑
2026-02-18 21:25:12,759 [INFO] __main__:   进度: 180/194
2026-02-18 21:25:12,759 [DEBUG] spiders: 请求URL: http://www.news.cn/comments/20240704/aea90b65d7074cabb320cfe99b727944/c.html (尝试 1/3)
2026-02-18 21:25:12,934 [DEBUG] urllib3.connectionpool: http://www.news.cn:80 "GET /comments/20240704/aea90b65d7074cabb320cfe99b727944/c.html HTTP/1.1" 200 2709
2026-02-18 21:25:12,934 [INFO] spiders: 成功获取: http://www.news.cn/comments/20240704/aea90b65d7074cabb320cfe99b727944/c.html (状态码: 200)
2026-02-18 21:25:12,939 [DEBUG] spiders: 成功获取详情: 新华网视评｜研学游别只剩一个“游”字
2026-02-18 21:25:12,939 [DEBUG] spiders: 请求URL: http://www.news.cn/comments/20240702/faa14c0703d5481bbd0ebdfa4cee2a79/c.html (尝试 1/3)
2026-02-18 21:25:13,187 [DEBUG] urllib3.connectionpool: http://www.news.cn:80 "GET /comments/20240702/faa14c0703d5481bbd0ebdfa4cee2a79/c.html HTTP/1.1" 200 2635
2026-02-18 21:25:13,187 [INFO] spiders: 成功获取: http://www.news.cn/comments/20240702/faa14c0703d5481bbd0ebdfa4cee2a79/c.html (状态码: 200)
2026-02-18 21:25:13,192 [DEBUG] spiders: 成功获取详情: 新华网视评｜转变话风就是转变作风
2026-02-18 21:25:13,192 [DEBUG] spiders: 请求URL: http://www.news.cn/comments/20240630/a914fad6d58d4a86baa12542d60bf47c/c.html (尝试 1/3)
2026-02-18 21:25:13,448 [DEBUG] urllib3.connectionpool: http://www.news.cn:80 "GET /comments/20240630/a914fad6d58d4a86baa12542d60bf47c/c.html HTTP/1.1" 200 2669
2026-02-18 21:25:13,448 [INFO] spiders: 成功获取: http://www.news.cn/comments/20240630/a914fad6d58d4a86baa12542d60bf47c/c.html (状态码: 200)
2026-02-18 21:25:13,453 [DEBUG] spiders: 成功获取详情: 新华网视评｜自导自演的假闹剧该“收场”了
2026-02-18 21:25:13,453 [DEBUG] spiders: 请求URL: http://www.news.cn/comments/20240629/85fe770351b043fc997dfd0012ee4990/c.html (尝试 1/3)
2026-02-18 21:25:13,595 [DEBUG] urllib3.connectionpool: http://www.news.cn:80 "GET /comments/20240629/85fe770351b043fc997dfd0012ee4990/c.html HTTP/1.1" 200 2665
2026-02-18 21:25:13,596 [INFO] spiders: 成功获取: http://www.news.cn/comments/20240629/85fe770351b043fc997dfd0012ee4990/c.html (状态码: 200)
2026-02-18 21:25:13,601 [DEBUG] spiders: 成功获取详情: 新华网视评｜对网络“黑嘴”必须重拳出击
2026-02-18 21:25:13,601 [DEBUG] spiders: 请求URL: http://www.news.cn/comments/20240628/7aea933ad2764e6ca85e294f255a156d/c.html (尝试 1/3)
2026-02-18 21:25:13,997 [DEBUG] urllib3.connectionpool: http://www.news.cn:80 "GET /comments/20240628/7aea933ad2764e6ca85e294f255a156d/c.html HTTP/1.1" 200 2707
2026-02-18 21:25:13,999 [INFO] spiders: 成功获取: http://www.news.cn/comments/20240628/7aea933ad2764e6ca85e294f255a156d/c.html (状态码: 200)
2026-02-18 21:25:14,004 [DEBUG] spiders: 成功获取详情: 新华网视评｜靠炫富博流量注定是一条死胡同
2026-02-18 21:25:14,004 [INFO] __main__:   进度: 185/194
2026-02-18 21:25:14,004 [DEBUG] spiders: 请求URL: http://www.news.cn/comments/20240627/f095baad1e5c482ba0f10b9bb6d61d7d/c.html (尝试 1/3)
2026-02-18 21:25:14,109 [DEBUG] urllib3.connectionpool: http://www.news.cn:80 "GET /comments/20240627/f095baad1e5c482ba0f10b9bb6d61d7d/c.html HTTP/1.1" 200 2663
2026-02-18 21:25:14,110 [INFO] spiders: 成功获取: http://www.news.cn/comments/20240627/f095baad1e5c482ba0f10b9bb6d61d7d/c.html (状态码: 200)
2026-02-18 21:25:14,114 [DEBUG] spiders: 成功获取详情: 新华网视评｜以这样的方式谋出圈，只能出丑
2026-02-18 21:25:14,114 [DEBUG] spiders: 请求URL: http://www.news.cn/comments/20240627/9cd6917db16047b180d340cc0de87e4a/c.html (尝试 1/3)
2026-02-18 21:25:14,249 [DEBUG] urllib3.connectionpool: http://www.news.cn:80 "GET /comments/20240627/9cd6917db16047b180d340cc0de87e4a/c.html HTTP/1.1" 200 2714
2026-02-18 21:25:14,250 [INFO] spiders: 成功获取: http://www.news.cn/comments/20240627/9cd6917db16047b180d340cc0de87e4a/c.html (状态码: 200)
2026-02-18 21:25:14,257 [DEBUG] spiders: 成功获取详情: 新华网视评｜连一只鸡都容不下？作风之“病”得治！
2026-02-18 21:25:14,257 [DEBUG] spiders: 请求URL: http://www.news.cn/comments/20240624/9d8bc64c7e614c058093c6d4a6bffb67/c.html (尝试 1/3)
2026-02-18 21:25:14,370 [DEBUG] urllib3.connectionpool: http://www.news.cn:80 "GET /comments/20240624/9d8bc64c7e614c058093c6d4a6bffb67/c.html HTTP/1.1" 200 2733
2026-02-18 21:25:14,370 [INFO] spiders: 成功获取: http://www.news.cn/comments/20240624/9d8bc64c7e614c058093c6d4a6bffb67/c.html (状态码: 200)
2026-02-18 21:25:14,375 [DEBUG] spiders: 成功获取详情: 新华网视评｜警惕高考志愿填报“骗局”
2026-02-18 21:25:14,375 [DEBUG] spiders: 请求URL: http://www.news.cn/comments/20240619/b7629d96a0264d18a7dc15e7b0fbc27f/c.html (尝试 1/3)
2026-02-18 21:25:14,494 [DEBUG] urllib3.connectionpool: http://www.news.cn:80 "GET /comments/20240619/b7629d96a0264d18a7dc15e7b0fbc27f/c.html HTTP/1.1" 200 2715
2026-02-18 21:25:14,495 [INFO] spiders: 成功获取: http://www.news.cn/comments/20240619/b7629d96a0264d18a7dc15e7b0fbc27f/c.html (状态码: 200)
2026-02-18 21:25:14,502 [DEBUG] spiders: 成功获取详情: 新华网视评｜真人版“盗墓笔记”？别玩脱了
2026-02-18 21:25:14,502 [DEBUG] spiders: 请求URL: http://www.news.cn/comments/20240618/765db27502874983bbcfe9bf2080502d/c.html (尝试 1/3)
2026-02-18 21:25:14,643 [DEBUG] urllib3.connectionpool: http://www.news.cn:80 "GET /comments/20240618/765db27502874983bbcfe9bf2080502d/c.html HTTP/1.1" 200 2719
2026-02-18 21:25:14,643 [INFO] spiders: 成功获取: http://www.news.cn/comments/20240618/765db27502874983bbcfe9bf2080502d/c.html (状态码: 200)
2026-02-18 21:25:14,648 [DEBUG] spiders: 成功获取详情: 新华网视评｜别拿天热不当回事儿
2026-02-18 21:25:14,648 [INFO] __main__:   进度: 190/194
2026-02-18 21:25:14,648 [DEBUG] spiders: 请求URL: http://www.news.cn/comments/20240618/cd99712a7c0447409465ef534157b403/c.html (尝试 1/3)
2026-02-18 21:25:14,739 [DEBUG] urllib3.connectionpool: http://www.news.cn:80 "GET /comments/20240618/cd99712a7c0447409465ef534157b403/c.html HTTP/1.1" 200 2686
2026-02-18 21:25:14,739 [INFO] spiders: 成功获取: http://www.news.cn/comments/20240618/cd99712a7c0447409465ef534157b403/c.html (状态码: 200)
2026-02-18 21:25:14,744 [DEBUG] spiders: 成功获取详情: 新华网视评｜不合时宜的景区实名预约应退尽退
2026-02-18 21:25:14,744 [DEBUG] spiders: 请求URL: http://www.news.cn/comments/20240614/b0b3eda1a8ec41f890f3f919f24eb1ca/c.html (尝试 1/3)
2026-02-18 21:25:14,900 [DEBUG] urllib3.connectionpool: http://www.news.cn:80 "GET /comments/20240614/b0b3eda1a8ec41f890f3f919f24eb1ca/c.html HTTP/1.1" 200 2741
2026-02-18 21:25:14,901 [INFO] spiders: 成功获取: http://www.news.cn/comments/20240614/b0b3eda1a8ec41f890f3f919f24eb1ca/c.html (状态码: 200)
2026-02-18 21:25:14,905 [DEBUG] spiders: 成功获取详情: 新华网视评｜假公益真圈钱 “支教生意”必须严查
2026-02-18 21:25:14,905 [DEBUG] spiders: 请求URL: http://www.news.cn/comments/20240613/88085015d29d49ae9d0f7ac2d32b7c92/c.html (尝试 1/3)
2026-02-18 21:25:15,047 [DEBUG] urllib3.connectionpool: http://www.news.cn:80 "GET /comments/20240613/88085015d29d49ae9d0f7ac2d32b7c92/c.html HTTP/1.1" 200 2706
2026-02-18 21:25:15,048 [INFO] spiders: 成功获取: http://www.news.cn/comments/20240613/88085015d29d49ae9d0f7ac2d32b7c92/c.html (状态码: 200)
2026-02-18 21:25:15,052 [DEBUG] spiders: 成功获取详情: 新华网视评｜对“环保老赖”要一督到底
2026-02-18 21:25:15,052 [DEBUG] spiders: 请求URL: http://www.news.cn/comments/20240612/166e3406460b4b7e96b038363806f667/c.html (尝试 1/3)
2026-02-18 21:25:15,183 [DEBUG] urllib3.connectionpool: http://www.news.cn:80 "GET /comments/20240612/166e3406460b4b7e96b038363806f667/c.html HTTP/1.1" 200 2676
2026-02-18 21:25:15,183 [INFO] spiders: 成功获取: http://www.news.cn/comments/20240612/166e3406460b4b7e96b038363806f667/c.html (状态码: 200)
2026-02-18 21:25:15,188 [DEBUG] spiders: 成功获取详情: 新华网视评｜孩子个子长了，课桌椅高度怎么还不变？
2026-02-18 21:25:15,215 [DEBUG] db_storage: 保存文章成功: 新华网视评丨这样的暖心服务，可以更多些 (ID: 1555)
2026-02-18 21:25:15,231 [DEBUG] db_storage: 保存文章成功: 新华网视评丨这个“网红”记大功，追授优秀共产党员称号 (ID: 1556)
2026-02-18 21:25:15,248 [DEBUG] db_storage: 保存文章成功: 新华网视评丨厘清家校权责边界 (ID: 1557)
2026-02-18 21:25:15,263 [DEBUG] db_storage: 保存文章成功: 新华网视评丨家长当好家长 老师做好老师 (ID: 1558)
2026-02-18 21:25:15,280 [DEBUG] db_storage: 保存文章成功: 新华网视评丨春运出行，这些谣言必须当心 (ID: 1559)
2026-02-18 21:25:15,294 [DEBUG] db_storage: 保存文章成功: 新华网视评丨致敬这些平凡而伟大的守护 (ID: 1560)
2026-02-18 21:25:15,309 [DEBUG] db_storage: 保存文章成功: 新华网视评丨这三起典型案例，都暴露出同一个问题 (ID: 1561)
2026-02-18 21:25:15,326 [DEBUG] db_storage: 保存文章成功: 新华网视评丨一个行业协会，真的需要这么多副会长吗？ (ID: 1562)
2026-02-18 21:25:15,341 [DEBUG] db_storage: 保存文章成功: 新华网视评丨平台越大，越要守规矩有担当 (ID: 1563)
2026-02-18 21:25:15,358 [DEBUG] db_storage: 保存文章成功: 新华网视评丨司法公开不能“匿名”，责任担当不可“隐身” (ID: 1564)
2026-02-18 21:25:15,373 [DEBUG] db_storage: 保存文章成功: 新华网视评丨敬畏自然，敬畏生命 (ID: 1565)
2026-02-18 21:25:15,388 [DEBUG] db_storage: 保存文章成功: 新华网视评丨“宝华月季”，因何而美？ (ID: 1566)
2026-02-18 21:25:15,404 [DEBUG] db_storage: 保存文章成功: 新华网视评｜易燃易爆的氢气球，并非浪漫的选择 (ID: 1567)
2026-02-18 21:25:15,419 [DEBUG] db_storage: 保存文章成功: 新华网视评｜电动自行车上楼入户，除了“防”还得“疏” (ID: 1568)
2026-02-18 21:25:15,435 [DEBUG] db_storage: 保存文章成功: 新华网视评｜警惕这些年底诈骗新招 (ID: 1569)
2026-02-18 21:25:15,450 [DEBUG] db_storage: 保存文章成功: 新华网视评｜给幼儿园乱收费戴上“紧箍咒” (ID: 1570)
2026-02-18 21:25:15,466 [DEBUG] db_storage: 保存文章成功: 新华网视评｜别让“闹心事”透支航司口碑 (ID: 1571)
2026-02-18 21:25:15,482 [DEBUG] db_storage: 保存文章成功: 新华网视评｜让食物发挥“余热”，点赞！ (ID: 1572)
2026-02-18 21:25:15,485 [DEBUG] db_storage: 保存文章成功: 新华网视评｜儿童设施不能只注重美观 (ID: 1573)
2026-02-18 21:25:15,514 [DEBUG] db_storage: 保存文章成功: 新华网视评｜城市更新，无障碍设施也要更新 (ID: 1574)
2026-02-18 21:25:15,528 [DEBUG] db_storage: 保存文章成功: 新华网视评｜公共标识让大家看懂是前提 (ID: 1575)
2026-02-18 21:25:15,544 [DEBUG] db_storage: 保存文章成功: 新华网视评｜善听消费者声音很有必要 (ID: 1576)
2026-02-18 21:25:15,559 [DEBUG] db_storage: 保存文章成功: 新华网视评｜让低俗团播彻底“下线退场” (ID: 1577)
2026-02-18 21:25:15,563 [DEBUG] db_storage: 保存文章成功: 新华网视评｜剜除“摆拍造谣”这颗网络毒瘤 (ID: 1578)
2026-02-18 21:25:15,592 [DEBUG] db_storage: 保存文章成功: 新华网视评丨别让“随口一说”成为扎向企业的“软刀子” (ID: 1579)
2026-02-18 21:25:15,609 [DEBUG] db_storage: 保存文章成功: 新华网视评丨警惕政策一上新谣言就上线 (ID: 1580)
2026-02-18 21:25:15,639 [DEBUG] db_storage: 保存文章成功: 新华网视评丨“免费”谣言引哄抢，这样的闹剧当休矣 (ID: 1581)
2026-02-18 21:25:15,656 [DEBUG] db_storage: 保存文章成功: 新华网视评｜滥用AI模特有可能触碰法律红线 (ID: 1582)
2026-02-18 21:25:15,684 [DEBUG] db_storage: 保存文章成功: 新华网视评｜擅自替商家调价，是一种“霸权”行为 (ID: 1583)
2026-02-18 21:25:15,687 [DEBUG] db_storage: 保存文章成功: 新华网视评｜“管不住”的套路，“够不着”的监管 (ID: 1584)
2026-02-18 21:25:15,701 [DEBUG] db_storage: 保存文章成功: 新华网视评｜拿AI编造案例当诉讼依据，荒唐！ (ID: 1585)
2026-02-18 21:25:15,717 [DEBUG] db_storage: 保存文章成功: 新华网视评｜公共服务怎能给商业广告“让路” (ID: 1586)
2026-02-18 21:25:15,719 [DEBUG] db_storage: 保存文章成功: 新华网视评｜私域直播岂能变成“坑老”陷阱 (ID: 1587)
2026-02-18 21:25:15,747 [DEBUG] db_storage: 保存文章成功: 新华网视评︱要有“卷尺哥”，更要有“听劝局” (ID: 1588)
2026-02-18 21:25:15,767 [DEBUG] db_storage: 保存文章成功: 新华网视评｜主食浪费，触目惊心 (ID: 1589)
2026-02-18 21:25:15,770 [DEBUG] db_storage: 保存文章成功: 新华网视评｜“仪式感”不是浪费的遮羞布 (ID: 1590)
2026-02-18 21:25:15,793 [DEBUG] db_storage: 保存文章成功: 新华网视评｜别让外卖“满减”成“浪费” (ID: 1591)
2026-02-18 21:25:15,808 [DEBUG] db_storage: 保存文章成功: 新华网视评｜坚决刹住“AI换装”亵渎军警形象这股歪风 (ID: 1592)
2026-02-18 21:25:15,811 [DEBUG] db_storage: 保存文章成功: 新华网视评｜必须撕开“伪正能量”的遮羞布 (ID: 1593)
2026-02-18 21:25:15,825 [DEBUG] db_storage: 保存文章成功: 新华网视评｜破解假日充电难需要新思维 (ID: 1594)
2026-02-18 21:25:15,842 [DEBUG] db_storage: 保存文章成功: 新华网视评｜靠“智驾神器”，无异于“智障行为” (ID: 1595)
2026-02-18 21:25:15,859 [DEBUG] db_storage: 保存文章成功: 新华网视评｜节假日不能是“宰客日” (ID: 1596)
2026-02-18 21:25:15,887 [DEBUG] db_storage: 保存文章成功: 新华网视评｜“柴怼怼”们栽得不冤！ (ID: 1597)
2026-02-18 21:25:15,904 [DEBUG] db_storage: 保存文章成功: 新华网视评｜警服不是流量道具 (ID: 1598)
2026-02-18 21:25:15,921 [DEBUG] db_storage: 保存文章成功: 新华网视评｜AI岂能成为形式主义的“帮手” (ID: 1599)
2026-02-18 21:25:15,936 [DEBUG] db_storage: 保存文章成功: 新华网视评｜别给骗子进入家长群大开方便之门 (ID: 1600)
2026-02-18 21:25:15,951 [DEBUG] db_storage: 保存文章成功: 新华网视评｜任性冒险浪费公共资源，该罚！ (ID: 1601)
2026-02-18 21:25:15,966 [DEBUG] db_storage: 保存文章成功: 新华网视评｜防范“育儿补贴”骗局，需要工作透明度 (ID: 1602)
2026-02-18 21:25:15,969 [DEBUG] db_storage: 保存文章成功: 新华网视评｜认证竟靠“3C贴纸”，在糊弄谁？ (ID: 1603)
2026-02-18 21:25:15,983 [DEBUG] db_storage: 保存文章成功: 新华网视评｜坚决打击汛情谣言 (ID: 1604)
2026-02-18 21:25:16,050 [DEBUG] db_storage: 保存文章成功: 新华网视评｜“警情通报”也敢伪造？必须严惩 (ID: 1605)
2026-02-18 21:25:16,053 [DEBUG] db_storage: 保存文章成功: 新华网视评｜期待外卖市场构建良性竞争格局 (ID: 1606)
2026-02-18 21:25:16,057 [DEBUG] db_storage: 保存文章成功: 新华网视评｜收费“向上取整”涉嫌变相加价 (ID: 1607)
2026-02-18 21:25:16,083 [DEBUG] db_storage: 保存文章成功: 新华网视评｜青春之美无需太多“修整” (ID: 1608)
2026-02-18 21:25:16,112 [DEBUG] db_storage: 保存文章成功: 新华网视评｜恶意炮制“人猴大战”，用心险恶 (ID: 1609)
2026-02-18 21:25:16,116 [DEBUG] db_storage: 保存文章成功: 新华网视评｜官方通报贵在及时 (ID: 1610)
2026-02-18 21:25:16,144 [DEBUG] db_storage: 保存文章成功: 新华网视评｜坚决打击网络谣言 (ID: 1611)
2026-02-18 21:25:16,159 [DEBUG] db_storage: 保存文章成功: 新华网视评｜警惕“吃谷”低龄化 (ID: 1612)
2026-02-18 21:25:16,173 [DEBUG] db_storage: 保存文章成功: 新华网视评｜谁给伪专家开了“绿灯”？ (ID: 1613)
2026-02-18 21:25:16,189 [DEBUG] db_storage: 保存文章成功: 新华网视评｜大学校园向公众开放咋就这么难？ (ID: 1614)
2026-02-18 21:25:16,206 [DEBUG] db_storage: 保存文章成功: 新华网视评｜严肃的抗战历史岂容恶搞 (ID: 1615)
2026-02-18 21:25:16,222 [DEBUG] db_storage: 保存文章成功: 新华网视评｜制止无底线吃播，平台责无旁贷 (ID: 1616)
2026-02-18 21:25:16,236 [DEBUG] db_storage: 保存文章成功: 新华网视评｜检测报告岂能沦为三无产品的“遮羞布” (ID: 1617)
2026-02-18 21:25:16,239 [DEBUG] db_storage: 保存文章成功: 新华网视评｜我们需要怎样的创新，新华网连发三评 (ID: 1618)
2026-02-18 21:25:16,241 [DEBUG] db_storage: 保存文章成功: 新华网视评｜“谁红蹭谁”的闹剧该终结了！ (ID: 1619)
2026-02-18 21:25:16,243 [DEBUG] db_storage: 保存文章成功: 新华网视评｜期待奇迹，也要校准预期 (ID: 1620)
2026-02-18 21:25:16,245 [DEBUG] db_storage: 保存文章成功: 新华网视评｜赞美成功，还需宽容失败 (ID: 1621)
2026-02-18 21:25:16,247 [DEBUG] db_storage: 保存文章成功: 新华网视评｜等待观望，不如放手快干 (ID: 1622)
2026-02-18 21:25:16,249 [DEBUG] db_storage: 保存文章成功: 新华网视评｜杜绝“毒玩具”，这事得抓紧 (ID: 1623)
2026-02-18 21:25:16,251 [DEBUG] db_storage: 保存文章成功: 新华网视评｜莫拿商标文字游戏套路消费者 (ID: 1624)
2026-02-18 21:25:16,253 [DEBUG] db_storage: 保存文章成功: 新华网视评｜攫取用户隐私终将玩火自焚 (ID: 1625)
2026-02-18 21:25:16,255 [DEBUG] db_storage: 保存文章成功: 新华网视评｜任何创新设计，不能偏离安全底线 (ID: 1626)
2026-02-18 21:25:16,285 [DEBUG] db_storage: 保存文章成功: 新华网视评｜带“病”的健康证怎能守护健康 (ID: 1627)
2026-02-18 21:25:16,287 [DEBUG] db_storage: 保存文章成功: 新华网视评｜如此明目张胆“吃拿卡要”，谁给的胆子？ (ID: 1628)
2026-02-18 21:25:16,289 [DEBUG] db_storage: 保存文章成功: 新华网视评｜叫停75万买299元路由器，还欠公众一个说法 (ID: 1629)
2026-02-18 21:25:16,292 [DEBUG] db_storage: 保存文章成功: 新华网视评｜新职业新工种，开启无限可能！ (ID: 1630)
2026-02-18 21:25:16,305 [DEBUG] db_storage: 保存文章成功: 新华网视评｜无人机任性“黑飞” 为何管不住？ (ID: 1631)
2026-02-18 21:25:16,308 [DEBUG] db_storage: 保存文章成功: 新华网视评｜决不给“面子工程”留面子 (ID: 1632)
2026-02-18 21:25:16,310 [DEBUG] db_storage: 保存文章成功: 新华网视评｜既要“看家神器”，更要邻里和谐 (ID: 1633)
2026-02-18 21:25:16,313 [DEBUG] db_storage: 保存文章成功: 新华网视评｜堵住公共摄像头“数据祼奔”的漏洞 (ID: 1634)
2026-02-18 21:25:16,315 [DEBUG] db_storage: 保存文章成功: 新华网视评｜为监控摄像头安装划定“红线” (ID: 1635)
2026-02-18 21:25:16,317 [DEBUG] db_storage: 保存文章成功: 新华网视评｜权力岂能如此任性 (ID: 1636)
2026-02-18 21:25:16,321 [DEBUG] db_storage: 保存文章成功: 新华网视评丨整治基层形式主义，新华网连发三评 (ID: 1637)
2026-02-18 21:25:16,347 [DEBUG] db_storage: 保存文章成功: 新华网视评｜坚持“零容忍”，让卫生巾真正“卫生”起来 (ID: 1638)
2026-02-18 21:25:16,371 [DEBUG] db_storage: 保存文章成功: 新华网视评｜让“零添加”凉凉只是一个开始 (ID: 1639)
2026-02-18 21:25:16,374 [DEBUG] db_storage: 保存文章成功: 新华网视评｜别让基层成为“无关摊派”的“背锅侠” (ID: 1640)
2026-02-18 21:25:16,377 [DEBUG] db_storage: 保存文章成功: 新华网视评｜从源头上减少滥发牌子行为 (ID: 1641)
2026-02-18 21:25:16,379 [DEBUG] db_storage: 保存文章成功: 新华网视评｜调研何必“层层陪同” (ID: 1642)
2026-02-18 21:25:16,393 [DEBUG] db_storage: 保存文章成功: 新华网视评｜当“开盒”“反开盒”成常态，还有谁能一笑而过？ (ID: 1643)
2026-02-18 21:25:16,410 [DEBUG] db_storage: 保存文章成功: 新华网视评｜民宿何以成为“幽灵”？ (ID: 1644)
2026-02-18 21:25:16,425 [DEBUG] db_storage: 保存文章成功: 新华网视评｜岂能让“滤镜”产品拉低游客体验 (ID: 1645)
2026-02-18 21:25:16,441 [DEBUG] db_storage: 保存文章成功: 新华网视评｜刹一刹加价选座这个“行业惯例” (ID: 1646)
2026-02-18 21:25:16,457 [DEBUG] db_storage: 保存文章成功: 新华网视评｜“内卷式”竞争，“卷”不出未来！ (ID: 1647)
2026-02-18 21:25:16,486 [DEBUG] db_storage: 保存文章成功: 新华网视评｜“AI换脸”不能想换谁就换谁 (ID: 1648)
2026-02-18 21:25:16,501 [DEBUG] db_storage: 保存文章成功: 新华网视评｜两会in话题：AI跑得这么快，人才咋跟上？ (ID: 1649)
2026-02-18 21:25:16,518 [DEBUG] db_storage: 保存文章成功: 新华网视评｜给网课“套娃式”收费“解套” (ID: 1650)
2026-02-18 21:25:16,521 [DEBUG] db_storage: 保存文章成功: 新华网视评｜“考试包过”涉嫌违法 (ID: 1651)
2026-02-18 21:25:16,523 [DEBUG] db_storage: 保存文章成功: 新华网视评｜警惕以新技术贩卖焦虑 (ID: 1652)
2026-02-18 21:25:16,547 [DEBUG] db_storage: 保存文章成功: 新华网视评｜绝不容许“神医”“神药”借“山寨报刊”下乡害人 (ID: 1653)
2026-02-18 21:25:16,551 [DEBUG] db_storage: 保存文章成功: 新华网视评｜中国动画电影何以踩上“风火轮”？ (ID: 1654)
2026-02-18 21:25:16,553 [DEBUG] db_storage: 保存文章成功: 新华网视评｜痛别“国之脊梁”，他值得永远铭记 (ID: 1655)
2026-02-18 21:25:16,555 [DEBUG] db_storage: 保存文章成功: 新华网视评｜新春消费“燃”力十足！ (ID: 1656)
2026-02-18 21:25:16,557 [DEBUG] db_storage: 保存文章成功: 新华网视评｜“村咖”热销，热的是向往的生活 (ID: 1657)
2026-02-18 21:25:16,559 [DEBUG] db_storage: 保存文章成功: 新华网视评｜“村跑”火热，跑出特色、跑进人心 (ID: 1658)
2026-02-18 21:25:16,561 [DEBUG] db_storage: 保存文章成功: 新华网视评｜“村晚”圈粉，又土又快乐 (ID: 1659)
2026-02-18 21:25:16,581 [DEBUG] db_storage: 保存文章成功: 新华网视评｜“新春战袍”秀出文化自信 (ID: 1660)
2026-02-18 21:25:16,595 [DEBUG] db_storage: 保存文章成功: 新华网视评｜对跨境电诈就是要追着打 (ID: 1661)
2026-02-18 21:25:16,610 [DEBUG] db_storage: 保存文章成功: 新华网视评丨给年货加点“中国新特产” (ID: 1662)
2026-02-18 21:25:16,613 [DEBUG] db_storage: 保存文章成功: 新华网视评｜这种写真就是让个人信息“裸奔” (ID: 1663)
2026-02-18 21:25:16,615 [DEBUG] db_storage: 保存文章成功: 新华网视评｜让压岁钱回归年俗祝福本真 (ID: 1664)
2026-02-18 21:25:16,641 [DEBUG] db_storage: 保存文章成功: 新华网视评丨岂能让“黄牛”截胡消费券 (ID: 1665)
2026-02-18 21:25:16,657 [DEBUG] db_storage: 保存文章成功: 新华网视评｜“智慧停车”不能有了便利忘了安全 (ID: 1666)
2026-02-18 21:25:16,673 [DEBUG] db_storage: 保存文章成功: 新华网视评｜春运“上分” 新的一年排面拉满！ (ID: 1667)
2026-02-18 21:25:16,676 [DEBUG] db_storage: 保存文章成功: 新华网视评丨电子处方不能有了方便忘了安全 (ID: 1668)
2026-02-18 21:25:16,678 [DEBUG] db_storage: 保存文章成功: 新华网视评｜陌生快递，当心有诈！ (ID: 1669)
2026-02-18 21:25:16,681 [DEBUG] db_storage: 保存文章成功: 新华网视评｜2024年度热点话题揭晓 (ID: 1670)
2026-02-18 21:25:16,683 [DEBUG] db_storage: 保存文章成功: 新华网视评丨莫让“吃谷”变味 (ID: 1671)
2026-02-18 21:25:16,704 [DEBUG] db_storage: 保存文章成功: 新华网视评丨“被直播”要勇于维权 (ID: 1672)
2026-02-18 21:25:16,707 [DEBUG] db_storage: 保存文章成功: 新华网视评丨“第三方测评”也该“测评”一下 (ID: 1673)
2026-02-18 21:25:16,709 [DEBUG] db_storage: 保存文章成功: 新华网视评丨AI客服不能只会“打太极” (ID: 1674)
2026-02-18 21:25:16,737 [DEBUG] db_storage: 保存文章成功: 新华网视评丨AI技术不应用来造谣生事 (ID: 1675)
2026-02-18 21:25:16,739 [DEBUG] db_storage: 保存文章成功: 新华网视评丨不能让“假羽绒”寒身更寒心 (ID: 1676)
2026-02-18 21:25:16,768 [DEBUG] db_storage: 保存文章成功: 新华网视评丨“先用后付”不能让人莫名其妙 (ID: 1677)
2026-02-18 21:25:16,782 [DEBUG] db_storage: 保存文章成功: 新华网视评丨女理发师爆火戳中了消费痛点 (ID: 1678)
2026-02-18 21:25:16,784 [DEBUG] db_storage: 保存文章成功: 新华网视评丨纠正幼儿园“抢跑”的重要一步 (ID: 1679)
2026-02-18 21:25:16,799 [DEBUG] db_storage: 保存文章成功: 新华网视评丨坚决打击消防器材造假 (ID: 1680)
2026-02-18 21:25:16,816 [DEBUG] db_storage: 保存文章成功: 新华网视评丨治一治那些恼人的弹窗链接 (ID: 1681)
2026-02-18 21:25:16,844 [DEBUG] db_storage: 保存文章成功: 新华网视评丨新华网三连评，警惕“网购套路” (ID: 1682)
2026-02-18 21:25:16,846 [DEBUG] db_storage: 保存文章成功: 新华网视评丨不可轻信“买家秀” (ID: 1683)
2026-02-18 21:25:16,848 [DEBUG] db_storage: 保存文章成功: 新华网视评丨不能被动被大数据“算计” (ID: 1684)
2026-02-18 21:25:16,850 [DEBUG] db_storage: 保存文章成功: 新华网视评丨不被所谓“低价”误导 (ID: 1685)
2026-02-18 21:25:16,852 [DEBUG] db_storage: 保存文章成功: 新华网视评｜充电桩成“价格刺客”，该管管了！ (ID: 1686)
2026-02-18 21:25:16,854 [DEBUG] db_storage: 保存文章成功: 新华网视评｜“高空抛物判死刑”是一次震慑 (ID: 1687)
2026-02-18 21:25:16,856 [DEBUG] db_storage: 保存文章成功: 新华网视评｜新华网三连评，持续关注网络坑老骗老现象 (ID: 1688)
2026-02-18 21:25:16,860 [DEBUG] db_storage: 保存文章成功: 新华网视评丨为这支“国家队”点赞 (ID: 1689)
2026-02-18 21:25:16,876 [DEBUG] db_storage: 保存文章成功: 新华网视评丨管一管专坑老人的“养生骗局” (ID: 1690)
2026-02-18 21:25:16,879 [DEBUG] db_storage: 保存文章成功: 新华网视评丨老年人沉迷霸总短剧，不容忽视 (ID: 1691)
2026-02-18 21:25:16,881 [DEBUG] db_storage: 保存文章成功: 新华网视评丨网络直播间岂能成“坑老间” (ID: 1692)
2026-02-18 21:25:16,883 [DEBUG] db_storage: 保存文章成功: 新华网视评丨乐见年轻人“整顿”婚礼 (ID: 1693)
2026-02-18 21:25:16,885 [DEBUG] db_storage: 保存文章成功: 新华网视评丨出游不能太任性 (ID: 1694)
2026-02-18 21:25:16,886 [DEBUG] db_storage: 保存文章成功: 新华网视评丨英雄，照亮民族前行路 (ID: 1695)
2026-02-18 21:25:16,889 [DEBUG] db_storage: 保存文章成功: 新华网视评丨斩断偷拍黑产，须用重拳 (ID: 1696)
2026-02-18 21:25:16,907 [DEBUG] db_storage: 保存文章成功: 新华网视评丨景区玩“套路”，赚了快钱失了人心 (ID: 1697)
2026-02-18 21:25:16,922 [DEBUG] db_storage: 保存文章成功: 新华网视评丨自动续费咋能这么“坑” (ID: 1698)
2026-02-18 21:25:16,924 [DEBUG] db_storage: 保存文章成功: 新华网视评｜让AI成“帮手”而不是“帮凶” (ID: 1699)
2026-02-18 21:25:16,926 [DEBUG] db_storage: 保存文章成功: 新华网视评丨要比“无上限服务”，而不是“无下限流量” (ID: 1700)
2026-02-18 21:25:16,929 [DEBUG] db_storage: 保存文章成功: 新华网视评｜新华网三连评，为教师减负松绑 (ID: 1701)
2026-02-18 21:25:16,931 [DEBUG] db_storage: 保存文章成功: 新华网视评丨教师不应承担与教育教学无关事项 (ID: 1702)
2026-02-18 21:25:16,933 [DEBUG] db_storage: 保存文章成功: 新华网视评丨最好的礼物是让“尊师重教”成为常态 (ID: 1703)
2026-02-18 21:25:16,934 [DEBUG] db_storage: 保存文章成功: 新华网视评丨教师的“戒尺”不该如此烫手 (ID: 1704)
2026-02-18 21:25:16,936 [DEBUG] db_storage: 保存文章成功: 新华网视评丨整治“人肉开盒”，不妨换个思路 (ID: 1705)
2026-02-18 21:25:16,939 [DEBUG] db_storage: 保存文章成功: 新华网视评｜别被“断骨增高”忽悠瘸了 (ID: 1706)
2026-02-18 21:25:16,942 [DEBUG] db_storage: 保存文章成功: 新华网视评｜公共道路岂容“暴骑团”横冲直撞 (ID: 1707)
2026-02-18 21:25:16,945 [DEBUG] db_storage: 保存文章成功: 新华网视评｜让未成年人远离“盲盒诱惑” (ID: 1708)
2026-02-18 21:25:16,971 [DEBUG] db_storage: 保存文章成功: 新华网视评｜对英雄最朴素的致敬 (ID: 1709)
2026-02-18 21:25:16,987 [DEBUG] db_storage: 保存文章成功: 新华网视评｜新华网三连评，直指医美乱象 (ID: 1710)
2026-02-18 21:25:17,002 [DEBUG] db_storage: 保存文章成功: 新华网视评｜用“容貌焦虑”诱导青少年，必须制止 (ID: 1711)
2026-02-18 21:25:17,018 [DEBUG] db_storage: 保存文章成功: 新华网视评｜小心“轻医美”成为风险“重灾区” (ID: 1712)
2026-02-18 21:25:17,032 [DEBUG] db_storage: 保存文章成功: 新华网视评｜“黑医美”下沉县乡的苗头不容忽视 (ID: 1713)
2026-02-18 21:25:17,035 [DEBUG] db_storage: 保存文章成功: 新华网视评｜恶性“内卷”产生不了世界一流企业 (ID: 1714)
2026-02-18 21:25:17,063 [DEBUG] db_storage: 保存文章成功: 新华网视评｜派出所大院开放给群众晒粮，点赞 (ID: 1715)
2026-02-18 21:25:17,079 [DEBUG] db_storage: 保存文章成功: 新华网视评｜这一刻，“更团结” (ID: 1716)
2026-02-18 21:25:17,093 [DEBUG] db_storage: 保存文章成功: 新华网视评｜这样“带货”，可能会“带祸” (ID: 1717)
2026-02-18 21:25:17,096 [DEBUG] db_storage: 保存文章成功: 新华网视评｜“水灵灵”的00后，扛事儿！ (ID: 1718)
2026-02-18 21:25:17,098 [DEBUG] db_storage: 保存文章成功: 新华网视评｜新华网三连评，直指农村人居环境整治乱象 (ID: 1719)
2026-02-18 21:25:17,125 [DEBUG] db_storage: 保存文章成功: 新华网视评｜点赞！巴黎奥运赛场上的中国突破 (ID: 1720)
2026-02-18 21:25:17,141 [DEBUG] db_storage: 保存文章成功: 新华网视评｜这样的“纳凉点”，很有人情味 (ID: 1721)
2026-02-18 21:25:17,156 [DEBUG] db_storage: 保存文章成功: 新华网视评｜唯拼搏最可敬 (ID: 1722)
2026-02-18 21:25:17,171 [DEBUG] db_storage: 保存文章成功: 新华网视评｜农村人居环境整治不能无视农民意愿 (ID: 1723)
2026-02-18 21:25:17,190 [DEBUG] db_storage: 保存文章成功: 新华网视评｜农村人居环境整治不可只要“面子”不顾“里子” (ID: 1724)
2026-02-18 21:25:17,219 [DEBUG] db_storage: 保存文章成功: 新华网视评｜农村人居环境整治岂能“千村一面” (ID: 1725)
2026-02-18 21:25:17,234 [DEBUG] db_storage: 保存文章成功: 新华网视评｜校园体育设施暑期“不放假”，点赞！ (ID: 1726)
2026-02-18 21:25:17,251 [DEBUG] db_storage: 保存文章成功: 新华网视评｜大数据“杀熟”，“杀”掉的是信任 (ID: 1727)
2026-02-18 21:25:17,253 [DEBUG] db_storage: 保存文章成功: 新华网视评｜图书馆借还书也能“快递”了，点赞! (ID: 1728)
2026-02-18 21:25:17,266 [DEBUG] db_storage: 保存文章成功: 新华网视评｜对这样的“欺诈游”必须重拳出击！ (ID: 1729)
2026-02-18 21:25:17,283 [DEBUG] db_storage: 保存文章成功: 新华网视评｜为这一城市管理微创新点赞！ (ID: 1730)
2026-02-18 21:25:17,298 [DEBUG] db_storage: 保存文章成功: 新华网视评｜莫让升学宴变成“绑架宴” (ID: 1731)
2026-02-18 21:25:17,313 [DEBUG] db_storage: 保存文章成功: 新华网视评｜为博物馆“延时开放”点赞 (ID: 1732)
2026-02-18 21:25:17,329 [DEBUG] db_storage: 保存文章成功: 新华网视评｜景区摆渡车宰客，该好好治治了 (ID: 1733)
2026-02-18 21:25:17,343 [DEBUG] db_storage: 保存文章成功: 新华网视评｜拒绝暑假“弯道超车”焦虑 (ID: 1734)
2026-02-18 21:25:17,362 [DEBUG] db_storage: 保存文章成功: 新华网视评｜研学游别只剩一个“游”字 (ID: 1735)
2026-02-18 21:25:17,392 [DEBUG] db_storage: 保存文章成功: 新华网视评｜转变话风就是转变作风 (ID: 1736)
2026-02-18 21:25:17,408 [DEBUG] db_storage: 保存文章成功: 新华网视评｜自导自演的假闹剧该“收场”了 (ID: 1737)
2026-02-18 21:25:17,438 [DEBUG] db_storage: 保存文章成功: 新华网视评｜对网络“黑嘴”必须重拳出击 (ID: 1738)
2026-02-18 21:25:17,468 [DEBUG] db_storage: 保存文章成功: 新华网视评｜靠炫富博流量注定是一条死胡同 (ID: 1739)
2026-02-18 21:25:17,482 [DEBUG] db_storage: 保存文章成功: 新华网视评｜以这样的方式谋出圈，只能出丑 (ID: 1740)
2026-02-18 21:25:17,501 [DEBUG] db_storage: 保存文章成功: 新华网视评｜连一只鸡都容不下？作风之“病”得治！ (ID: 1741)
2026-02-18 21:25:17,515 [DEBUG] db_storage: 保存文章成功: 新华网视评｜警惕高考志愿填报“骗局” (ID: 1742)
2026-02-18 21:25:17,532 [DEBUG] db_storage: 保存文章成功: 新华网视评｜真人版“盗墓笔记”？别玩脱了 (ID: 1743)
2026-02-18 21:25:17,562 [DEBUG] db_storage: 保存文章成功: 新华网视评｜别拿天热不当回事儿 (ID: 1744)
2026-02-18 21:25:17,576 [DEBUG] db_storage: 保存文章成功: 新华网视评｜不合时宜的景区实名预约应退尽退 (ID: 1745)
2026-02-18 21:25:17,592 [DEBUG] db_storage: 保存文章成功: 新华网视评｜假公益真圈钱 “支教生意”必须严查 (ID: 1746)
2026-02-18 21:25:17,607 [DEBUG] db_storage: 保存文章成功: 新华网视评｜对“环保老赖”要一督到底 (ID: 1747)
2026-02-18 21:25:17,609 [DEBUG] db_storage: 保存文章成功: 新华网视评｜孩子个子长了，课桌椅高度怎么还不变？ (ID: 1748)
2026-02-18 21:25:17,609 [INFO] db_storage: 批量保存完成: 成功=194, 跳过=0, 失败=0
2026-02-18 21:25:17,609 [INFO] __main__:   ✓ 完成: 爬取=194, 保存=194, 跳过=0
2026-02-18 21:25:17,610 [INFO] __main__: 
[人民网评] 开始爬取...
2026-02-18 21:25:17,610 [INFO] spiders: 开始爬取: 人民网评
2026-02-18 21:25:17,610 [DEBUG] spiders: 请求URL: http://opinion.people.com.cn/GB/223228/index.html (尝试 1/3)
2026-02-18 21:25:17,611 [DEBUG] urllib3.connectionpool: Starting new HTTP connection (1): opinion.people.com.cn:80
2026-02-18 21:25:17,814 [DEBUG] urllib3.connectionpool: http://opinion.people.com.cn:80 "GET /GB/223228/index.html HTTP/1.1" 200 6420
2026-02-18 21:25:17,815 [INFO] spiders: 成功获取: http://opinion.people.com.cn/GB/223228/index.html (状态码: 200)
2026-02-18 21:25:17,825 [INFO] spiders: 人民网评 解析到 55 篇文章
2026-02-18 21:25:19,826 [INFO] __main__:   开始爬取详情 (55 篇)...
2026-02-18 21:25:19,826 [DEBUG] spiders: 请求URL: http://opinion.people.com.cn/n1/2026/0214/c223228-40666159.html (尝试 1/3)
2026-02-18 21:25:19,879 [DEBUG] urllib3.connectionpool: http://opinion.people.com.cn:80 "GET /n1/2026/0214/c223228-40666159.html HTTP/1.1" 200 11559
2026-02-18 21:25:19,880 [INFO] spiders: 成功获取: http://opinion.people.com.cn/n1/2026/0214/c223228-40666159.html (状态码: 200)
2026-02-18 21:25:19,916 [DEBUG] spiders: 成功获取详情: 人民网评：新春问暖见初心，民生烟火最动人
2026-02-18 21:25:19,916 [DEBUG] spiders: 请求URL: http://opinion.people.com.cn/n1/2026/0213/c223228-40665697.html (尝试 1/3)
2026-02-18 21:25:19,974 [DEBUG] urllib3.connectionpool: http://opinion.people.com.cn:80 "GET /n1/2026/0213/c223228-40665697.html HTTP/1.1" 200 12437
2026-02-18 21:25:19,975 [INFO] spiders: 成功获取: http://opinion.people.com.cn/n1/2026/0213/c223228-40665697.html (状态码: 200)
2026-02-18 21:25:20,003 [DEBUG] spiders: 成功获取详情: 每一个投资创业者都是营商环境的检验员、宣传员
2026-02-18 21:25:20,003 [DEBUG] spiders: 请求URL: http://opinion.people.com.cn/n1/2026/0213/c223228-40665688.html (尝试 1/3)
2026-02-18 21:25:20,045 [DEBUG] urllib3.connectionpool: http://opinion.people.com.cn:80 "GET /n1/2026/0213/c223228-40665688.html HTTP/1.1" 200 11488
2026-02-18 21:25:20,046 [INFO] spiders: 成功获取: http://opinion.people.com.cn/n1/2026/0213/c223228-40665688.html (状态码: 200)
2026-02-18 21:25:20,075 [DEBUG] spiders: 成功获取详情: 人民网评：推动儿科医疗资源下沉 精准对接群众需求
2026-02-18 21:25:20,075 [DEBUG] spiders: 请求URL: http://opinion.people.com.cn/n1/2026/0212/c1003-40664733.html (尝试 1/3)
2026-02-18 21:25:20,126 [DEBUG] urllib3.connectionpool: http://opinion.people.com.cn:80 "GET /n1/2026/0212/c1003-40664733.html HTTP/1.1" 200 12132
2026-02-18 21:25:20,127 [INFO] spiders: 成功获取: http://opinion.people.com.cn/n1/2026/0212/c1003-40664733.html (状态码: 200)
2026-02-18 21:25:20,155 [DEBUG] spiders: 成功获取详情: 人民网评：日本需要“大智慧”，绝非“小聪明”
2026-02-18 21:25:20,155 [DEBUG] spiders: 请求URL: http://opinion.people.com.cn/n1/2026/0212/c223228-40664390.html (尝试 1/3)
2026-02-18 21:25:20,230 [DEBUG] urllib3.connectionpool: http://opinion.people.com.cn:80 "GET /n1/2026/0212/c223228-40664390.html HTTP/1.1" 200 11412
2026-02-18 21:25:20,233 [INFO] spiders: 成功获取: http://opinion.people.com.cn/n1/2026/0212/c223228-40664390.html (状态码: 200)
2026-02-18 21:25:20,261 [DEBUG] spiders: 成功获取详情: 人民网评：推动“汗水农业”向“智慧农业”转型升级
2026-02-18 21:25:20,261 [INFO] __main__:   进度: 5/55
2026-02-18 21:25:20,261 [DEBUG] spiders: 请求URL: http://opinion.people.com.cn/n1/2026/0212/c223228-40664387.html (尝试 1/3)
2026-02-18 21:25:20,350 [DEBUG] urllib3.connectionpool: http://opinion.people.com.cn:80 "GET /n1/2026/0212/c223228-40664387.html HTTP/1.1" 200 11409
2026-02-18 21:25:20,353 [INFO] spiders: 成功获取: http://opinion.people.com.cn/n1/2026/0212/c223228-40664387.html (状态码: 200)
2026-02-18 21:25:20,384 [DEBUG] spiders: 成功获取详情: 人民网评：守牢安全防线 让新春更祥和
2026-02-18 21:25:20,384 [DEBUG] spiders: 请求URL: http://opinion.people.com.cn/n1/2026/0211/c223228-40663810.html (尝试 1/3)
2026-02-18 21:25:20,434 [DEBUG] urllib3.connectionpool: http://opinion.people.com.cn:80 "GET /n1/2026/0211/c223228-40663810.html HTTP/1.1" 200 12406
2026-02-18 21:25:20,436 [INFO] spiders: 成功获取: http://opinion.people.com.cn/n1/2026/0211/c223228-40663810.html (状态码: 200)
2026-02-18 21:25:20,471 [DEBUG] spiders: 成功获取详情: 人民网评：日本内政分裂加剧，用向外转嫁掩盖无力
2026-02-18 21:25:20,471 [DEBUG] spiders: 请求URL: http://opinion.people.com.cn/n1/2026/0211/c223228-40663681.html (尝试 1/3)
2026-02-18 21:25:20,529 [DEBUG] urllib3.connectionpool: http://opinion.people.com.cn:80 "GET /n1/2026/0211/c223228-40663681.html HTTP/1.1" 200 11597
2026-02-18 21:25:20,530 [INFO] spiders: 成功获取: http://opinion.people.com.cn/n1/2026/0211/c223228-40663681.html (状态码: 200)
2026-02-18 21:25:20,559 [DEBUG] spiders: 成功获取详情: 人民网评：从“有屋住”到“住得好”，因地制宜建设和美乡村
2026-02-18 21:25:20,559 [DEBUG] spiders: 请求URL: http://opinion.people.com.cn/n1/2026/0210/c223228-40663231.html (尝试 1/3)
2026-02-18 21:25:20,623 [DEBUG] urllib3.connectionpool: http://opinion.people.com.cn:80 "GET /n1/2026/0210/c223228-40663231.html HTTP/1.1" 200 12217
2026-02-18 21:25:20,624 [INFO] spiders: 成功获取: http://opinion.people.com.cn/n1/2026/0210/c223228-40663231.html (状态码: 200)
2026-02-18 21:25:20,652 [DEBUG] spiders: 成功获取详情: 人民网评：高市妄动冒进，日本失信周边
2026-02-18 21:25:20,652 [DEBUG] spiders: 请求URL: http://opinion.people.com.cn/n1/2026/0210/c223228-40663004.html (尝试 1/3)
2026-02-18 21:25:20,708 [DEBUG] urllib3.connectionpool: http://opinion.people.com.cn:80 "GET /n1/2026/0210/c223228-40663004.html HTTP/1.1" 200 11298
2026-02-18 21:25:20,710 [INFO] spiders: 成功获取: http://opinion.people.com.cn/n1/2026/0210/c223228-40663004.html (状态码: 200)
2026-02-18 21:25:20,737 [DEBUG] spiders: 成功获取详情: 人民网评：精准帮扶常态化，把资源用在刀刃上
2026-02-18 21:25:20,737 [INFO] __main__:   进度: 10/55
2026-02-18 21:25:20,738 [DEBUG] spiders: 请求URL: http://opinion.people.com.cn/n1/2026/0209/c223228-40662428.html (尝试 1/3)
2026-02-18 21:25:20,782 [DEBUG] urllib3.connectionpool: http://opinion.people.com.cn:80 "GET /n1/2026/0209/c223228-40662428.html HTTP/1.1" 200 11592
2026-02-18 21:25:20,784 [INFO] spiders: 成功获取: http://opinion.people.com.cn/n1/2026/0209/c223228-40662428.html (状态码: 200)
2026-02-18 21:25:20,812 [DEBUG] spiders: 成功获取详情: 人民网评：粮食安全没有“休止符”
2026-02-18 21:25:20,812 [DEBUG] spiders: 请求URL: http://opinion.people.com.cn/n1/2026/0206/c223228-40660674.html (尝试 1/3)
2026-02-18 21:25:20,846 [DEBUG] urllib3.connectionpool: http://opinion.people.com.cn:80 "GET /n1/2026/0206/c223228-40660674.html HTTP/1.1" 200 11179
2026-02-18 21:25:20,848 [INFO] spiders: 成功获取: http://opinion.people.com.cn/n1/2026/0206/c223228-40660674.html (状态码: 200)
2026-02-18 21:25:20,878 [DEBUG] spiders: 成功获取详情: 人民网评：让更多残疾人“好就业、就好业”
2026-02-18 21:25:20,878 [DEBUG] spiders: 请求URL: http://opinion.people.com.cn/n1/2026/0204/c223228-40659132.html (尝试 1/3)
2026-02-18 21:25:20,924 [DEBUG] urllib3.connectionpool: http://opinion.people.com.cn:80 "GET /n1/2026/0204/c223228-40659132.html HTTP/1.1" 200 11459
2026-02-18 21:25:20,925 [INFO] spiders: 成功获取: http://opinion.people.com.cn/n1/2026/0204/c223228-40659132.html (状态码: 200)
2026-02-18 21:25:20,956 [DEBUG] spiders: 成功获取详情: 人民网评：让“地球之肾”永葆活力
2026-02-18 21:25:20,956 [DEBUG] spiders: 请求URL: http://opinion.people.com.cn/n1/2026/0204/c223228-40659108.html (尝试 1/3)
2026-02-18 21:25:21,002 [DEBUG] urllib3.connectionpool: http://opinion.people.com.cn:80 "GET /n1/2026/0204/c223228-40659108.html HTTP/1.1" 200 11627
2026-02-18 21:25:21,003 [INFO] spiders: 成功获取: http://opinion.people.com.cn/n1/2026/0204/c223228-40659108.html (状态码: 200)
2026-02-18 21:25:21,031 [DEBUG] spiders: 成功获取详情: 人民网评：小视角映射大时代，走基层凝聚奋进伟力
2026-02-18 21:25:21,031 [DEBUG] spiders: 请求URL: http://opinion.people.com.cn/n1/2026/0203/c223228-40658695.html (尝试 1/3)
2026-02-18 21:25:21,119 [DEBUG] urllib3.connectionpool: http://opinion.people.com.cn:80 "GET /n1/2026/0203/c223228-40658695.html HTTP/1.1" 200 10966
2026-02-18 21:25:21,120 [INFO] spiders: 成功获取: http://opinion.people.com.cn/n1/2026/0203/c223228-40658695.html (状态码: 200)
2026-02-18 21:25:21,148 [DEBUG] spiders: 成功获取详情: 人民网评：司法精准发力，全链条打击毒品犯罪
2026-02-18 21:25:21,149 [INFO] __main__:   进度: 15/55
2026-02-18 21:25:21,149 [DEBUG] spiders: 请求URL: http://opinion.people.com.cn/n1/2026/0203/c223228-40658646.html (尝试 1/3)
2026-02-18 21:25:21,216 [DEBUG] urllib3.connectionpool: http://opinion.people.com.cn:80 "GET /n1/2026/0203/c223228-40658646.html HTTP/1.1" 200 11304
2026-02-18 21:25:21,219 [INFO] spiders: 成功获取: http://opinion.people.com.cn/n1/2026/0203/c223228-40658646.html (状态码: 200)
2026-02-18 21:25:21,246 [DEBUG] spiders: 成功获取详情: 人民网评：呈现活力中国，走基层“新”字当先
2026-02-18 21:25:21,246 [DEBUG] spiders: 请求URL: http://opinion.people.com.cn/n1/2026/0202/c223228-40657949.html (尝试 1/3)
2026-02-18 21:25:21,329 [DEBUG] urllib3.connectionpool: http://opinion.people.com.cn:80 "GET /n1/2026/0202/c223228-40657949.html HTTP/1.1" 200 11200
2026-02-18 21:25:21,331 [INFO] spiders: 成功获取: http://opinion.people.com.cn/n1/2026/0202/c223228-40657949.html (状态码: 200)
2026-02-18 21:25:21,361 [DEBUG] spiders: 成功获取详情: 人民网评：新春走基层，听真话察真情研究真问题
2026-02-18 21:25:21,361 [DEBUG] spiders: 请求URL: http://opinion.people.com.cn/n1/2026/0201/c223228-40657263.html (尝试 1/3)
2026-02-18 21:25:21,424 [DEBUG] urllib3.connectionpool: http://opinion.people.com.cn:80 "GET /n1/2026/0201/c223228-40657263.html HTTP/1.1" 200 11443
2026-02-18 21:25:21,425 [INFO] spiders: 成功获取: http://opinion.people.com.cn/n1/2026/0201/c223228-40657263.html (状态码: 200)
2026-02-18 21:25:21,452 [DEBUG] spiders: 成功获取详情: 人民网评：宝可梦，为何总是明知故犯？
2026-02-18 21:25:21,452 [DEBUG] spiders: 请求URL: http://opinion.people.com.cn/n1/2026/0129/c223228-40655570.html (尝试 1/3)
2026-02-18 21:25:21,493 [DEBUG] urllib3.connectionpool: http://opinion.people.com.cn:80 "GET /n1/2026/0129/c223228-40655570.html HTTP/1.1" 200 11080
2026-02-18 21:25:21,495 [INFO] spiders: 成功获取: http://opinion.people.com.cn/n1/2026/0129/c223228-40655570.html (状态码: 200)
2026-02-18 21:25:21,523 [DEBUG] spiders: 成功获取详情: 人民网评：构建适配新时代医药产业发展的法治框架
2026-02-18 21:25:21,523 [DEBUG] spiders: 请求URL: http://opinion.people.com.cn/n1/2026/0129/c223228-40655182.html (尝试 1/3)
2026-02-18 21:25:21,569 [DEBUG] urllib3.connectionpool: http://opinion.people.com.cn:80 "GET /n1/2026/0129/c223228-40655182.html HTTP/1.1" 200 11929
2026-02-18 21:25:21,578 [INFO] spiders: 成功获取: http://opinion.people.com.cn/n1/2026/0129/c223228-40655182.html (状态码: 200)
2026-02-18 21:25:21,606 [DEBUG] spiders: 成功获取详情: 人民网评：该为的必须为、能为的努力为、不该为的决不为
2026-02-18 21:25:21,606 [INFO] __main__:   进度: 20/55
2026-02-18 21:25:21,606 [DEBUG] spiders: 请求URL: http://opinion.people.com.cn/n1/2026/0128/c223228-40654424.html (尝试 1/3)
2026-02-18 21:25:21,753 [DEBUG] urllib3.connectionpool: http://opinion.people.com.cn:80 "GET /n1/2026/0128/c223228-40654424.html HTTP/1.1" 200 12103
2026-02-18 21:25:21,756 [INFO] spiders: 成功获取: http://opinion.people.com.cn/n1/2026/0128/c223228-40654424.html (状态码: 200)
2026-02-18 21:25:21,783 [DEBUG] spiders: 成功获取详情: 人民网评：既明白是什么，又明白为什么、怎么做
2026-02-18 21:25:21,784 [DEBUG] spiders: 请求URL: http://opinion.people.com.cn/n1/2026/0128/c223228-40654304.html (尝试 1/3)
2026-02-18 21:25:21,835 [DEBUG] urllib3.connectionpool: http://opinion.people.com.cn:80 "GET /n1/2026/0128/c223228-40654304.html HTTP/1.1" 200 11284
2026-02-18 21:25:21,836 [INFO] spiders: 成功获取: http://opinion.people.com.cn/n1/2026/0128/c223228-40654304.html (状态码: 200)
2026-02-18 21:25:21,866 [DEBUG] spiders: 成功获取详情: 人民网评：让农民工群体过好年稳好业
2026-02-18 21:25:21,866 [DEBUG] spiders: 请求URL: http://opinion.people.com.cn/n1/2026/0127/c223228-40654006.html (尝试 1/3)
2026-02-18 21:25:21,923 [DEBUG] urllib3.connectionpool: http://opinion.people.com.cn:80 "GET /n1/2026/0127/c223228-40654006.html HTTP/1.1" 200 11332
2026-02-18 21:25:21,925 [INFO] spiders: 成功获取: http://opinion.people.com.cn/n1/2026/0127/c223228-40654006.html (状态码: 200)
2026-02-18 21:25:21,952 [DEBUG] spiders: 成功获取详情: 人民网评：煤矸石铺路，水源地岂能如此“图方便”！
2026-02-18 21:25:21,952 [DEBUG] spiders: 请求URL: http://opinion.people.com.cn/n1/2026/0127/c223228-40653530.html (尝试 1/3)
2026-02-18 21:25:21,990 [DEBUG] urllib3.connectionpool: http://opinion.people.com.cn:80 "GET /n1/2026/0127/c223228-40653530.html HTTP/1.1" 200 11581
2026-02-18 21:25:21,992 [INFO] spiders: 成功获取: http://opinion.people.com.cn/n1/2026/0127/c223228-40653530.html (状态码: 200)
2026-02-18 21:25:22,019 [DEBUG] spiders: 成功获取详情: 人民网评：要以全局视野领会全会精神
2026-02-18 21:25:22,019 [DEBUG] spiders: 请求URL: http://opinion.people.com.cn/n1/2026/0127/c223228-40653396.html (尝试 1/3)
2026-02-18 21:25:22,087 [DEBUG] urllib3.connectionpool: http://opinion.people.com.cn:80 "GET /n1/2026/0127/c223228-40653396.html HTTP/1.1" 200 11513
2026-02-18 21:25:22,088 [INFO] spiders: 成功获取: http://opinion.people.com.cn/n1/2026/0127/c223228-40653396.html (状态码: 200)
2026-02-18 21:25:22,117 [DEBUG] spiders: 成功获取详情: 人民网评：送岗更送暖，托举困难群体就业
2026-02-18 21:25:22,117 [INFO] __main__:   进度: 25/55
2026-02-18 21:25:22,118 [DEBUG] spiders: 请求URL: http://opinion.people.com.cn/n1/2026/0126/c223228-40652924.html (尝试 1/3)
2026-02-18 21:25:22,184 [DEBUG] urllib3.connectionpool: http://opinion.people.com.cn:80 "GET /n1/2026/0126/c223228-40652924.html HTTP/1.1" 200 11218
2026-02-18 21:25:22,186 [INFO] spiders: 成功获取: http://opinion.people.com.cn/n1/2026/0126/c223228-40652924.html (状态码: 200)
2026-02-18 21:25:22,213 [DEBUG] spiders: 成功获取详情: 人民网评：廊涿干渠验收的“马拉松”何时能休？
2026-02-18 21:25:22,213 [DEBUG] spiders: 请求URL: http://opinion.people.com.cn/n1/2026/0124/c1003-40651979.html (尝试 1/3)
2026-02-18 21:25:22,252 [DEBUG] urllib3.connectionpool: http://opinion.people.com.cn:80 "GET /n1/2026/0124/c1003-40651979.html HTTP/1.1" 200 11342
2026-02-18 21:25:22,253 [INFO] spiders: 成功获取: http://opinion.people.com.cn/n1/2026/0124/c1003-40651979.html (状态码: 200)
2026-02-18 21:25:22,284 [DEBUG] spiders: 成功获取详情: 人民网评：从"量"入"质"，知识产权赋能创新发展
2026-02-18 21:25:22,284 [DEBUG] spiders: 请求URL: http://opinion.people.com.cn/n1/2026/0123/c223228-40651334.html (尝试 1/3)
2026-02-18 21:25:22,339 [DEBUG] urllib3.connectionpool: http://opinion.people.com.cn:80 "GET /n1/2026/0123/c223228-40651334.html HTTP/1.1" 200 11637
2026-02-18 21:25:22,341 [INFO] spiders: 成功获取: http://opinion.people.com.cn/n1/2026/0123/c223228-40651334.html (状态码: 200)
2026-02-18 21:25:22,370 [DEBUG] spiders: 成功获取详情: 人民网评：稳就业强保障，以民生温度筑发展根基
2026-02-18 21:25:22,370 [DEBUG] spiders: 请求URL: http://opinion.people.com.cn/n1/2026/0120/c223228-40649091.html (尝试 1/3)
2026-02-18 21:25:22,420 [DEBUG] urllib3.connectionpool: http://opinion.people.com.cn:80 "GET /n1/2026/0120/c223228-40649091.html HTTP/1.1" 200 11366
2026-02-18 21:25:22,423 [INFO] spiders: 成功获取: http://opinion.people.com.cn/n1/2026/0120/c223228-40649091.html (状态码: 200)
2026-02-18 21:25:22,450 [DEBUG] spiders: 成功获取详情: 人民网评：安全生产是企业运营的“基本盘”
2026-02-18 21:25:22,450 [DEBUG] spiders: 请求URL: http://opinion.people.com.cn/n1/2026/0119/c223228-40648270.html (尝试 1/3)
2026-02-18 21:25:22,543 [DEBUG] urllib3.connectionpool: http://opinion.people.com.cn:80 "GET /n1/2026/0119/c223228-40648270.html HTTP/1.1" 200 11411
2026-02-18 21:25:22,545 [INFO] spiders: 成功获取: http://opinion.people.com.cn/n1/2026/0119/c223228-40648270.html (状态码: 200)
2026-02-18 21:25:22,571 [DEBUG] spiders: 成功获取详情: 人民网评：全力答好春运考卷
2026-02-18 21:25:22,571 [INFO] __main__:   进度: 30/55
2026-02-18 21:25:22,572 [DEBUG] spiders: 请求URL: http://opinion.people.com.cn/n1/2026/0117/c1003-40647069.html (尝试 1/3)
2026-02-18 21:25:22,626 [DEBUG] urllib3.connectionpool: http://opinion.people.com.cn:80 "GET /n1/2026/0117/c1003-40647069.html HTTP/1.1" 200 10799
2026-02-18 21:25:22,629 [INFO] spiders: 成功获取: http://opinion.people.com.cn/n1/2026/0117/c1003-40647069.html (状态码: 200)
2026-02-18 21:25:22,655 [DEBUG] spiders: 成功获取详情: 人民网评：中国“含绿量”持续转化为“含金量”
2026-02-18 21:25:22,655 [DEBUG] spiders: 请求URL: http://opinion.people.com.cn/n1/2026/0115/c223228-40646100.html (尝试 1/3)
2026-02-18 21:25:22,720 [DEBUG] urllib3.connectionpool: http://opinion.people.com.cn:80 "GET /n1/2026/0115/c223228-40646100.html HTTP/1.1" 200 11662
2026-02-18 21:25:22,722 [INFO] spiders: 成功获取: http://opinion.people.com.cn/n1/2026/0115/c223228-40646100.html (状态码: 200)
2026-02-18 21:25:22,749 [DEBUG] spiders: 成功获取详情: 人民网评：以更高标准、更实举措推进全面从严治党
2026-02-18 21:25:22,750 [DEBUG] spiders: 请求URL: http://opinion.people.com.cn/n1/2026/0115/c223228-40646040.html (尝试 1/3)
2026-02-18 21:25:22,803 [DEBUG] urllib3.connectionpool: http://opinion.people.com.cn:80 "GET /n1/2026/0115/c223228-40646040.html HTTP/1.1" 200 11154
2026-02-18 21:25:22,805 [INFO] spiders: 成功获取: http://opinion.people.com.cn/n1/2026/0115/c223228-40646040.html (状态码: 200)
2026-02-18 21:25:22,835 [DEBUG] spiders: 成功获取详情: 人民网评：以反垄断为切入口，助平台回归服务本质
2026-02-18 21:25:22,835 [DEBUG] spiders: 请求URL: http://opinion.people.com.cn/n1/2026/0114/c223228-40645315.html (尝试 1/3)
2026-02-18 21:25:22,917 [DEBUG] urllib3.connectionpool: http://opinion.people.com.cn:80 "GET /n1/2026/0114/c223228-40645315.html HTTP/1.1" 200 11264
2026-02-18 21:25:22,919 [INFO] spiders: 成功获取: http://opinion.people.com.cn/n1/2026/0114/c223228-40645315.html (状态码: 200)
2026-02-18 21:25:22,945 [DEBUG] spiders: 成功获取详情: 人民网评：农业根基更稳、底色更绿
2026-02-18 21:25:22,945 [DEBUG] spiders: 请求URL: http://opinion.people.com.cn/n1/2026/0108/c223228-40641533.html (尝试 1/3)
2026-02-18 21:25:23,014 [DEBUG] urllib3.connectionpool: http://opinion.people.com.cn:80 "GET /n1/2026/0108/c223228-40641533.html HTTP/1.1" 200 11360
2026-02-18 21:25:23,019 [INFO] spiders: 成功获取: http://opinion.people.com.cn/n1/2026/0108/c223228-40641533.html (状态码: 200)
2026-02-18 21:25:23,047 [DEBUG] spiders: 成功获取详情: 人民网评：好药新药加速惠及百姓 健康中国根基更牢
2026-02-18 21:25:23,048 [INFO] __main__:   进度: 35/55
2026-02-18 21:25:23,048 [DEBUG] spiders: 请求URL: http://opinion.people.com.cn/n1/2026/0107/c223228-40640864.html (尝试 1/3)
2026-02-18 21:25:23,117 [DEBUG] urllib3.connectionpool: http://opinion.people.com.cn:80 "GET /n1/2026/0107/c223228-40640864.html HTTP/1.1" 200 11416
2026-02-18 21:25:23,119 [INFO] spiders: 成功获取: http://opinion.people.com.cn/n1/2026/0107/c223228-40640864.html (状态码: 200)
2026-02-18 21:25:23,146 [DEBUG] spiders: 成功获取详情: 人民网评：拧紧生产“安全阀”
2026-02-18 21:25:23,146 [DEBUG] spiders: 请求URL: http://opinion.people.com.cn/n1/2026/0107/c223228-40640767.html (尝试 1/3)
2026-02-18 21:25:23,208 [DEBUG] urllib3.connectionpool: http://opinion.people.com.cn:80 "GET /n1/2026/0107/c223228-40640767.html HTTP/1.1" 200 11695
2026-02-18 21:25:23,209 [INFO] spiders: 成功获取: http://opinion.people.com.cn/n1/2026/0107/c223228-40640767.html (状态码: 200)
2026-02-18 21:25:23,236 [DEBUG] spiders: 成功获取详情: 人民网评：十年大江焕颜，谱写生态与发展共赢新篇章
2026-02-18 21:25:23,236 [DEBUG] spiders: 请求URL: http://opinion.people.com.cn/n1/2026/0106/c1003-40640116.html (尝试 1/3)
2026-02-18 21:25:23,276 [DEBUG] urllib3.connectionpool: http://opinion.people.com.cn:80 "GET /n1/2026/0106/c1003-40640116.html HTTP/1.1" 200 10775
2026-02-18 21:25:23,278 [INFO] spiders: 成功获取: http://opinion.people.com.cn/n1/2026/0106/c1003-40640116.html (状态码: 200)
2026-02-18 21:25:23,306 [DEBUG] spiders: 成功获取详情: 人民网评：以“全链条责任”织密冬春季防灾减灾安全网
2026-02-18 21:25:23,306 [DEBUG] spiders: 请求URL: http://opinion.people.com.cn/n1/2025/1231/c223228-40637077.html (尝试 1/3)
2026-02-18 21:25:23,392 [DEBUG] urllib3.connectionpool: http://opinion.people.com.cn:80 "GET /n1/2025/1231/c223228-40637077.html HTTP/1.1" 200 11178
2026-02-18 21:25:23,393 [INFO] spiders: 成功获取: http://opinion.people.com.cn/n1/2025/1231/c223228-40637077.html (状态码: 200)
2026-02-18 21:25:23,420 [DEBUG] spiders: 成功获取详情: 人民网评：热气腾腾的生活，蒸蒸日上的中国
2026-02-18 21:25:23,420 [DEBUG] spiders: 请求URL: http://opinion.people.com.cn/n1/2025/1231/c223228-40637075.html (尝试 1/3)
2026-02-18 21:25:23,463 [DEBUG] urllib3.connectionpool: http://opinion.people.com.cn:80 "GET /n1/2025/1231/c223228-40637075.html HTTP/1.1" 200 12009
2026-02-18 21:25:23,465 [INFO] spiders: 成功获取: http://opinion.people.com.cn/n1/2025/1231/c223228-40637075.html (状态码: 200)
2026-02-18 21:25:23,500 [DEBUG] spiders: 成功获取详情: 人民网评：中国乡村的未来，希望无限！
2026-02-18 21:25:23,500 [INFO] __main__:   进度: 40/55
2026-02-18 21:25:23,501 [DEBUG] spiders: 请求URL: http://opinion.people.com.cn/n1/2025/1231/c223228-40637029.html (尝试 1/3)
2026-02-18 21:25:23,543 [DEBUG] urllib3.connectionpool: http://opinion.people.com.cn:80 "GET /n1/2025/1231/c223228-40637029.html HTTP/1.1" 200 41263
2026-02-18 21:25:23,549 [INFO] spiders: 成功获取: http://opinion.people.com.cn/n1/2025/1231/c223228-40637029.html (状态码: 200)
2026-02-18 21:25:23,575 [DEBUG] spiders: 成功获取详情: 人民网评：让学前学籍切实守护好孩子们的成长
2026-02-18 21:25:23,576 [DEBUG] spiders: 请求URL: http://opinion.people.com.cn/n1/2025/1231/c223228-40636244.html (尝试 1/3)
2026-02-18 21:25:23,630 [DEBUG] urllib3.connectionpool: http://opinion.people.com.cn:80 "GET /n1/2025/1231/c223228-40636244.html HTTP/1.1" 200 12438
2026-02-18 21:25:23,632 [INFO] spiders: 成功获取: http://opinion.people.com.cn/n1/2025/1231/c223228-40636244.html (状态码: 200)
2026-02-18 21:25:23,660 [DEBUG] spiders: 成功获取详情: 人民网评：坚定信心、用好优势、应对挑战
2026-02-18 21:25:23,660 [DEBUG] spiders: 请求URL: http://opinion.people.com.cn/n1/2025/1231/c223228-40636220.html (尝试 1/3)
2026-02-18 21:25:23,725 [DEBUG] urllib3.connectionpool: http://opinion.people.com.cn:80 "GET /n1/2025/1231/c223228-40636220.html HTTP/1.1" 200 12394
2026-02-18 21:25:23,727 [INFO] spiders: 成功获取: http://opinion.people.com.cn/n1/2025/1231/c223228-40636220.html (状态码: 200)
2026-02-18 21:25:23,759 [DEBUG] spiders: 成功获取详情: 人民网评：总有一种力量让我们向前一步、再一步
2026-02-18 21:25:23,759 [DEBUG] spiders: 请求URL: http://opinion.people.com.cn/n1/2025/1230/c223228-40635154.html (尝试 1/3)
2026-02-18 21:25:23,806 [DEBUG] urllib3.connectionpool: http://opinion.people.com.cn:80 "GET /n1/2025/1230/c223228-40635154.html HTTP/1.1" 200 12738
2026-02-18 21:25:23,807 [INFO] spiders: 成功获取: http://opinion.people.com.cn/n1/2025/1230/c223228-40635154.html (状态码: 200)
2026-02-18 21:25:23,838 [DEBUG] spiders: 成功获取详情: 人民网评：让每个人在AI时代都能找到自我定位
2026-02-18 21:25:23,838 [DEBUG] spiders: 请求URL: http://opinion.people.com.cn/n1/2025/1229/c223228-40634171.html (尝试 1/3)
2026-02-18 21:25:23,879 [DEBUG] urllib3.connectionpool: http://opinion.people.com.cn:80 "GET /n1/2025/1229/c223228-40634171.html HTTP/1.1" 200 11644
2026-02-18 21:25:23,881 [INFO] spiders: 成功获取: http://opinion.people.com.cn/n1/2025/1229/c223228-40634171.html (状态码: 200)
2026-02-18 21:25:23,908 [DEBUG] spiders: 成功获取详情: 人民网评：与“Z世代“一起重塑经济未来
2026-02-18 21:25:23,908 [INFO] __main__:   进度: 45/55
2026-02-18 21:25:23,908 [DEBUG] spiders: 请求URL: http://opinion.people.com.cn/n1/2025/1225/c223228-40632234.html (尝试 1/3)
2026-02-18 21:25:23,946 [DEBUG] urllib3.connectionpool: http://opinion.people.com.cn:80 "GET /n1/2025/1225/c223228-40632234.html HTTP/1.1" 200 11386
2026-02-18 21:25:23,948 [INFO] spiders: 成功获取: http://opinion.people.com.cn/n1/2025/1225/c223228-40632234.html (状态码: 200)
2026-02-18 21:25:23,976 [DEBUG] spiders: 成功获取详情: 人民网评：保护南极，立在当下、利在长远
2026-02-18 21:25:23,976 [DEBUG] spiders: 请求URL: http://opinion.people.com.cn/n1/2025/1223/c1003-40630426.html (尝试 1/3)
2026-02-18 21:25:24,013 [DEBUG] urllib3.connectionpool: http://opinion.people.com.cn:80 "GET /n1/2025/1223/c1003-40630426.html HTTP/1.1" 200 10757
2026-02-18 21:25:24,015 [INFO] spiders: 成功获取: http://opinion.people.com.cn/n1/2025/1223/c1003-40630426.html (状态码: 200)
2026-02-18 21:25:24,042 [DEBUG] spiders: 成功获取详情: 人民网评：从“惩戒”到“修复”，信用治理更精准
2026-02-18 21:25:24,042 [DEBUG] spiders: 请求URL: http://opinion.people.com.cn/n1/2025/1221/c223228-40628802.html (尝试 1/3)
2026-02-18 21:25:24,108 [DEBUG] urllib3.connectionpool: http://opinion.people.com.cn:80 "GET /n1/2025/1221/c223228-40628802.html HTTP/1.1" 200 10749
2026-02-18 21:25:24,110 [INFO] spiders: 成功获取: http://opinion.people.com.cn/n1/2025/1221/c223228-40628802.html (状态码: 200)
2026-02-18 21:25:24,136 [DEBUG] spiders: 成功获取详情: 人民网评：持续加码医保投入 夯实健康中国
2026-02-18 21:25:24,136 [DEBUG] spiders: 请求URL: http://opinion.people.com.cn/n1/2025/1218/c223228-40627197.html (尝试 1/3)
2026-02-18 21:25:24,181 [DEBUG] urllib3.connectionpool: http://opinion.people.com.cn:80 "GET /n1/2025/1218/c223228-40627197.html HTTP/1.1" 200 11110
2026-02-18 21:25:24,183 [INFO] spiders: 成功获取: http://opinion.people.com.cn/n1/2025/1218/c223228-40627197.html (状态码: 200)
2026-02-18 21:25:24,213 [DEBUG] spiders: 成功获取详情: 人民网评：以法治之力涵养书香中国
2026-02-18 21:25:24,213 [DEBUG] spiders: 请求URL: http://opinion.people.com.cn/n1/2025/1213/c223228-40623616.html (尝试 1/3)
2026-02-18 21:25:24,253 [DEBUG] urllib3.connectionpool: http://opinion.people.com.cn:80 "GET /n1/2025/1213/c223228-40623616.html HTTP/1.1" 200 11414
2026-02-18 21:25:24,254 [INFO] spiders: 成功获取: http://opinion.people.com.cn/n1/2025/1213/c223228-40623616.html (状态码: 200)
2026-02-18 21:25:24,284 [DEBUG] spiders: 成功获取详情: 人民网评：不能忘、不敢忘、不会忘！
2026-02-18 21:25:24,284 [INFO] __main__:   进度: 50/55
2026-02-18 21:25:24,285 [DEBUG] spiders: 请求URL: http://opinion.people.com.cn/n1/2025/1211/c223228-40622454.html (尝试 1/3)
2026-02-18 21:25:24,322 [DEBUG] urllib3.connectionpool: http://opinion.people.com.cn:80 "GET /n1/2025/1211/c223228-40622454.html HTTP/1.1" 200 10978
2026-02-18 21:25:24,324 [INFO] spiders: 成功获取: http://opinion.people.com.cn/n1/2025/1211/c223228-40622454.html (状态码: 200)
2026-02-18 21:25:24,361 [DEBUG] spiders: 成功获取详情: 青春华章｜人民网评：让蓝色大海成为金色聚宝盆
2026-02-18 21:25:24,361 [DEBUG] spiders: 请求URL: http://opinion.people.com.cn/n1/2025/1210/c223228-40621518.html (尝试 1/3)
2026-02-18 21:25:24,402 [DEBUG] urllib3.connectionpool: http://opinion.people.com.cn:80 "GET /n1/2025/1210/c223228-40621518.html HTTP/1.1" 200 10880
2026-02-18 21:25:24,403 [INFO] spiders: 成功获取: http://opinion.people.com.cn/n1/2025/1210/c223228-40621518.html (状态码: 200)
2026-02-18 21:25:24,430 [DEBUG] spiders: 成功获取详情: 青春华章｜人民网评：练就向海图强的“超能力”
2026-02-18 21:25:24,430 [DEBUG] spiders: 请求URL: http://opinion.people.com.cn/n1/2025/1210/c427456-40621032.html (尝试 1/3)
2026-02-18 21:25:24,467 [DEBUG] urllib3.connectionpool: http://opinion.people.com.cn:80 "GET /n1/2025/1210/c427456-40621032.html HTTP/1.1" 200 12421
2026-02-18 21:25:24,469 [INFO] spiders: 成功获取: http://opinion.people.com.cn/n1/2025/1210/c427456-40621032.html (状态码: 200)
2026-02-18 21:25:24,501 [DEBUG] spiders: 成功获取详情: 中国经济“向新力”｜创新药迎来“量质双升”
2026-02-18 21:25:24,502 [DEBUG] spiders: 请求URL: http://opinion.people.com.cn/n1/2025/1209/c223228-40620457.html (尝试 1/3)
2026-02-18 21:25:24,541 [DEBUG] urllib3.connectionpool: http://opinion.people.com.cn:80 "GET /n1/2025/1209/c223228-40620457.html HTTP/1.1" 200 11374
2026-02-18 21:25:24,546 [INFO] spiders: 成功获取: http://opinion.people.com.cn/n1/2025/1209/c223228-40620457.html (状态码: 200)
2026-02-18 21:25:24,576 [DEBUG] spiders: 成功获取详情: 人民网评：以司法力量护航民营经济行稳致远
2026-02-18 21:25:24,576 [DEBUG] spiders: 请求URL: http://opinion.people.com.cn/n1/2025/1209/c223228-40620253.html (尝试 1/3)
2026-02-18 21:25:24,616 [DEBUG] urllib3.connectionpool: http://opinion.people.com.cn:80 "GET /n1/2025/1209/c223228-40620253.html HTTP/1.1" 200 11424
2026-02-18 21:25:24,618 [INFO] spiders: 成功获取: http://opinion.people.com.cn/n1/2025/1209/c223228-40620253.html (状态码: 200)
2026-02-18 21:25:24,645 [DEBUG] spiders: 成功获取详情: 青春华章｜人民网评：勇立潮头担使命，谋海济国写青春
2026-02-18 21:25:24,645 [INFO] __main__:   进度: 55/55
2026-02-18 21:25:24,662 [DEBUG] db_storage: 保存文章成功: 人民网评：新春问暖见初心，民生烟火最动人 (ID: 1749)
2026-02-18 21:25:24,667 [DEBUG] db_storage: 保存文章成功: 每一个投资创业者都是营商环境的检验员、宣传员 (ID: 1750)
2026-02-18 21:25:24,670 [DEBUG] db_storage: 保存文章成功: 人民网评：推动儿科医疗资源下沉 精准对接群众需求 (ID: 1751)
2026-02-18 21:25:24,672 [DEBUG] db_storage: 保存文章成功: 人民网评：日本需要“大智慧”，绝非“小聪明” (ID: 1752)
2026-02-18 21:25:24,675 [DEBUG] db_storage: 保存文章成功: 人民网评：推动“汗水农业”向“智慧农业”转型升级 (ID: 1753)
2026-02-18 21:25:24,677 [DEBUG] db_storage: 保存文章成功: 人民网评：守牢安全防线 让新春更祥和 (ID: 1754)
2026-02-18 21:25:24,680 [DEBUG] db_storage: 保存文章成功: 人民网评：日本内政分裂加剧，用向外转嫁掩盖无力 (ID: 1755)
2026-02-18 21:25:24,709 [DEBUG] db_storage: 保存文章成功: 人民网评：从“有屋住”到“住得好”，因地制宜建设和美乡村 (ID: 1756)
2026-02-18 21:25:24,714 [DEBUG] db_storage: 保存文章成功: 人民网评：高市妄动冒进，日本失信周边 (ID: 1757)
2026-02-18 21:25:24,718 [DEBUG] db_storage: 保存文章成功: 人民网评：精准帮扶常态化，把资源用在刀刃上 (ID: 1758)
2026-02-18 21:25:24,721 [DEBUG] db_storage: 保存文章成功: 人民网评：粮食安全没有“休止符” (ID: 1759)
2026-02-18 21:25:24,739 [DEBUG] db_storage: 保存文章成功: 人民网评：让更多残疾人“好就业、就好业” (ID: 1760)
2026-02-18 21:25:24,754 [DEBUG] db_storage: 保存文章成功: 人民网评：让“地球之肾”永葆活力 (ID: 1761)
2026-02-18 21:25:24,770 [DEBUG] db_storage: 保存文章成功: 人民网评：小视角映射大时代，走基层凝聚奋进伟力 (ID: 1762)
2026-02-18 21:25:24,785 [DEBUG] db_storage: 保存文章成功: 人民网评：司法精准发力，全链条打击毒品犯罪 (ID: 1763)
2026-02-18 21:25:24,811 [DEBUG] db_storage: 保存文章成功: 人民网评：呈现活力中国，走基层“新”字当先 (ID: 1764)
2026-02-18 21:25:24,832 [DEBUG] db_storage: 保存文章成功: 人民网评：新春走基层，听真话察真情研究真问题 (ID: 1765)
2026-02-18 21:25:24,849 [DEBUG] db_storage: 保存文章成功: 人民网评：宝可梦，为何总是明知故犯？ (ID: 1766)
2026-02-18 21:25:24,862 [DEBUG] db_storage: 保存文章成功: 人民网评：构建适配新时代医药产业发展的法治框架 (ID: 1767)
2026-02-18 21:25:24,878 [DEBUG] db_storage: 保存文章成功: 人民网评：该为的必须为、能为的努力为、不该为的决不为 (ID: 1768)
2026-02-18 21:25:24,894 [DEBUG] db_storage: 保存文章成功: 人民网评：既明白是什么，又明白为什么、怎么做 (ID: 1769)
2026-02-18 21:25:24,911 [DEBUG] db_storage: 保存文章成功: 人民网评：让农民工群体过好年稳好业 (ID: 1770)
2026-02-18 21:25:24,926 [DEBUG] db_storage: 保存文章成功: 人民网评：煤矸石铺路，水源地岂能如此“图方便”！ (ID: 1771)
2026-02-18 21:25:24,943 [DEBUG] db_storage: 保存文章成功: 人民网评：要以全局视野领会全会精神 (ID: 1772)
2026-02-18 21:25:24,959 [DEBUG] db_storage: 保存文章成功: 人民网评：送岗更送暖，托举困难群体就业 (ID: 1773)
2026-02-18 21:25:24,974 [DEBUG] db_storage: 保存文章成功: 人民网评：廊涿干渠验收的“马拉松”何时能休？ (ID: 1774)
2026-02-18 21:25:24,989 [DEBUG] db_storage: 保存文章成功: 人民网评：从"量"入"质"，知识产权赋能创新发展 (ID: 1775)
2026-02-18 21:25:25,005 [DEBUG] db_storage: 保存文章成功: 人民网评：稳就业强保障，以民生温度筑发展根基 (ID: 1776)
2026-02-18 21:25:25,020 [DEBUG] db_storage: 保存文章成功: 人民网评：安全生产是企业运营的“基本盘” (ID: 1777)
2026-02-18 21:25:25,035 [DEBUG] db_storage: 保存文章成功: 人民网评：全力答好春运考卷 (ID: 1778)
2026-02-18 21:25:25,051 [DEBUG] db_storage: 保存文章成功: 人民网评：中国“含绿量”持续转化为“含金量” (ID: 1779)
2026-02-18 21:25:25,054 [DEBUG] db_storage: 保存文章成功: 人民网评：以更高标准、更实举措推进全面从严治党 (ID: 1780)
2026-02-18 21:25:25,080 [DEBUG] db_storage: 保存文章成功: 人民网评：以反垄断为切入口，助平台回归服务本质 (ID: 1781)
2026-02-18 21:25:25,095 [DEBUG] db_storage: 保存文章成功: 人民网评：农业根基更稳、底色更绿 (ID: 1782)
2026-02-18 21:25:25,113 [DEBUG] db_storage: 保存文章成功: 人民网评：好药新药加速惠及百姓 健康中国根基更牢 (ID: 1783)
2026-02-18 21:25:25,130 [DEBUG] db_storage: 保存文章成功: 人民网评：拧紧生产“安全阀” (ID: 1784)
2026-02-18 21:25:25,133 [DEBUG] db_storage: 保存文章成功: 人民网评：十年大江焕颜，谱写生态与发展共赢新篇章 (ID: 1785)
2026-02-18 21:25:25,159 [DEBUG] db_storage: 保存文章成功: 人民网评：以“全链条责任”织密冬春季防灾减灾安全网 (ID: 1786)
2026-02-18 21:25:25,174 [DEBUG] db_storage: 保存文章成功: 人民网评：热气腾腾的生活，蒸蒸日上的中国 (ID: 1787)
2026-02-18 21:25:25,191 [DEBUG] db_storage: 保存文章成功: 人民网评：中国乡村的未来，希望无限！ (ID: 1788)
2026-02-18 21:25:25,207 [DEBUG] db_storage: 保存文章成功: 人民网评：让学前学籍切实守护好孩子们的成长 (ID: 1789)
2026-02-18 21:25:25,221 [DEBUG] db_storage: 保存文章成功: 人民网评：坚定信心、用好优势、应对挑战 (ID: 1790)
2026-02-18 21:25:25,225 [DEBUG] db_storage: 保存文章成功: 人民网评：总有一种力量让我们向前一步、再一步 (ID: 1791)
2026-02-18 21:25:25,227 [DEBUG] db_storage: 保存文章成功: 人民网评：让每个人在AI时代都能找到自我定位 (ID: 1792)
2026-02-18 21:25:25,229 [DEBUG] db_storage: 保存文章成功: 人民网评：与“Z世代“一起重塑经济未来 (ID: 1793)
2026-02-18 21:25:25,254 [DEBUG] db_storage: 保存文章成功: 人民网评：保护南极，立在当下、利在长远 (ID: 1794)
2026-02-18 21:25:25,257 [DEBUG] db_storage: 保存文章成功: 人民网评：从“惩戒”到“修复”，信用治理更精准 (ID: 1795)
2026-02-18 21:25:25,259 [DEBUG] db_storage: 保存文章成功: 人民网评：持续加码医保投入 夯实健康中国 (ID: 1796)
2026-02-18 21:25:25,284 [DEBUG] db_storage: 保存文章成功: 人民网评：以法治之力涵养书香中国 (ID: 1797)
2026-02-18 21:25:25,301 [DEBUG] db_storage: 保存文章成功: 人民网评：不能忘、不敢忘、不会忘！ (ID: 1798)
2026-02-18 21:25:25,303 [DEBUG] db_storage: 保存文章成功: 青春华章｜人民网评：让蓝色大海成为金色聚宝盆 (ID: 1799)
2026-02-18 21:25:25,306 [DEBUG] db_storage: 保存文章成功: 青春华章｜人民网评：练就向海图强的“超能力” (ID: 1800)
2026-02-18 21:25:25,333 [DEBUG] db_storage: 保存文章成功: 中国经济“向新力”｜创新药迎来“量质双升” (ID: 1801)
2026-02-18 21:25:25,348 [DEBUG] db_storage: 保存文章成功: 人民网评：以司法力量护航民营经济行稳致远 (ID: 1802)
2026-02-18 21:25:25,351 [DEBUG] db_storage: 保存文章成功: 青春华章｜人民网评：勇立潮头担使命，谋海济国写青春 (ID: 1803)
2026-02-18 21:25:25,351 [INFO] db_storage: 批量保存完成: 成功=55, 跳过=0, 失败=0
2026-02-18 21:25:25,351 [INFO] __main__:   ✓ 完成: 爬取=55, 保存=55, 跳过=0
2026-02-18 21:25:25,351 [INFO] __main__: ------------------------------------------------------------
2026-02-18 21:25:25,351 [INFO] __main__: 
============================================================
2026-02-18 21:25:25,351 [INFO] __main__: 数据库统计
2026-02-18 21:25:25,351 [INFO] __main__: ============================================================
2026-02-18 21:25:25,353 [INFO] __main__: 文章总数: 249
2026-02-18 21:25:25,355 [INFO] __main__: 
按来源统计:
2026-02-18 21:25:25,355 [INFO] __main__:   新华网: 194 篇
2026-02-18 21:25:25,355 [INFO] __main__:   人民网: 55 篇
2026-02-18 21:25:25,376 [INFO] __main__: 
最新文章:
2026-02-18 21:25:25,376 [INFO] __main__:   - 青春华章｜人民网评：勇立潮头担使命，谋海济国写青春... (2025-12-09)
2026-02-18 21:25:25,377 [INFO] __main__:   - 人民网评：以司法力量护航民营经济行稳致远... (2025-12-09)
2026-02-18 21:25:25,377 [INFO] __main__:   - 中国经济“向新力”｜创新药迎来“量质双升”... (2025-12-10)
2026-02-18 21:25:25,377 [INFO] __main__:   - 青春华章｜人民网评：练就向海图强的“超能力”... (2025-12-10)
2026-02-18 21:25:25,377 [INFO] __main__:   - 青春华章｜人民网评：让蓝色大海成为金色聚宝盆... (2025-12-11)
2026-02-18 21:25:25,377 [INFO] __main__: 
============================================================
2026-02-18 21:25:25,377 [INFO] __main__: 爬取统计汇总
2026-02-18 21:25:25,377 [INFO] __main__: ============================================================
2026-02-18 21:25:25,378 [INFO] __main__: 总爬取: 249 篇
2026-02-18 21:25:25,378 [INFO] __main__: 成功保存: 249 篇
2026-02-18 21:25:25,378 [INFO] __main__: 跳过(重复): 0 篇
2026-02-18 21:25:25,378 [INFO] __main__: 详情爬取: 已启用
2026-02-18 21:25:25,378 [INFO] __main__: 
各数据源详情:
2026-02-18 21:25:25,378 [INFO] __main__:   新华网-视评: 爬取=194, 保存=194, 跳过=0
2026-02-18 21:25:25,379 [INFO] __main__:   人民网评: 爬取=55, 保存=55, 跳过=0
2026-02-18 21:25:25,379 [INFO] __main__: ============================================================
2026-02-18 21:25:25,379 [INFO] __main__: 爬取完成!
2026-02-18 21:25:25,379 [INFO] spiders: 爬虫 新华网-首页 已关闭
2026-02-18 21:25:25,379 [INFO] spiders: 爬虫 新华网-会议活动 已关闭
2026-02-18 21:25:25,379 [INFO] spiders: 爬虫 新华网-视评 已关闭
2026-02-18 21:25:25,380 [INFO] spiders: 爬虫 人民网评 已关闭
2026-02-18 21:25:25,380 [INFO] __main__: 爬虫系统已关闭
